FBXParser: FBX version 7400
End of content found, hex dump disabled.
FBX Creator: Blender (stable FBX IO) - 4.1.1 - 5.11.7
Detected Blender FBX export
GlobalSettings: UpAxis=2 (sign=1), FrontAxis=1 (sign=1), CoordAxis=0 (sign=-1)
** MODEL ORIGINAL Limbnode ComputeLocal logs below ***
T:
(1.0000, 0.0000, 0.0000, 0.0000)
(0.0000, 1.0000, 0.0000, 0.0000)
(0.0000, 0.0000, 1.0000, 0.0000)
(0.0000, 0.0000, 0.0000, 1.0000)
Roff:
(1.0000, 0.0000, 0.0000, 0.0000)
(0.0000, 1.0000, 0.0000, 0.0000)
(0.0000, 0.0000, 1.0000, 0.0000)
(0.0000, 0.0000, 0.0000, 1.0000)
Rp:
(1.0000, 0.0000, 0.0000, 0.0000)
(0.0000, 1.0000, 0.0000, 0.0000)
(0.0000, 0.0000, 1.0000, 0.0000)
(0.0000, 0.0000, 0.0000, 1.0000)
Pre:
(1.0000, 0.0000, 0.0000, 0.0000)
(0.0000, 1.0000, 0.0000, 0.0000)
(0.0000, 0.0000, 1.0000, 0.0000)
(0.0000, 0.0000, 0.0000, 1.0000)
R:
(-1.0000, -0.0000, 0.0000, 0.0000)
(0.0000, -1.0000, 0.0000, 0.0000)
(0.0000, 0.0000, 1.0000, 0.0000)
(0.0000, 0.0000, 0.0000, 1.0000)
PostInv:
(1.0000, 0.0000, 0.0000, 0.0000)
(0.0000, 1.0000, 0.0000, 0.0000)
(0.0000, 0.0000, 1.0000, 0.0000)
(0.0000, 0.0000, 0.0000, 1.0000)
invRp:
(1.0000, 0.0000, 0.0000, 0.0000)
(0.0000, 1.0000, 0.0000, 0.0000)
(0.0000, 0.0000, 1.0000, 0.0000)
(-0.0000, -0.0000, -0.0000, 1.0000)
Soff:
(1.0000, 0.0000, 0.0000, 0.0000)
(0.0000, 1.0000, 0.0000, 0.0000)
(0.0000, 0.0000, 1.0000, 0.0000)
(0.0000, 0.0000, 0.0000, 1.0000)
Sp:
(1.0000, 0.0000, 0.0000, 0.0000)
(0.0000, 1.0000, 0.0000, 0.0000)
(0.0000, 0.0000, 1.0000, 0.0000)
(0.0000, 0.0000, 0.0000, 1.0000)
S:
(1.0000, 0.0000, 0.0000, 0.0000)
(0.0000, 1.0000, 0.0000, 0.0000)
(0.0000, 0.0000, 1.0000, 0.0000)
(0.0000, 0.0000, 0.0000, 1.0000)
invSp:
(1.0000, 0.0000, 0.0000, 0.0000)
(0.0000, 1.0000, 0.0000, 0.0000)
(0.0000, 0.0000, 1.0000, 0.0000)
(-0.0000, -0.0000, -0.0000, 1.0000)
Final LocalRest:
(-1.0000, -0.0000, 0.0000, 0.0000)
(0.0000, -1.0000, 0.0000, 0.0000)
(0.0000, 0.0000, 1.0000, 0.0000)
(0.0000, 0.0000, 0.0000, 1.0000)
Parsed bone: ID=537006303, Index=0, Name=Armature, Type=Null, Translation=<0, 0, 0>, Rotation={X:0 Y:0 Z:1 W:-4.371139E-08}, Scaling=<1, 1, 1>
** MODEL ORIGINAL Limbnode ComputeLocal logs below ***
T:
(1.0000, 0.0000, 0.0000, 0.0000)
(0.0000, 1.0000, 0.0000, 0.0000)
(0.0000, 0.0000, 1.0000, 0.0000)
(0.0000, 0.0000, 0.0000, 1.0000)
Roff:
(1.0000, 0.0000, 0.0000, 0.0000)
(0.0000, 1.0000, 0.0000, 0.0000)
(0.0000, 0.0000, 1.0000, 0.0000)
(0.0000, 0.0000, 0.0000, 1.0000)
Rp:
(1.0000, 0.0000, 0.0000, 0.0000)
(0.0000, 1.0000, 0.0000, 0.0000)
(0.0000, 0.0000, 1.0000, 0.0000)
(0.0000, 0.0000, 0.0000, 1.0000)
Pre:
(1.0000, 0.0000, 0.0000, 0.0000)
(0.0000, 1.0000, 0.0000, 0.0000)
(0.0000, 0.0000, 1.0000, 0.0000)
(0.0000, 0.0000, 0.0000, 1.0000)
R:
(1.0000, 0.0000, 0.0000, 0.0000)
(0.0000, 1.0000, 0.0000, 0.0000)
(0.0000, 0.0000, 1.0000, 0.0000)
(0.0000, 0.0000, 0.0000, 1.0000)
PostInv:
(1.0000, 0.0000, 0.0000, 0.0000)
(0.0000, 1.0000, 0.0000, 0.0000)
(0.0000, 0.0000, 1.0000, 0.0000)
(0.0000, 0.0000, 0.0000, 1.0000)
invRp:
(1.0000, 0.0000, 0.0000, 0.0000)
(0.0000, 1.0000, 0.0000, 0.0000)
(0.0000, 0.0000, 1.0000, 0.0000)
(-0.0000, -0.0000, -0.0000, 1.0000)
Soff:
(1.0000, 0.0000, 0.0000, 0.0000)
(0.0000, 1.0000, 0.0000, 0.0000)
(0.0000, 0.0000, 1.0000, 0.0000)
(0.0000, 0.0000, 0.0000, 1.0000)
Sp:
(1.0000, 0.0000, 0.0000, 0.0000)
(0.0000, 1.0000, 0.0000, 0.0000)
(0.0000, 0.0000, 1.0000, 0.0000)
(0.0000, 0.0000, 0.0000, 1.0000)
S:
(1.0000, 0.0000, 0.0000, 0.0000)
(0.0000, 1.0000, 0.0000, 0.0000)
(0.0000, 0.0000, 1.0000, 0.0000)
(0.0000, 0.0000, 0.0000, 1.0000)
invSp:
(1.0000, 0.0000, 0.0000, 0.0000)
(0.0000, 1.0000, 0.0000, 0.0000)
(0.0000, 0.0000, 1.0000, 0.0000)
(-0.0000, -0.0000, -0.0000, 1.0000)
Final LocalRest:
(1.0000, 0.0000, 0.0000, 0.0000)
(0.0000, 1.0000, 0.0000, 0.0000)
(0.0000, 0.0000, 1.0000, 0.0000)
(0.0000, 0.0000, 0.0000, 1.0000)
Parsed bone: ID=488195063, Index=1, Name=root, Type=LimbNode, Translation=<0, 0, 0>, Rotation={X:0 Y:0 Z:0 W:1}, Scaling=<1, 1, 1>
** MODEL ORIGINAL Limbnode ComputeLocal logs below ***
T:
(1.0000, 0.0000, 0.0000, 0.0000)
(0.0000, 1.0000, 0.0000, 0.0000)
(0.0000, 0.0000, 1.0000, 0.0000)
(0.0000, 1.0562, 96.7506, 1.0000)
Roff:
(1.0000, 0.0000, 0.0000, 0.0000)
(0.0000, 1.0000, 0.0000, 0.0000)
(0.0000, 0.0000, 1.0000, 0.0000)
(0.0000, 0.0000, 0.0000, 1.0000)
Rp:
(1.0000, 0.0000, 0.0000, 0.0000)
(0.0000, 1.0000, 0.0000, 0.0000)
(0.0000, 0.0000, 1.0000, 0.0000)
(0.0000, 0.0000, 0.0000, 1.0000)
Pre:
(1.0000, 0.0000, 0.0000, 0.0000)
(0.0000, 1.0000, 0.0000, 0.0000)
(0.0000, 0.0000, 1.0000, 0.0000)
(0.0000, 0.0000, 0.0000, 1.0000)
R:
(-0.0000, -0.0036, 1.0000, 0.0000)
(-0.0000, 1.0000, 0.0036, 0.0000)
(-1.0000, -0.0000, -0.0000, 0.0000)
(0.0000, 0.0000, 0.0000, 1.0000)
PostInv:
(1.0000, 0.0000, 0.0000, 0.0000)
(0.0000, 1.0000, 0.0000, 0.0000)
(0.0000, 0.0000, 1.0000, 0.0000)
(0.0000, 0.0000, 0.0000, 1.0000)
invRp:
(1.0000, 0.0000, 0.0000, 0.0000)
(0.0000, 1.0000, 0.0000, 0.0000)
(0.0000, 0.0000, 1.0000, 0.0000)
(-0.0000, -0.0000, -0.0000, 1.0000)
Soff:
(1.0000, 0.0000, 0.0000, 0.0000)
(0.0000, 1.0000, 0.0000, 0.0000)
(0.0000, 0.0000, 1.0000, 0.0000)
(0.0000, 0.0000, 0.0000, 1.0000)
Sp:
(1.0000, 0.0000, 0.0000, 0.0000)
(0.0000, 1.0000, 0.0000, 0.0000)
(0.0000, 0.0000, 1.0000, 0.0000)
(0.0000, 0.0000, 0.0000, 1.0000)
S:
(1.0000, 0.0000, 0.0000, 0.0000)
(0.0000, 1.0000, 0.0000, 0.0000)
(0.0000, 0.0000, 1.0000, 0.0000)
(0.0000, 0.0000, 0.0000, 1.0000)
invSp:
(1.0000, 0.0000, 0.0000, 0.0000)
(0.0000, 1.0000, 0.0000, 0.0000)
(0.0000, 0.0000, 1.0000, 0.0000)
(-0.0000, -0.0000, -0.0000, 1.0000)
Final LocalRest:
(-0.0000, -0.0036, 1.0000, 0.0000)
(-0.0000, 1.0000, 0.0036, 0.0000)
(-1.0000, -0.0000, -0.0000, 0.0000)
(-96.7506, 1.0561, 0.0038, 1.0000)
Parsed bone: ID=141716104, Index=2, Name=pelvis, Type=LimbNode, Translation=<5.615266E-13, 1.0561523, 96.7506>, Rotation={X:0.0012851062 Y:-0.70710576 Z:-0.0012850764 W:0.7071056}, Scaling=<1, 1.0000001, 1>
** MODEL ORIGINAL Limbnode ComputeLocal logs below ***
T:
(1.0000, 0.0000, 0.0000, 0.0000)
(0.0000, 1.0000, 0.0000, 0.0000)
(0.0000, 0.0000, 1.0000, 0.0000)
(10.8089, -0.8514, -0.0000, 1.0000)
Roff:
(1.0000, 0.0000, 0.0000, 0.0000)
(0.0000, 1.0000, 0.0000, 0.0000)
(0.0000, 0.0000, 1.0000, 0.0000)
(0.0000, 0.0000, 0.0000, 1.0000)
Rp:
(1.0000, 0.0000, 0.0000, 0.0000)
(0.0000, 1.0000, 0.0000, 0.0000)
(0.0000, 0.0000, 1.0000, 0.0000)
(0.0000, 0.0000, 0.0000, 1.0000)
Pre:
(1.0000, 0.0000, 0.0000, 0.0000)
(0.0000, 1.0000, 0.0000, 0.0000)
(0.0000, 0.0000, 1.0000, 0.0000)
(0.0000, 0.0000, 0.0000, 1.0000)
R:
(0.9922, -0.1245, 0.0000, 0.0000)
(0.1245, 0.9922, -0.0000, 0.0000)
(0.0000, 0.0000, 1.0000, 0.0000)
(0.0000, 0.0000, 0.0000, 1.0000)
PostInv:
(1.0000, 0.0000, 0.0000, 0.0000)
(0.0000, 1.0000, 0.0000, 0.0000)
(0.0000, 0.0000, 1.0000, 0.0000)
(0.0000, 0.0000, 0.0000, 1.0000)
invRp:
(1.0000, 0.0000, 0.0000, 0.0000)
(0.0000, 1.0000, 0.0000, 0.0000)
(0.0000, 0.0000, 1.0000, 0.0000)
(-0.0000, -0.0000, -0.0000, 1.0000)
Soff:
(1.0000, 0.0000, 0.0000, 0.0000)
(0.0000, 1.0000, 0.0000, 0.0000)
(0.0000, 0.0000, 1.0000, 0.0000)
(0.0000, 0.0000, 0.0000, 1.0000)
Sp:
(1.0000, 0.0000, 0.0000, 0.0000)
(0.0000, 1.0000, 0.0000, 0.0000)
(0.0000, 0.0000, 1.0000, 0.0000)
(0.0000, 0.0000, 0.0000, 1.0000)
S:
(1.0000, 0.0000, 0.0000, 0.0000)
(0.0000, 1.0000, 0.0000, 0.0000)
(0.0000, 0.0000, 1.0000, 0.0000)
(0.0000, 0.0000, 0.0000, 1.0000)
invSp:
(1.0000, 0.0000, 0.0000, 0.0000)
(0.0000, 1.0000, 0.0000, 0.0000)
(0.0000, 0.0000, 1.0000, 0.0000)
(-0.0000, -0.0000, -0.0000, 1.0000)
Final LocalRest:
(0.9922, -0.1245, 0.0000, 0.0000)
(0.1245, 0.9922, -0.0000, 0.0000)
(0.0000, 0.0000, 1.0000, 0.0000)
(10.6187, -2.1909, -0.0000, 1.0000)
Parsed bone: ID=140204384, Index=3, Name=spine_01, Type=LimbNode, Translation=<10.808877, -0.8514167, -1.7590472E-06>, Rotation={X:-1.013903E-08 Y:1.08317195E-10 Z:-0.062388707 W:0.99805194}, Scaling=<1, 1, 1>
** MODEL ORIGINAL Limbnode ComputeLocal logs below ***
T:
(1.0000, 0.0000, 0.0000, 0.0000)
(0.0000, 1.0000, 0.0000, 0.0000)
(0.0000, 0.0000, 1.0000, 0.0000)
(18.8754, 3.8012, -0.0000, 1.0000)
Roff:
(1.0000, 0.0000, 0.0000, 0.0000)
(0.0000, 1.0000, 0.0000, 0.0000)
(0.0000, 0.0000, 1.0000, 0.0000)
(0.0000, 0.0000, 0.0000, 1.0000)
Rp:
(1.0000, 0.0000, 0.0000, 0.0000)
(0.0000, 1.0000, 0.0000, 0.0000)
(0.0000, 0.0000, 1.0000, 0.0000)
(0.0000, 0.0000, 0.0000, 1.0000)
Pre:
(1.0000, 0.0000, 0.0000, 0.0000)
(0.0000, 1.0000, 0.0000, 0.0000)
(0.0000, 0.0000, 1.0000, 0.0000)
(0.0000, 0.0000, 0.0000, 1.0000)
R:
(0.9700, 0.2430, 0.0000, 0.0000)
(-0.2430, 0.9700, 0.0000, 0.0000)
(0.0000, -0.0000, 1.0000, 0.0000)
(0.0000, 0.0000, 0.0000, 1.0000)
PostInv:
(1.0000, 0.0000, 0.0000, 0.0000)
(0.0000, 1.0000, 0.0000, 0.0000)
(0.0000, 0.0000, 1.0000, 0.0000)
(0.0000, 0.0000, 0.0000, 1.0000)
invRp:
(1.0000, 0.0000, 0.0000, 0.0000)
(0.0000, 1.0000, 0.0000, 0.0000)
(0.0000, 0.0000, 1.0000, 0.0000)
(-0.0000, -0.0000, -0.0000, 1.0000)
Soff:
(1.0000, 0.0000, 0.0000, 0.0000)
(0.0000, 1.0000, 0.0000, 0.0000)
(0.0000, 0.0000, 1.0000, 0.0000)
(0.0000, 0.0000, 0.0000, 1.0000)
Sp:
(1.0000, 0.0000, 0.0000, 0.0000)
(0.0000, 1.0000, 0.0000, 0.0000)
(0.0000, 0.0000, 1.0000, 0.0000)
(0.0000, 0.0000, 0.0000, 1.0000)
S:
(1.0000, 0.0000, 0.0000, 0.0000)
(0.0000, 1.0000, 0.0000, 0.0000)
(0.0000, 0.0000, 1.0000, 0.0000)
(0.0000, 0.0000, 0.0000, 1.0000)
invSp:
(1.0000, 0.0000, 0.0000, 0.0000)
(0.0000, 1.0000, 0.0000, 0.0000)
(0.0000, 0.0000, 1.0000, 0.0000)
(-0.0000, -0.0000, -0.0000, 1.0000)
Final LocalRest:
(0.9700, 0.2430, 0.0000, 0.0000)
(-0.2430, 0.9700, 0.0000, 0.0000)
(0.0000, -0.0000, 1.0000, 0.0000)
(17.3859, 8.2739, -0.0000, 1.0000)
Parsed bone: ID=166690600, Index=4, Name=spine_02, Type=LimbNode, Translation=<18.87535, 3.8011634, -3.0077656E-06>, Rotation={X:1.9944604E-08 Y:-4.4010715E-10 Z:0.12241954 W:0.99247843}, Scaling=<0.9999997, 0.9999998, 1>
** MODEL ORIGINAL Limbnode ComputeLocal logs below ***
T:
(1.0000, 0.0000, 0.0000, 0.0000)
(0.0000, 1.0000, 0.0000, 0.0000)
(0.0000, 0.0000, 1.0000, 0.0000)
(13.4073, 0.4205, -0.0000, 1.0000)
Roff:
(1.0000, 0.0000, 0.0000, 0.0000)
(0.0000, 1.0000, 0.0000, 0.0000)
(0.0000, 0.0000, 1.0000, 0.0000)
(0.0000, 0.0000, 0.0000, 1.0000)
Rp:
(1.0000, 0.0000, 0.0000, 0.0000)
(0.0000, 1.0000, 0.0000, 0.0000)
(0.0000, 0.0000, 1.0000, 0.0000)
(0.0000, 0.0000, 0.0000, 1.0000)
Pre:
(1.0000, 0.0000, 0.0000, 0.0000)
(0.0000, 1.0000, 0.0000, 0.0000)
(0.0000, 0.0000, 1.0000, 0.0000)
(0.0000, 0.0000, 0.0000, 1.0000)
R:
(0.9988, 0.0485, -0.0000, 0.0000)
(-0.0485, 0.9988, 0.0000, 0.0000)
(0.0000, -0.0000, 1.0000, 0.0000)
(0.0000, 0.0000, 0.0000, 1.0000)
PostInv:
(1.0000, 0.0000, 0.0000, 0.0000)
(0.0000, 1.0000, 0.0000, 0.0000)
(0.0000, 0.0000, 1.0000, 0.0000)
(0.0000, 0.0000, 0.0000, 1.0000)
invRp:
(1.0000, 0.0000, 0.0000, 0.0000)
(0.0000, 1.0000, 0.0000, 0.0000)
(0.0000, 0.0000, 1.0000, 0.0000)
(-0.0000, -0.0000, -0.0000, 1.0000)
Soff:
(1.0000, 0.0000, 0.0000, 0.0000)
(0.0000, 1.0000, 0.0000, 0.0000)
(0.0000, 0.0000, 1.0000, 0.0000)
(0.0000, 0.0000, 0.0000, 1.0000)
Sp:
(1.0000, 0.0000, 0.0000, 0.0000)
(0.0000, 1.0000, 0.0000, 0.0000)
(0.0000, 0.0000, 1.0000, 0.0000)
(0.0000, 0.0000, 0.0000, 1.0000)
S:
(1.0000, 0.0000, 0.0000, 0.0000)
(0.0000, 1.0000, 0.0000, 0.0000)
(0.0000, 0.0000, 1.0000, 0.0000)
(0.0000, 0.0000, 0.0000, 1.0000)
invSp:
(1.0000, 0.0000, 0.0000, 0.0000)
(0.0000, 1.0000, 0.0000, 0.0000)
(0.0000, 0.0000, 1.0000, 0.0000)
(-0.0000, -0.0000, -0.0000, 1.0000)
Final LocalRest:
(0.9988, 0.0485, -0.0000, 0.0000)
(-0.0485, 0.9988, 0.0000, 0.0000)
(0.0000, -0.0000, 1.0000, 0.0000)
(13.3711, 1.0701, -0.0000, 1.0000)
Parsed bone: ID=828912444, Index=5, Name=spine_03, Type=LimbNode, Translation=<13.407294, 0.42047358, -2.1906967E-06>, Rotation={X:3.924479E-09 Y:1.5785867E-09 Z:0.02425281 W:0.9997059}, Scaling=<0.9999999, 0.99999994, 1>
** MODEL ORIGINAL Limbnode ComputeLocal logs below ***
T:
(1.0000, 0.0000, 0.0000, 0.0000)
(0.0000, 1.0000, 0.0000, 0.0000)
(0.0000, 0.0000, 1.0000, 0.0000)
(11.8836, -2.7321, -3.7820, 1.0000)
Roff:
(1.0000, 0.0000, 0.0000, 0.0000)
(0.0000, 1.0000, 0.0000, 0.0000)
(0.0000, 0.0000, 1.0000, 0.0000)
(0.0000, 0.0000, 0.0000, 1.0000)
Rp:
(1.0000, 0.0000, 0.0000, 0.0000)
(0.0000, 1.0000, 0.0000, 0.0000)
(0.0000, 0.0000, 1.0000, 0.0000)
(0.0000, 0.0000, 0.0000, 1.0000)
Pre:
(1.0000, 0.0000, 0.0000, 0.0000)
(0.0000, 1.0000, 0.0000, 0.0000)
(0.0000, 0.0000, 1.0000, 0.0000)
(0.0000, 0.0000, 0.0000, 1.0000)
R:
(-0.0944, 0.4622, -0.8817, 0.0000)
(0.1474, 0.8824, 0.4468, 0.0000)
(0.9846, -0.0878, -0.1514, 0.0000)
(0.0000, 0.0000, 0.0000, 1.0000)
PostInv:
(1.0000, 0.0000, 0.0000, 0.0000)
(0.0000, 1.0000, 0.0000, 0.0000)
(0.0000, 0.0000, 1.0000, 0.0000)
(0.0000, 0.0000, 0.0000, 1.0000)
invRp:
(1.0000, 0.0000, 0.0000, 0.0000)
(0.0000, 1.0000, 0.0000, 0.0000)
(0.0000, 0.0000, 1.0000, 0.0000)
(-0.0000, -0.0000, -0.0000, 1.0000)
Soff:
(1.0000, 0.0000, 0.0000, 0.0000)
(0.0000, 1.0000, 0.0000, 0.0000)
(0.0000, 0.0000, 1.0000, 0.0000)
(0.0000, 0.0000, 0.0000, 1.0000)
Sp:
(1.0000, 0.0000, 0.0000, 0.0000)
(0.0000, 1.0000, 0.0000, 0.0000)
(0.0000, 0.0000, 1.0000, 0.0000)
(0.0000, 0.0000, 0.0000, 1.0000)
S:
(1.0000, 0.0000, 0.0000, 0.0000)
(0.0000, 1.0000, 0.0000, 0.0000)
(0.0000, 0.0000, 1.0000, 0.0000)
(0.0000, 0.0000, 0.0000, 1.0000)
invSp:
(1.0000, 0.0000, 0.0000, 0.0000)
(0.0000, 1.0000, 0.0000, 0.0000)
(0.0000, 0.0000, 1.0000, 0.0000)
(-0.0000, -0.0000, -0.0000, 1.0000)
Final LocalRest:
(-0.0944, 0.4622, -0.8817, 0.0000)
(0.1474, 0.8824, 0.4468, 0.0000)
(0.9846, -0.0878, -0.1514, 0.0000)
(-5.2478, 3.4136, -11.1264, 1.0000)
Parsed bone: ID=476166791, Index=6, Name=clavicle_l, Type=LimbNode, Translation=<11.883642, -2.7320933, -3.781985>, Rotation={X:0.20891817 Y:0.72941685 Z:0.12304392 W:0.6396597}, Scaling=<1, 1, 1>
** MODEL ORIGINAL Limbnode ComputeLocal logs below ***
T:
(1.0000, 0.0000, 0.0000, 0.0000)
(0.0000, 1.0000, 0.0000, 0.0000)
(0.0000, 0.0000, 1.0000, 0.0000)
(15.7849, -0.0000, 0.0000, 1.0000)
Roff:
(1.0000, 0.0000, 0.0000, 0.0000)
(0.0000, 1.0000, 0.0000, 0.0000)
(0.0000, 0.0000, 1.0000, 0.0000)
(0.0000, 0.0000, 0.0000, 1.0000)
Rp:
(1.0000, 0.0000, 0.0000, 0.0000)
(0.0000, 1.0000, 0.0000, 0.0000)
(0.0000, 0.0000, 1.0000, 0.0000)
(0.0000, 0.0000, 0.0000, 1.0000)
Pre:
(1.0000, 0.0000, 0.0000, 0.0000)
(0.0000, 1.0000, 0.0000, 0.0000)
(0.0000, 0.0000, 1.0000, 0.0000)
(0.0000, 0.0000, 0.0000, 1.0000)
R:
(0.9272, -0.3744, -0.0116, 0.0000)
(0.3745, 0.9260, 0.0489, 0.0000)
(-0.0075, -0.0497, 0.9987, 0.0000)
(0.0000, 0.0000, 0.0000, 1.0000)
PostInv:
(1.0000, 0.0000, 0.0000, 0.0000)
(0.0000, 1.0000, 0.0000, 0.0000)
(0.0000, 0.0000, 1.0000, 0.0000)
(0.0000, 0.0000, 0.0000, 1.0000)
invRp:
(1.0000, 0.0000, 0.0000, 0.0000)
(0.0000, 1.0000, 0.0000, 0.0000)
(0.0000, 0.0000, 1.0000, 0.0000)
(-0.0000, -0.0000, -0.0000, 1.0000)
Soff:
(1.0000, 0.0000, 0.0000, 0.0000)
(0.0000, 1.0000, 0.0000, 0.0000)
(0.0000, 0.0000, 1.0000, 0.0000)
(0.0000, 0.0000, 0.0000, 1.0000)
Sp:
(1.0000, 0.0000, 0.0000, 0.0000)
(0.0000, 1.0000, 0.0000, 0.0000)
(0.0000, 0.0000, 1.0000, 0.0000)
(0.0000, 0.0000, 0.0000, 1.0000)
S:
(1.0000, 0.0000, 0.0000, 0.0000)
(0.0000, 1.0000, 0.0000, 0.0000)
(0.0000, 0.0000, 1.0000, 0.0000)
(0.0000, 0.0000, 0.0000, 1.0000)
invSp:
(1.0000, 0.0000, 0.0000, 0.0000)
(0.0000, 1.0000, 0.0000, 0.0000)
(0.0000, 0.0000, 1.0000, 0.0000)
(-0.0000, -0.0000, -0.0000, 1.0000)
Final LocalRest:
(0.9272, -0.3744, -0.0116, 0.0000)
(0.3745, 0.9260, 0.0489, 0.0000)
(-0.0075, -0.0497, 0.9987, 0.0000)
(14.6359, -5.9091, -0.1836, 1.0000)
Parsed bone: ID=53276450, Index=7, Name=upperarm_l, Type=LimbNode, Translation=<15.784864, -2.4077954E-06, 2.5093555E-05>, Rotation={X:0.025123091 Y:0.0010436274 Z:-0.19076811 W:0.98131305}, Scaling=<0.9999999, 0.9999998, 1.0000001>
** MODEL ORIGINAL Limbnode ComputeLocal logs below ***
T:
(1.0000, 0.0000, 0.0000, 0.0000)
(0.0000, 1.0000, 0.0000, 0.0000)
(0.0000, 0.0000, 1.0000, 0.0000)
(30.3399, -0.0000, -0.0000, 1.0000)
Roff:
(1.0000, 0.0000, 0.0000, 0.0000)
(0.0000, 1.0000, 0.0000, 0.0000)
(0.0000, 0.0000, 1.0000, 0.0000)
(0.0000, 0.0000, 0.0000, 1.0000)
Rp:
(1.0000, 0.0000, 0.0000, 0.0000)
(0.0000, 1.0000, 0.0000, 0.0000)
(0.0000, 0.0000, 1.0000, 0.0000)
(0.0000, 0.0000, 0.0000, 1.0000)
Pre:
(1.0000, 0.0000, 0.0000, 0.0000)
(0.0000, 1.0000, 0.0000, 0.0000)
(0.0000, 0.0000, 1.0000, 0.0000)
(0.0000, 0.0000, 0.0000, 1.0000)
R:
(0.9637, -0.1707, 0.2051, 0.0000)
(0.1968, 0.9737, -0.1144, 0.0000)
(-0.1802, 0.1506, 0.9720, 0.0000)
(0.0000, 0.0000, 0.0000, 1.0000)
PostInv:
(1.0000, 0.0000, 0.0000, 0.0000)
(0.0000, 1.0000, 0.0000, 0.0000)
(0.0000, 0.0000, 1.0000, 0.0000)
(0.0000, 0.0000, 0.0000, 1.0000)
invRp:
(1.0000, 0.0000, 0.0000, 0.0000)
(0.0000, 1.0000, 0.0000, 0.0000)
(0.0000, 0.0000, 1.0000, 0.0000)
(-0.0000, -0.0000, -0.0000, 1.0000)
Soff:
(1.0000, 0.0000, 0.0000, 0.0000)
(0.0000, 1.0000, 0.0000, 0.0000)
(0.0000, 0.0000, 1.0000, 0.0000)
(0.0000, 0.0000, 0.0000, 1.0000)
Sp:
(1.0000, 0.0000, 0.0000, 0.0000)
(0.0000, 1.0000, 0.0000, 0.0000)
(0.0000, 0.0000, 1.0000, 0.0000)
(0.0000, 0.0000, 0.0000, 1.0000)
S:
(1.0000, 0.0000, 0.0000, 0.0000)
(0.0000, 1.0000, 0.0000, 0.0000)
(0.0000, 0.0000, 1.0000, 0.0000)
(0.0000, 0.0000, 0.0000, 1.0000)
invSp:
(1.0000, 0.0000, 0.0000, 0.0000)
(0.0000, 1.0000, 0.0000, 0.0000)
(0.0000, 0.0000, 1.0000, 0.0000)
(-0.0000, -0.0000, -0.0000, 1.0000)
Final LocalRest:
(0.9637, -0.1707, 0.2051, 0.0000)
(0.1968, 0.9737, -0.1144, 0.0000)
(-0.1802, 0.1506, 0.9720, 0.0000)
(29.2394, -5.1796, 6.2241, 1.0000)
Parsed bone: ID=481327123, Index=8, Name=lowerarm_l, Type=LimbNode, Translation=<30.339935, -1.4305115E-06, -2.1338463E-05>, Rotation={X:-0.06701511 Y:-0.0974533 Z:-0.09294755 W:0.9886216}, Scaling=<1, 0.99999976, 0.9999996>
** MODEL ORIGINAL Limbnode ComputeLocal logs below ***
T:
(1.0000, 0.0000, 0.0000, 0.0000)
(0.0000, 1.0000, 0.0000, 0.0000)
(0.0000, 0.0000, 1.0000, 0.0000)
(26.9751, 0.0000, 0.0000, 1.0000)
Roff:
(1.0000, 0.0000, 0.0000, 0.0000)
(0.0000, 1.0000, 0.0000, 0.0000)
(0.0000, 0.0000, 1.0000, 0.0000)
(0.0000, 0.0000, 0.0000, 1.0000)
Rp:
(1.0000, 0.0000, 0.0000, 0.0000)
(0.0000, 1.0000, 0.0000, 0.0000)
(0.0000, 0.0000, 1.0000, 0.0000)
(0.0000, 0.0000, 0.0000, 1.0000)
Pre:
(1.0000, 0.0000, 0.0000, 0.0000)
(0.0000, 1.0000, 0.0000, 0.0000)
(0.0000, 0.0000, 1.0000, 0.0000)
(0.0000, 0.0000, 0.0000, 1.0000)
R:
(0.9990, -0.0072, -0.0436, 0.0000)
(-0.0407, 0.2362, -0.9709, 0.0000)
(0.0173, 0.9717, 0.2357, 0.0000)
(0.0000, 0.0000, 0.0000, 1.0000)
PostInv:
(1.0000, 0.0000, 0.0000, 0.0000)
(0.0000, 1.0000, 0.0000, 0.0000)
(0.0000, 0.0000, 1.0000, 0.0000)
(0.0000, 0.0000, 0.0000, 1.0000)
invRp:
(1.0000, 0.0000, 0.0000, 0.0000)
(0.0000, 1.0000, 0.0000, 0.0000)
(0.0000, 0.0000, 1.0000, 0.0000)
(-0.0000, -0.0000, -0.0000, 1.0000)
Soff:
(1.0000, 0.0000, 0.0000, 0.0000)
(0.0000, 1.0000, 0.0000, 0.0000)
(0.0000, 0.0000, 1.0000, 0.0000)
(0.0000, 0.0000, 0.0000, 1.0000)
Sp:
(1.0000, 0.0000, 0.0000, 0.0000)
(0.0000, 1.0000, 0.0000, 0.0000)
(0.0000, 0.0000, 1.0000, 0.0000)
(0.0000, 0.0000, 0.0000, 1.0000)
S:
(1.0000, 0.0000, 0.0000, 0.0000)
(0.0000, 1.0000, 0.0000, 0.0000)
(0.0000, 0.0000, 1.0000, 0.0000)
(0.0000, 0.0000, 0.0000, 1.0000)
invSp:
(1.0000, 0.0000, 0.0000, 0.0000)
(0.0000, 1.0000, 0.0000, 0.0000)
(0.0000, 0.0000, 1.0000, 0.0000)
(-0.0000, -0.0000, -0.0000, 1.0000)
Final LocalRest:
(0.9990, -0.0072, -0.0436, 0.0000)
(-0.0407, 0.2362, -0.9709, 0.0000)
(0.0173, 0.9717, 0.2357, 0.0000)
(26.9488, -0.1940, -1.1766, 1.0000)
Parsed bone: ID=13453017, Index=9, Name=hand_l, Type=LimbNode, Translation=<26.975145, 1.0967255E-05, 1.3709068E-05>, Rotation={X:-0.61789525 Y:0.019371945 Z:0.010653182 W:0.7859495}, Scaling=<1.0000005, 1.0000002, 1.0000002>
** MODEL ORIGINAL Limbnode ComputeLocal logs below ***
T:
(1.0000, 0.0000, 0.0000, 0.0000)
(0.0000, 1.0000, 0.0000, 0.0000)
(0.0000, 0.0000, 1.0000, 0.0000)
(12.0681, 1.7635, -2.1094, 1.0000)
Roff:
(1.0000, 0.0000, 0.0000, 0.0000)
(0.0000, 1.0000, 0.0000, 0.0000)
(0.0000, 0.0000, 1.0000, 0.0000)
(0.0000, 0.0000, 0.0000, 1.0000)
Rp:
(1.0000, 0.0000, 0.0000, 0.0000)
(0.0000, 1.0000, 0.0000, 0.0000)
(0.0000, 0.0000, 1.0000, 0.0000)
(0.0000, 0.0000, 0.0000, 1.0000)
Pre:
(1.0000, 0.0000, 0.0000, 0.0000)
(0.0000, 1.0000, 0.0000, 0.0000)
(0.0000, 0.0000, 1.0000, 0.0000)
(0.0000, 0.0000, 0.0000, 1.0000)
R:
(0.9004, 0.4302, 0.0656, 0.0000)
(-0.4319, 0.8648, 0.2560, 0.0000)
(0.0534, -0.2589, 0.9644, 0.0000)
(0.0000, 0.0000, 0.0000, 1.0000)
PostInv:
(1.0000, 0.0000, 0.0000, 0.0000)
(0.0000, 1.0000, 0.0000, 0.0000)
(0.0000, 0.0000, 1.0000, 0.0000)
(0.0000, 0.0000, 0.0000, 1.0000)
invRp:
(1.0000, 0.0000, 0.0000, 0.0000)
(0.0000, 1.0000, 0.0000, 0.0000)
(0.0000, 0.0000, 1.0000, 0.0000)
(-0.0000, -0.0000, -0.0000, 1.0000)
Soff:
(1.0000, 0.0000, 0.0000, 0.0000)
(0.0000, 1.0000, 0.0000, 0.0000)
(0.0000, 0.0000, 1.0000, 0.0000)
(0.0000, 0.0000, 0.0000, 1.0000)
Sp:
(1.0000, 0.0000, 0.0000, 0.0000)
(0.0000, 1.0000, 0.0000, 0.0000)
(0.0000, 0.0000, 1.0000, 0.0000)
(0.0000, 0.0000, 0.0000, 1.0000)
S:
(1.0000, 0.0000, 0.0000, 0.0000)
(0.0000, 1.0000, 0.0000, 0.0000)
(0.0000, 0.0000, 1.0000, 0.0000)
(0.0000, 0.0000, 0.0000, 1.0000)
invSp:
(1.0000, 0.0000, 0.0000, 0.0000)
(0.0000, 1.0000, 0.0000, 0.0000)
(0.0000, 0.0000, 1.0000, 0.0000)
(-0.0000, -0.0000, -0.0000, 1.0000)
Final LocalRest:
(0.9004, 0.4302, 0.0656, 0.0000)
(-0.4319, 0.8648, 0.2560, 0.0000)
(0.0534, -0.2589, 0.9644, 0.0000)
(9.9915, 7.2624, -0.7907, 1.0000)
Parsed bone: ID=972168077, Index=10, Name=index_01_l, Type=LimbNode, Translation=<12.068101, 1.7634739, -2.1093936>, Rotation={X:0.13330449 Y:-0.0031805884 Z:0.22318013 W:0.9656141}, Scaling=<0.99999994, 1, 1.0000002>
** MODEL ORIGINAL Limbnode ComputeLocal logs below ***
T:
(1.0000, 0.0000, 0.0000, 0.0000)
(0.0000, 1.0000, 0.0000, 0.0000)
(0.0000, 0.0000, 1.0000, 0.0000)
(4.2875, -0.0000, -0.0000, 1.0000)
Roff:
(1.0000, 0.0000, 0.0000, 0.0000)
(0.0000, 1.0000, 0.0000, 0.0000)
(0.0000, 0.0000, 1.0000, 0.0000)
(0.0000, 0.0000, 0.0000, 1.0000)
Rp:
(1.0000, 0.0000, 0.0000, 0.0000)
(0.0000, 1.0000, 0.0000, 0.0000)
(0.0000, 0.0000, 1.0000, 0.0000)
(0.0000, 0.0000, 0.0000, 1.0000)
Pre:
(1.0000, 0.0000, 0.0000, 0.0000)
(0.0000, 1.0000, 0.0000, 0.0000)
(0.0000, 0.0000, 1.0000, 0.0000)
(0.0000, 0.0000, 0.0000, 1.0000)
R:
(0.9782, 0.2077, 0.0083, 0.0000)
(-0.2078, 0.9779, 0.0233, 0.0000)
(-0.0033, -0.0246, 0.9997, 0.0000)
(0.0000, 0.0000, 0.0000, 1.0000)
PostInv:
(1.0000, 0.0000, 0.0000, 0.0000)
(0.0000, 1.0000, 0.0000, 0.0000)
(0.0000, 0.0000, 1.0000, 0.0000)
(0.0000, 0.0000, 0.0000, 1.0000)
invRp:
(1.0000, 0.0000, 0.0000, 0.0000)
(0.0000, 1.0000, 0.0000, 0.0000)
(0.0000, 0.0000, 1.0000, 0.0000)
(-0.0000, -0.0000, -0.0000, 1.0000)
Soff:
(1.0000, 0.0000, 0.0000, 0.0000)
(0.0000, 1.0000, 0.0000, 0.0000)
(0.0000, 0.0000, 1.0000, 0.0000)
(0.0000, 0.0000, 0.0000, 1.0000)
Sp:
(1.0000, 0.0000, 0.0000, 0.0000)
(0.0000, 1.0000, 0.0000, 0.0000)
(0.0000, 0.0000, 1.0000, 0.0000)
(0.0000, 0.0000, 0.0000, 1.0000)
S:
(1.0000, 0.0000, 0.0000, 0.0000)
(0.0000, 1.0000, 0.0000, 0.0000)
(0.0000, 0.0000, 1.0000, 0.0000)
(0.0000, 0.0000, 0.0000, 1.0000)
invSp:
(1.0000, 0.0000, 0.0000, 0.0000)
(0.0000, 1.0000, 0.0000, 0.0000)
(0.0000, 0.0000, 1.0000, 0.0000)
(-0.0000, -0.0000, -0.0000, 1.0000)
Final LocalRest:
(0.9782, 0.2077, 0.0083, 0.0000)
(-0.2078, 0.9779, 0.0233, 0.0000)
(-0.0033, -0.0246, 0.9997, 0.0000)
(4.1939, 0.8904, 0.0356, 1.0000)
Parsed bone: ID=393427788, Index=11, Name=index_02_l, Type=LimbNode, Translation=<4.2874975, -2.0503998E-05, -1.001358E-05>, Rotation={X:0.012043722 Y:-0.0029059027 Z:0.10444826 W:0.9944532}, Scaling=<0.9999996, 0.9999997, 0.9999995>
** MODEL ORIGINAL Limbnode ComputeLocal logs below ***
T:
(1.0000, 0.0000, 0.0000, 0.0000)
(0.0000, 1.0000, 0.0000, 0.0000)
(0.0000, 0.0000, 1.0000, 0.0000)
(3.3938, -0.0000, -0.0000, 1.0000)
Roff:
(1.0000, 0.0000, 0.0000, 0.0000)
(0.0000, 1.0000, 0.0000, 0.0000)
(0.0000, 0.0000, 1.0000, 0.0000)
(0.0000, 0.0000, 0.0000, 1.0000)
Rp:
(1.0000, 0.0000, 0.0000, 0.0000)
(0.0000, 1.0000, 0.0000, 0.0000)
(0.0000, 0.0000, 1.0000, 0.0000)
(0.0000, 0.0000, 0.0000, 1.0000)
Pre:
(1.0000, 0.0000, 0.0000, 0.0000)
(0.0000, 1.0000, 0.0000, 0.0000)
(0.0000, 0.0000, 1.0000, 0.0000)
(0.0000, 0.0000, 0.0000, 1.0000)
R:
(0.9861, -0.1650, -0.0174, 0.0000)
(0.1653, 0.9860, 0.0198, 0.0000)
(0.0139, -0.0224, 0.9997, 0.0000)
(0.0000, 0.0000, 0.0000, 1.0000)
PostInv:
(1.0000, 0.0000, 0.0000, 0.0000)
(0.0000, 1.0000, 0.0000, 0.0000)
(0.0000, 0.0000, 1.0000, 0.0000)
(0.0000, 0.0000, 0.0000, 1.0000)
invRp:
(1.0000, 0.0000, 0.0000, 0.0000)
(0.0000, 1.0000, 0.0000, 0.0000)
(0.0000, 0.0000, 1.0000, 0.0000)
(-0.0000, -0.0000, -0.0000, 1.0000)
Soff:
(1.0000, 0.0000, 0.0000, 0.0000)
(0.0000, 1.0000, 0.0000, 0.0000)
(0.0000, 0.0000, 1.0000, 0.0000)
(0.0000, 0.0000, 0.0000, 1.0000)
Sp:
(1.0000, 0.0000, 0.0000, 0.0000)
(0.0000, 1.0000, 0.0000, 0.0000)
(0.0000, 0.0000, 1.0000, 0.0000)
(0.0000, 0.0000, 0.0000, 1.0000)
S:
(1.0000, 0.0000, 0.0000, 0.0000)
(0.0000, 1.0000, 0.0000, 0.0000)
(0.0000, 0.0000, 1.0000, 0.0000)
(0.0000, 0.0000, 0.0000, 1.0000)
invSp:
(1.0000, 0.0000, 0.0000, 0.0000)
(0.0000, 1.0000, 0.0000, 0.0000)
(0.0000, 0.0000, 1.0000, 0.0000)
(-0.0000, -0.0000, -0.0000, 1.0000)
Final LocalRest:
(0.9861, -0.1650, -0.0174, 0.0000)
(0.1653, 0.9860, 0.0198, 0.0000)
(0.0139, -0.0224, 0.9997, 0.0000)
(3.3468, -0.5599, -0.0591, 1.0000)
Parsed bone: ID=397291381, Index=12, Name=index_03_l, Type=LimbNode, Translation=<3.3938103, -1.859665E-05, -9.536743E-06>, Rotation={X:0.010610995 Y:0.007851237 Z:-0.08285556 W:0.99647415}, Scaling=<0.99999964, 0.9999997, 0.99999976>
** MODEL ORIGINAL Limbnode ComputeLocal logs below ***
T:
(1.0000, 0.0000, 0.0000, 0.0000)
(0.0000, 1.0000, 0.0000, 0.0000)
(0.0000, 0.0000, 1.0000, 0.0000)
(12.2443, 1.2937, 0.5712, 1.0000)
Roff:
(1.0000, 0.0000, 0.0000, 0.0000)
(0.0000, 1.0000, 0.0000, 0.0000)
(0.0000, 0.0000, 1.0000, 0.0000)
(0.0000, 0.0000, 0.0000, 1.0000)
Rp:
(1.0000, 0.0000, 0.0000, 0.0000)
(0.0000, 1.0000, 0.0000, 0.0000)
(0.0000, 0.0000, 1.0000, 0.0000)
(0.0000, 0.0000, 0.0000, 1.0000)
Pre:
(1.0000, 0.0000, 0.0000, 0.0000)
(0.0000, 1.0000, 0.0000, 0.0000)
(0.0000, 0.0000, 1.0000, 0.0000)
(0.0000, 0.0000, 0.0000, 1.0000)
R:
(0.9147, 0.3850, 0.1226, 0.0000)
(-0.3915, 0.9196, 0.0332, 0.0000)
(-0.0999, -0.0784, 0.9919, 0.0000)
(0.0000, 0.0000, 0.0000, 1.0000)
PostInv:
(1.0000, 0.0000, 0.0000, 0.0000)
(0.0000, 1.0000, 0.0000, 0.0000)
(0.0000, 0.0000, 1.0000, 0.0000)
(0.0000, 0.0000, 0.0000, 1.0000)
invRp:
(1.0000, 0.0000, 0.0000, 0.0000)
(0.0000, 1.0000, 0.0000, 0.0000)
(0.0000, 0.0000, 1.0000, 0.0000)
(-0.0000, -0.0000, -0.0000, 1.0000)
Soff:
(1.0000, 0.0000, 0.0000, 0.0000)
(0.0000, 1.0000, 0.0000, 0.0000)
(0.0000, 0.0000, 1.0000, 0.0000)
(0.0000, 0.0000, 0.0000, 1.0000)
Sp:
(1.0000, 0.0000, 0.0000, 0.0000)
(0.0000, 1.0000, 0.0000, 0.0000)
(0.0000, 0.0000, 1.0000, 0.0000)
(0.0000, 0.0000, 0.0000, 1.0000)
S:
(1.0000, 0.0000, 0.0000, 0.0000)
(0.0000, 1.0000, 0.0000, 0.0000)
(0.0000, 0.0000, 1.0000, 0.0000)
(0.0000, 0.0000, 0.0000, 1.0000)
invSp:
(1.0000, 0.0000, 0.0000, 0.0000)
(0.0000, 1.0000, 0.0000, 0.0000)
(0.0000, 0.0000, 1.0000, 0.0000)
(-0.0000, -0.0000, -0.0000, 1.0000)
Final LocalRest:
(0.9147, 0.3850, 0.1226, 0.0000)
(-0.3915, 0.9196, 0.0332, 0.0000)
(-0.0999, -0.0784, 0.9919, 0.0000)
(10.6368, 5.8590, 2.1103, 1.0000)
Parsed bone: ID=357284866, Index=13, Name=middle_01_l, Type=LimbNode, Translation=<12.244271, 1.2936504, 0.57116604>, Rotation={X:0.028522111 Y:-0.05687439 Z:0.19848529 W:0.9780365}, Scaling=<0.99999976, 1.0000002, 1.0000001>
** MODEL ORIGINAL Limbnode ComputeLocal logs below ***
T:
(1.0000, 0.0000, 0.0000, 0.0000)
(0.0000, 1.0000, 0.0000, 0.0000)
(0.0000, 0.0000, 1.0000, 0.0000)
(4.6404, 0.0000, -0.0000, 1.0000)
Roff:
(1.0000, 0.0000, 0.0000, 0.0000)
(0.0000, 1.0000, 0.0000, 0.0000)
(0.0000, 0.0000, 1.0000, 0.0000)
(0.0000, 0.0000, 0.0000, 1.0000)
Rp:
(1.0000, 0.0000, 0.0000, 0.0000)
(0.0000, 1.0000, 0.0000, 0.0000)
(0.0000, 0.0000, 1.0000, 0.0000)
(0.0000, 0.0000, 0.0000, 1.0000)
Pre:
(1.0000, 0.0000, 0.0000, 0.0000)
(0.0000, 1.0000, 0.0000, 0.0000)
(0.0000, 0.0000, 1.0000, 0.0000)
(0.0000, 0.0000, 0.0000, 1.0000)
R:
(0.9769, 0.2127, -0.0198, 0.0000)
(-0.2133, 0.9764, -0.0353, 0.0000)
(0.0119, 0.0387, 0.9992, 0.0000)
(0.0000, 0.0000, 0.0000, 1.0000)
PostInv:
(1.0000, 0.0000, 0.0000, 0.0000)
(0.0000, 1.0000, 0.0000, 0.0000)
(0.0000, 0.0000, 1.0000, 0.0000)
(0.0000, 0.0000, 0.0000, 1.0000)
invRp:
(1.0000, 0.0000, 0.0000, 0.0000)
(0.0000, 1.0000, 0.0000, 0.0000)
(0.0000, 0.0000, 1.0000, 0.0000)
(-0.0000, -0.0000, -0.0000, 1.0000)
Soff:
(1.0000, 0.0000, 0.0000, 0.0000)
(0.0000, 1.0000, 0.0000, 0.0000)
(0.0000, 0.0000, 1.0000, 0.0000)
(0.0000, 0.0000, 0.0000, 1.0000)
Sp:
(1.0000, 0.0000, 0.0000, 0.0000)
(0.0000, 1.0000, 0.0000, 0.0000)
(0.0000, 0.0000, 1.0000, 0.0000)
(0.0000, 0.0000, 0.0000, 1.0000)
S:
(1.0000, 0.0000, 0.0000, 0.0000)
(0.0000, 1.0000, 0.0000, 0.0000)
(0.0000, 0.0000, 1.0000, 0.0000)
(0.0000, 0.0000, 0.0000, 1.0000)
invSp:
(1.0000, 0.0000, 0.0000, 0.0000)
(0.0000, 1.0000, 0.0000, 0.0000)
(0.0000, 0.0000, 1.0000, 0.0000)
(-0.0000, -0.0000, -0.0000, 1.0000)
Final LocalRest:
(0.9769, 0.2127, -0.0198, 0.0000)
(-0.2133, 0.9764, -0.0353, 0.0000)
(0.0119, 0.0387, 0.9992, 0.0000)
(4.5333, 0.9868, -0.0921, 1.0000)
Parsed bone: ID=366428379, Index=14, Name=middle_02_l, Type=LimbNode, Translation=<4.640371, 1.3232231E-05, -3.33786E-06>, Rotation={X:-0.018628757 Y:0.007972185 Z:0.107116796 W:0.99403995}, Scaling=<0.9999997, 0.9999999, 0.9999999>
** MODEL ORIGINAL Limbnode ComputeLocal logs below ***
T:
(1.0000, 0.0000, 0.0000, 0.0000)
(0.0000, 1.0000, 0.0000, 0.0000)
(0.0000, 0.0000, 1.0000, 0.0000)
(3.6488, -0.0000, -0.0000, 1.0000)
Roff:
(1.0000, 0.0000, 0.0000, 0.0000)
(0.0000, 1.0000, 0.0000, 0.0000)
(0.0000, 0.0000, 1.0000, 0.0000)
(0.0000, 0.0000, 0.0000, 1.0000)
Rp:
(1.0000, 0.0000, 0.0000, 0.0000)
(0.0000, 1.0000, 0.0000, 0.0000)
(0.0000, 0.0000, 1.0000, 0.0000)
(0.0000, 0.0000, 0.0000, 1.0000)
Pre:
(1.0000, 0.0000, 0.0000, 0.0000)
(0.0000, 1.0000, 0.0000, 0.0000)
(0.0000, 0.0000, 1.0000, 0.0000)
(0.0000, 0.0000, 0.0000, 1.0000)
R:
(0.9613, -0.2648, 0.0765, 0.0000)
(0.2645, 0.9643, 0.0136, 0.0000)
(-0.0774, 0.0072, 0.9970, 0.0000)
(0.0000, 0.0000, 0.0000, 1.0000)
PostInv:
(1.0000, 0.0000, 0.0000, 0.0000)
(0.0000, 1.0000, 0.0000, 0.0000)
(0.0000, 0.0000, 1.0000, 0.0000)
(0.0000, 0.0000, 0.0000, 1.0000)
invRp:
(1.0000, 0.0000, 0.0000, 0.0000)
(0.0000, 1.0000, 0.0000, 0.0000)
(0.0000, 0.0000, 1.0000, 0.0000)
(-0.0000, -0.0000, -0.0000, 1.0000)
Soff:
(1.0000, 0.0000, 0.0000, 0.0000)
(0.0000, 1.0000, 0.0000, 0.0000)
(0.0000, 0.0000, 1.0000, 0.0000)
(0.0000, 0.0000, 0.0000, 1.0000)
Sp:
(1.0000, 0.0000, 0.0000, 0.0000)
(0.0000, 1.0000, 0.0000, 0.0000)
(0.0000, 0.0000, 1.0000, 0.0000)
(0.0000, 0.0000, 0.0000, 1.0000)
S:
(1.0000, 0.0000, 0.0000, 0.0000)
(0.0000, 1.0000, 0.0000, 0.0000)
(0.0000, 0.0000, 1.0000, 0.0000)
(0.0000, 0.0000, 0.0000, 1.0000)
invSp:
(1.0000, 0.0000, 0.0000, 0.0000)
(0.0000, 1.0000, 0.0000, 0.0000)
(0.0000, 0.0000, 1.0000, 0.0000)
(-0.0000, -0.0000, -0.0000, 1.0000)
Final LocalRest:
(0.9613, -0.2648, 0.0765, 0.0000)
(0.2645, 0.9643, 0.0136, 0.0000)
(-0.0774, 0.0072, 0.9970, 0.0000)
(3.5075, -0.9661, 0.2793, 1.0000)
Parsed bone: ID=416171981, Index=15, Name=middle_03_l, Type=LimbNode, Translation=<3.648847, -2.104044E-05, -3.1292439E-06>, Rotation={X:0.0016213233 Y:-0.03886678 Z:-0.1336238 W:0.9902684}, Scaling=<1.0000001, 1, 1.0000002>
** MODEL ORIGINAL Limbnode ComputeLocal logs below ***
T:
(1.0000, 0.0000, 0.0000, 0.0000)
(0.0000, 1.0000, 0.0000, 0.0000)
(0.0000, 0.0000, 1.0000, 0.0000)
(10.1407, 2.2632, 4.6432, 1.0000)
Roff:
(1.0000, 0.0000, 0.0000, 0.0000)
(0.0000, 1.0000, 0.0000, 0.0000)
(0.0000, 0.0000, 1.0000, 0.0000)
(0.0000, 0.0000, 0.0000, 1.0000)
Rp:
(1.0000, 0.0000, 0.0000, 0.0000)
(0.0000, 1.0000, 0.0000, 0.0000)
(0.0000, 0.0000, 1.0000, 0.0000)
(0.0000, 0.0000, 0.0000, 1.0000)
Pre:
(1.0000, 0.0000, 0.0000, 0.0000)
(0.0000, 1.0000, 0.0000, 0.0000)
(0.0000, 0.0000, 1.0000, 0.0000)
(0.0000, 0.0000, 0.0000, 1.0000)
R:
(0.8878, 0.3264, 0.3245, 0.0000)
(-0.2290, 0.9248, -0.3037, 0.0000)
(-0.3992, 0.1953, 0.8958, 0.0000)
(0.0000, 0.0000, 0.0000, 1.0000)
PostInv:
(1.0000, 0.0000, 0.0000, 0.0000)
(0.0000, 1.0000, 0.0000, 0.0000)
(0.0000, 0.0000, 1.0000, 0.0000)
(0.0000, 0.0000, 0.0000, 1.0000)
invRp:
(1.0000, 0.0000, 0.0000, 0.0000)
(0.0000, 1.0000, 0.0000, 0.0000)
(0.0000, 0.0000, 1.0000, 0.0000)
(-0.0000, -0.0000, -0.0000, 1.0000)
Soff:
(1.0000, 0.0000, 0.0000, 0.0000)
(0.0000, 1.0000, 0.0000, 0.0000)
(0.0000, 0.0000, 1.0000, 0.0000)
(0.0000, 0.0000, 0.0000, 1.0000)
Sp:
(1.0000, 0.0000, 0.0000, 0.0000)
(0.0000, 1.0000, 0.0000, 0.0000)
(0.0000, 0.0000, 1.0000, 0.0000)
(0.0000, 0.0000, 0.0000, 1.0000)
S:
(1.0000, 0.0000, 0.0000, 0.0000)
(0.0000, 1.0000, 0.0000, 0.0000)
(0.0000, 0.0000, 1.0000, 0.0000)
(0.0000, 0.0000, 0.0000, 1.0000)
invSp:
(1.0000, 0.0000, 0.0000, 0.0000)
(0.0000, 1.0000, 0.0000, 0.0000)
(0.0000, 0.0000, 1.0000, 0.0000)
(-0.0000, -0.0000, -0.0000, 1.0000)
Final LocalRest:
(0.8878, 0.3264, 0.3245, 0.0000)
(-0.2290, 0.9248, -0.3037, 0.0000)
(-0.3992, 0.1953, 0.8958, 0.0000)
(6.6309, 6.3096, 6.7627, 1.0000)
Parsed bone: ID=61547799, Index=16, Name=pinky_01_l, Type=LimbNode, Translation=<10.14066, 2.263153, 4.643152>, Rotation={X:-0.12953778 Y:-0.1878972 Z:0.14421341 W:0.9628692}, Scaling=<0.9999996, 1.0000001, 0.99999994>
** MODEL ORIGINAL Limbnode ComputeLocal logs below ***
T:
(1.0000, 0.0000, 0.0000, 0.0000)
(0.0000, 1.0000, 0.0000, 0.0000)
(0.0000, 0.0000, 1.0000, 0.0000)
(3.5710, 0.0000, -0.0000, 1.0000)
Roff:
(1.0000, 0.0000, 0.0000, 0.0000)
(0.0000, 1.0000, 0.0000, 0.0000)
(0.0000, 0.0000, 1.0000, 0.0000)
(0.0000, 0.0000, 0.0000, 1.0000)
Rp:
(1.0000, 0.0000, 0.0000, 0.0000)
(0.0000, 1.0000, 0.0000, 0.0000)
(0.0000, 0.0000, 1.0000, 0.0000)
(0.0000, 0.0000, 0.0000, 1.0000)
Pre:
(1.0000, 0.0000, 0.0000, 0.0000)
(0.0000, 1.0000, 0.0000, 0.0000)
(0.0000, 0.0000, 1.0000, 0.0000)
(0.0000, 0.0000, 0.0000, 1.0000)
R:
(0.9807, 0.1943, 0.0230, 0.0000)
(-0.1948, 0.9807, 0.0186, 0.0000)
(-0.0189, -0.0227, 0.9996, 0.0000)
(0.0000, 0.0000, 0.0000, 1.0000)
PostInv:
(1.0000, 0.0000, 0.0000, 0.0000)
(0.0000, 1.0000, 0.0000, 0.0000)
(0.0000, 0.0000, 1.0000, 0.0000)
(0.0000, 0.0000, 0.0000, 1.0000)
invRp:
(1.0000, 0.0000, 0.0000, 0.0000)
(0.0000, 1.0000, 0.0000, 0.0000)
(0.0000, 0.0000, 1.0000, 0.0000)
(-0.0000, -0.0000, -0.0000, 1.0000)
Soff:
(1.0000, 0.0000, 0.0000, 0.0000)
(0.0000, 1.0000, 0.0000, 0.0000)
(0.0000, 0.0000, 1.0000, 0.0000)
(0.0000, 0.0000, 0.0000, 1.0000)
Sp:
(1.0000, 0.0000, 0.0000, 0.0000)
(0.0000, 1.0000, 0.0000, 0.0000)
(0.0000, 0.0000, 1.0000, 0.0000)
(0.0000, 0.0000, 0.0000, 1.0000)
S:
(1.0000, 0.0000, 0.0000, 0.0000)
(0.0000, 1.0000, 0.0000, 0.0000)
(0.0000, 0.0000, 1.0000, 0.0000)
(0.0000, 0.0000, 0.0000, 1.0000)
invSp:
(1.0000, 0.0000, 0.0000, 0.0000)
(0.0000, 1.0000, 0.0000, 0.0000)
(0.0000, 0.0000, 1.0000, 0.0000)
(-0.0000, -0.0000, -0.0000, 1.0000)
Final LocalRest:
(0.9807, 0.1943, 0.0230, 0.0000)
(-0.1948, 0.9807, 0.0186, 0.0000)
(-0.0189, -0.0227, 0.9996, 0.0000)
(3.5020, 0.6939, 0.0820, 1.0000)
Parsed bone: ID=942455273, Index=17, Name=pinky_02_l, Type=LimbNode, Translation=<3.5709882, 2.2649765E-05, -1.9073486E-06>, Rotation={X:0.010359807 Y:-0.010518747 Z:0.09774767 W:0.99510175}, Scaling=<0.9999999, 1.0000001, 1>
** MODEL ORIGINAL Limbnode ComputeLocal logs below ***
T:
(1.0000, 0.0000, 0.0000, 0.0000)
(0.0000, 1.0000, 0.0000, 0.0000)
(0.0000, 0.0000, 1.0000, 0.0000)
(2.9856, -0.0000, 0.0000, 1.0000)
Roff:
(1.0000, 0.0000, 0.0000, 0.0000)
(0.0000, 1.0000, 0.0000, 0.0000)
(0.0000, 0.0000, 1.0000, 0.0000)
(0.0000, 0.0000, 0.0000, 1.0000)
Rp:
(1.0000, 0.0000, 0.0000, 0.0000)
(0.0000, 1.0000, 0.0000, 0.0000)
(0.0000, 0.0000, 1.0000, 0.0000)
(0.0000, 0.0000, 0.0000, 1.0000)
Pre:
(1.0000, 0.0000, 0.0000, 0.0000)
(0.0000, 1.0000, 0.0000, 0.0000)
(0.0000, 0.0000, 1.0000, 0.0000)
(0.0000, 0.0000, 0.0000, 1.0000)
R:
(0.9976, 0.0181, -0.0675, 0.0000)
(-0.0176, 0.9998, 0.0078, 0.0000)
(0.0676, -0.0066, 0.9977, 0.0000)
(0.0000, 0.0000, 0.0000, 1.0000)
PostInv:
(1.0000, 0.0000, 0.0000, 0.0000)
(0.0000, 1.0000, 0.0000, 0.0000)
(0.0000, 0.0000, 1.0000, 0.0000)
(0.0000, 0.0000, 0.0000, 1.0000)
invRp:
(1.0000, 0.0000, 0.0000, 0.0000)
(0.0000, 1.0000, 0.0000, 0.0000)
(0.0000, 0.0000, 1.0000, 0.0000)
(-0.0000, -0.0000, -0.0000, 1.0000)
Soff:
(1.0000, 0.0000, 0.0000, 0.0000)
(0.0000, 1.0000, 0.0000, 0.0000)
(0.0000, 0.0000, 1.0000, 0.0000)
(0.0000, 0.0000, 0.0000, 1.0000)
Sp:
(1.0000, 0.0000, 0.0000, 0.0000)
(0.0000, 1.0000, 0.0000, 0.0000)
(0.0000, 0.0000, 1.0000, 0.0000)
(0.0000, 0.0000, 0.0000, 1.0000)
S:
(1.0000, 0.0000, 0.0000, 0.0000)
(0.0000, 1.0000, 0.0000, 0.0000)
(0.0000, 0.0000, 1.0000, 0.0000)
(0.0000, 0.0000, 0.0000, 1.0000)
invSp:
(1.0000, 0.0000, 0.0000, 0.0000)
(0.0000, 1.0000, 0.0000, 0.0000)
(0.0000, 0.0000, 1.0000, 0.0000)
(-0.0000, -0.0000, -0.0000, 1.0000)
Final LocalRest:
(0.9976, 0.0181, -0.0675, 0.0000)
(-0.0176, 0.9998, 0.0078, 0.0000)
(0.0676, -0.0066, 0.9977, 0.0000)
(2.9783, 0.0540, -0.2015, 1.0000)
Parsed bone: ID=849970132, Index=18, Name=pinky_03_l, Type=LimbNode, Translation=<2.9856105, -1.5735626E-05, 4.7683716E-06>, Rotation={X:0.003580906 Y:0.03379596 Z:0.008930683 W:0.99938244}, Scaling=<1, 1.0000002, 1.0000002>
** MODEL ORIGINAL Limbnode ComputeLocal logs below ***
T:
(1.0000, 0.0000, 0.0000, 0.0000)
(0.0000, 1.0000, 0.0000, 0.0000)
(0.0000, 0.0000, 1.0000, 0.0000)
(11.4979, 1.7535, 2.8469, 1.0000)
Roff:
(1.0000, 0.0000, 0.0000, 0.0000)
(0.0000, 1.0000, 0.0000, 0.0000)
(0.0000, 0.0000, 1.0000, 0.0000)
(0.0000, 0.0000, 0.0000, 1.0000)
Rp:
(1.0000, 0.0000, 0.0000, 0.0000)
(0.0000, 1.0000, 0.0000, 0.0000)
(0.0000, 0.0000, 1.0000, 0.0000)
(0.0000, 0.0000, 0.0000, 1.0000)
Pre:
(1.0000, 0.0000, 0.0000, 0.0000)
(0.0000, 1.0000, 0.0000, 0.0000)
(0.0000, 0.0000, 1.0000, 0.0000)
(0.0000, 0.0000, 0.0000, 1.0000)
R:
(0.9017, 0.3882, 0.1906, 0.0000)
(-0.3436, 0.9107, -0.2293, 0.0000)
(-0.2626, 0.1413, 0.9545, 0.0000)
(0.0000, 0.0000, 0.0000, 1.0000)
PostInv:
(1.0000, 0.0000, 0.0000, 0.0000)
(0.0000, 1.0000, 0.0000, 0.0000)
(0.0000, 0.0000, 1.0000, 0.0000)
(0.0000, 0.0000, 0.0000, 1.0000)
invRp:
(1.0000, 0.0000, 0.0000, 0.0000)
(0.0000, 1.0000, 0.0000, 0.0000)
(0.0000, 0.0000, 1.0000, 0.0000)
(-0.0000, -0.0000, -0.0000, 1.0000)
Soff:
(1.0000, 0.0000, 0.0000, 0.0000)
(0.0000, 1.0000, 0.0000, 0.0000)
(0.0000, 0.0000, 1.0000, 0.0000)
(0.0000, 0.0000, 0.0000, 1.0000)
Sp:
(1.0000, 0.0000, 0.0000, 0.0000)
(0.0000, 1.0000, 0.0000, 0.0000)
(0.0000, 0.0000, 1.0000, 0.0000)
(0.0000, 0.0000, 0.0000, 1.0000)
S:
(1.0000, 0.0000, 0.0000, 0.0000)
(0.0000, 1.0000, 0.0000, 0.0000)
(0.0000, 0.0000, 1.0000, 0.0000)
(0.0000, 0.0000, 0.0000, 1.0000)
invSp:
(1.0000, 0.0000, 0.0000, 0.0000)
(0.0000, 1.0000, 0.0000, 0.0000)
(0.0000, 0.0000, 1.0000, 0.0000)
(-0.0000, -0.0000, -0.0000, 1.0000)
Final LocalRest:
(0.9017, 0.3882, 0.1906, 0.0000)
(-0.3436, 0.9107, -0.2293, 0.0000)
(-0.2626, 0.1413, 0.9545, 0.0000)
(9.0170, 6.4623, 4.5070, 1.0000)
Parsed bone: ID=572661099, Index=19, Name=ring_01_l, Type=LimbNode, Translation=<11.497871, 1.7535212, 2.8469162>, Rotation={X:-0.09548036 Y:-0.11676558 Z:0.18851152 W:0.9704189}, Scaling=<0.9999997, 0.9999997, 0.9999999>
** MODEL ORIGINAL Limbnode ComputeLocal logs below ***
T:
(1.0000, 0.0000, 0.0000, 0.0000)
(0.0000, 1.0000, 0.0000, 0.0000)
(0.0000, 0.0000, 1.0000, 0.0000)
(4.4302, 0.0000, 0.0000, 1.0000)
Roff:
(1.0000, 0.0000, 0.0000, 0.0000)
(0.0000, 1.0000, 0.0000, 0.0000)
(0.0000, 0.0000, 1.0000, 0.0000)
(0.0000, 0.0000, 0.0000, 1.0000)
Rp:
(1.0000, 0.0000, 0.0000, 0.0000)
(0.0000, 1.0000, 0.0000, 0.0000)
(0.0000, 0.0000, 1.0000, 0.0000)
(0.0000, 0.0000, 0.0000, 1.0000)
Pre:
(1.0000, 0.0000, 0.0000, 0.0000)
(0.0000, 1.0000, 0.0000, 0.0000)
(0.0000, 0.0000, 1.0000, 0.0000)
(0.0000, 0.0000, 0.0000, 1.0000)
R:
(0.9727, 0.2302, 0.0291, 0.0000)
(-0.2305, 0.9731, 0.0053, 0.0000)
(-0.0271, -0.0118, 0.9996, 0.0000)
(0.0000, 0.0000, 0.0000, 1.0000)
PostInv:
(1.0000, 0.0000, 0.0000, 0.0000)
(0.0000, 1.0000, 0.0000, 0.0000)
(0.0000, 0.0000, 1.0000, 0.0000)
(0.0000, 0.0000, 0.0000, 1.0000)
invRp:
(1.0000, 0.0000, 0.0000, 0.0000)
(0.0000, 1.0000, 0.0000, 0.0000)
(0.0000, 0.0000, 1.0000, 0.0000)
(-0.0000, -0.0000, -0.0000, 1.0000)
Soff:
(1.0000, 0.0000, 0.0000, 0.0000)
(0.0000, 1.0000, 0.0000, 0.0000)
(0.0000, 0.0000, 1.0000, 0.0000)
(0.0000, 0.0000, 0.0000, 1.0000)
Sp:
(1.0000, 0.0000, 0.0000, 0.0000)
(0.0000, 1.0000, 0.0000, 0.0000)
(0.0000, 0.0000, 1.0000, 0.0000)
(0.0000, 0.0000, 0.0000, 1.0000)
S:
(1.0000, 0.0000, 0.0000, 0.0000)
(0.0000, 1.0000, 0.0000, 0.0000)
(0.0000, 0.0000, 1.0000, 0.0000)
(0.0000, 0.0000, 0.0000, 1.0000)
invSp:
(1.0000, 0.0000, 0.0000, 0.0000)
(0.0000, 1.0000, 0.0000, 0.0000)
(0.0000, 0.0000, 1.0000, 0.0000)
(-0.0000, -0.0000, -0.0000, 1.0000)
Final LocalRest:
(0.9727, 0.2302, 0.0291, 0.0000)
(-0.2305, 0.9731, 0.0053, 0.0000)
(-0.0271, -0.0118, 0.9996, 0.0000)
(4.3092, 1.0199, 0.1291, 1.0000)
Parsed bone: ID=454003047, Index=20, Name=ring_02_l, Type=LimbNode, Translation=<4.4301643, 1.0728836E-06, 1.9073486E-06>, Rotation={X:0.00430104 Y:-0.0141681805 Z:0.11596388 W:0.9931431}, Scaling=<0.99999994, 0.99999994, 0.99999994>
** MODEL ORIGINAL Limbnode ComputeLocal logs below ***
T:
(1.0000, 0.0000, 0.0000, 0.0000)
(0.0000, 1.0000, 0.0000, 0.0000)
(0.0000, 0.0000, 1.0000, 0.0000)
(3.4766, -0.0000, -0.0000, 1.0000)
Roff:
(1.0000, 0.0000, 0.0000, 0.0000)
(0.0000, 1.0000, 0.0000, 0.0000)
(0.0000, 0.0000, 1.0000, 0.0000)
(0.0000, 0.0000, 0.0000, 1.0000)
Rp:
(1.0000, 0.0000, 0.0000, 0.0000)
(0.0000, 1.0000, 0.0000, 0.0000)
(0.0000, 0.0000, 1.0000, 0.0000)
(0.0000, 0.0000, 0.0000, 1.0000)
Pre:
(1.0000, 0.0000, 0.0000, 0.0000)
(0.0000, 1.0000, 0.0000, 0.0000)
(0.0000, 0.0000, 1.0000, 0.0000)
(0.0000, 0.0000, 0.0000, 1.0000)
R:
(0.9734, -0.2229, -0.0521, 0.0000)
(0.2229, 0.9748, -0.0063, 0.0000)
(0.0522, -0.0055, 0.9986, 0.0000)
(0.0000, 0.0000, 0.0000, 1.0000)
PostInv:
(1.0000, 0.0000, 0.0000, 0.0000)
(0.0000, 1.0000, 0.0000, 0.0000)
(0.0000, 0.0000, 1.0000, 0.0000)
(0.0000, 0.0000, 0.0000, 1.0000)
invRp:
(1.0000, 0.0000, 0.0000, 0.0000)
(0.0000, 1.0000, 0.0000, 0.0000)
(0.0000, 0.0000, 1.0000, 0.0000)
(-0.0000, -0.0000, -0.0000, 1.0000)
Soff:
(1.0000, 0.0000, 0.0000, 0.0000)
(0.0000, 1.0000, 0.0000, 0.0000)
(0.0000, 0.0000, 1.0000, 0.0000)
(0.0000, 0.0000, 0.0000, 1.0000)
Sp:
(1.0000, 0.0000, 0.0000, 0.0000)
(0.0000, 1.0000, 0.0000, 0.0000)
(0.0000, 0.0000, 1.0000, 0.0000)
(0.0000, 0.0000, 0.0000, 1.0000)
S:
(1.0000, 0.0000, 0.0000, 0.0000)
(0.0000, 1.0000, 0.0000, 0.0000)
(0.0000, 0.0000, 1.0000, 0.0000)
(0.0000, 0.0000, 0.0000, 1.0000)
invSp:
(1.0000, 0.0000, 0.0000, 0.0000)
(0.0000, 1.0000, 0.0000, 0.0000)
(0.0000, 0.0000, 1.0000, 0.0000)
(-0.0000, -0.0000, -0.0000, 1.0000)
Final LocalRest:
(0.9734, -0.2229, -0.0521, 0.0000)
(0.2229, 0.9748, -0.0063, 0.0000)
(0.0522, -0.0055, 0.9986, 0.0000)
(3.3843, -0.7751, -0.1812, 1.0000)
Parsed bone: ID=614529581, Index=21, Name=ring_03_l, Type=LimbNode, Translation=<3.4766264, -2.3722649E-05, -6.198883E-06>, Rotation={X:-0.0001990216 Y:0.026257765 Z:-0.112212926 W:0.9933372}, Scaling=<1.0000002, 1.0000002, 1.0000004>
** MODEL ORIGINAL Limbnode ComputeLocal logs below ***
T:
(1.0000, 0.0000, 0.0000, 0.0000)
(0.0000, 1.0000, 0.0000, 0.0000)
(0.0000, 0.0000, 1.0000, 0.0000)
(4.7620, 2.3750, -2.5378, 1.0000)
Roff:
(1.0000, 0.0000, 0.0000, 0.0000)
(0.0000, 1.0000, 0.0000, 0.0000)
(0.0000, 0.0000, 1.0000, 0.0000)
(0.0000, 0.0000, 0.0000, 1.0000)
Rp:
(1.0000, 0.0000, 0.0000, 0.0000)
(0.0000, 1.0000, 0.0000, 0.0000)
(0.0000, 0.0000, 1.0000, 0.0000)
(0.0000, 0.0000, 0.0000, 1.0000)
Pre:
(1.0000, 0.0000, 0.0000, 0.0000)
(0.0000, 1.0000, 0.0000, 0.0000)
(0.0000, 0.0000, 1.0000, 0.0000)
(0.0000, 0.0000, 0.0000, 1.0000)
R:
(0.7120, 0.3637, -0.6007, 0.0000)
(0.5730, 0.1935, 0.7964, 0.0000)
(0.4058, -0.9112, -0.0706, 0.0000)
(0.0000, 0.0000, 0.0000, 1.0000)
PostInv:
(1.0000, 0.0000, 0.0000, 0.0000)
(0.0000, 1.0000, 0.0000, 0.0000)
(0.0000, 0.0000, 1.0000, 0.0000)
(0.0000, 0.0000, 0.0000, 1.0000)
invRp:
(1.0000, 0.0000, 0.0000, 0.0000)
(0.0000, 1.0000, 0.0000, 0.0000)
(0.0000, 0.0000, 1.0000, 0.0000)
(-0.0000, -0.0000, -0.0000, 1.0000)
Soff:
(1.0000, 0.0000, 0.0000, 0.0000)
(0.0000, 1.0000, 0.0000, 0.0000)
(0.0000, 0.0000, 1.0000, 0.0000)
(0.0000, 0.0000, 0.0000, 1.0000)
Sp:
(1.0000, 0.0000, 0.0000, 0.0000)
(0.0000, 1.0000, 0.0000, 0.0000)
(0.0000, 0.0000, 1.0000, 0.0000)
(0.0000, 0.0000, 0.0000, 1.0000)
S:
(1.0000, 0.0000, 0.0000, 0.0000)
(0.0000, 1.0000, 0.0000, 0.0000)
(0.0000, 0.0000, 1.0000, 0.0000)
(0.0000, 0.0000, 0.0000, 1.0000)
invSp:
(1.0000, 0.0000, 0.0000, 0.0000)
(0.0000, 1.0000, 0.0000, 0.0000)
(0.0000, 0.0000, 1.0000, 0.0000)
(-0.0000, -0.0000, -0.0000, 1.0000)
Final LocalRest:
(0.7120, 0.3637, -0.6007, 0.0000)
(0.5730, 0.1935, 0.7964, 0.0000)
(0.4058, -0.9112, -0.0706, 0.0000)
(3.7216, 4.5038, -0.7899, 1.0000)
Parsed bone: ID=625441056, Index=22, Name=thumb_01_l, Type=LimbNode, Translation=<4.7620435, 2.3749924, -2.5378165>, Rotation={X:0.6303088 Y:0.37152523 Z:-0.07729032 W:0.6772784}, Scaling=<1, 1.0000001, 1.0000002>
** MODEL ORIGINAL Limbnode ComputeLocal logs below ***
T:
(1.0000, 0.0000, 0.0000, 0.0000)
(0.0000, 1.0000, 0.0000, 0.0000)
(0.0000, 0.0000, 1.0000, 0.0000)
(3.8697, 0.0000, 0.0000, 1.0000)
Roff:
(1.0000, 0.0000, 0.0000, 0.0000)
(0.0000, 1.0000, 0.0000, 0.0000)
(0.0000, 0.0000, 1.0000, 0.0000)
(0.0000, 0.0000, 0.0000, 1.0000)
Rp:
(1.0000, 0.0000, 0.0000, 0.0000)
(0.0000, 1.0000, 0.0000, 0.0000)
(0.0000, 0.0000, 1.0000, 0.0000)
(0.0000, 0.0000, 0.0000, 1.0000)
Pre:
(1.0000, 0.0000, 0.0000, 0.0000)
(0.0000, 1.0000, 0.0000, 0.0000)
(0.0000, 0.0000, 1.0000, 0.0000)
(0.0000, 0.0000, 0.0000, 1.0000)
R:
(0.9511, 0.2575, -0.1708, 0.0000)
(-0.2566, 0.9661, 0.0277, 0.0000)
(0.1721, 0.0174, 0.9849, 0.0000)
(0.0000, 0.0000, 0.0000, 1.0000)
PostInv:
(1.0000, 0.0000, 0.0000, 0.0000)
(0.0000, 1.0000, 0.0000, 0.0000)
(0.0000, 0.0000, 1.0000, 0.0000)
(0.0000, 0.0000, 0.0000, 1.0000)
invRp:
(1.0000, 0.0000, 0.0000, 0.0000)
(0.0000, 1.0000, 0.0000, 0.0000)
(0.0000, 0.0000, 1.0000, 0.0000)
(-0.0000, -0.0000, -0.0000, 1.0000)
Soff:
(1.0000, 0.0000, 0.0000, 0.0000)
(0.0000, 1.0000, 0.0000, 0.0000)
(0.0000, 0.0000, 1.0000, 0.0000)
(0.0000, 0.0000, 0.0000, 1.0000)
Sp:
(1.0000, 0.0000, 0.0000, 0.0000)
(0.0000, 1.0000, 0.0000, 0.0000)
(0.0000, 0.0000, 1.0000, 0.0000)
(0.0000, 0.0000, 0.0000, 1.0000)
S:
(1.0000, 0.0000, 0.0000, 0.0000)
(0.0000, 1.0000, 0.0000, 0.0000)
(0.0000, 0.0000, 1.0000, 0.0000)
(0.0000, 0.0000, 0.0000, 1.0000)
invSp:
(1.0000, 0.0000, 0.0000, 0.0000)
(0.0000, 1.0000, 0.0000, 0.0000)
(0.0000, 0.0000, 1.0000, 0.0000)
(-0.0000, -0.0000, -0.0000, 1.0000)
Final LocalRest:
(0.9511, 0.2575, -0.1708, 0.0000)
(-0.2566, 0.9661, 0.0277, 0.0000)
(0.1721, 0.0174, 0.9849, 0.0000)
(3.6803, 0.9966, -0.6608, 1.0000)
Parsed bone: ID=466600648, Index=23, Name=thumb_02_l, Type=LimbNode, Translation=<3.8696725, 5.4836273E-06, 2.3722649E-05>, Rotation={X:0.002604861 Y:0.08679836 Z:0.13014138 W:0.98768544}, Scaling=<0.9999998, 0.99999994, 1.0000004>
** MODEL ORIGINAL Limbnode ComputeLocal logs below ***
T:
(1.0000, 0.0000, 0.0000, 0.0000)
(0.0000, 1.0000, 0.0000, 0.0000)
(0.0000, 0.0000, 1.0000, 0.0000)
(4.0622, 0.0000, -0.0000, 1.0000)
Roff:
(1.0000, 0.0000, 0.0000, 0.0000)
(0.0000, 1.0000, 0.0000, 0.0000)
(0.0000, 0.0000, 1.0000, 0.0000)
(0.0000, 0.0000, 0.0000, 1.0000)
Rp:
(1.0000, 0.0000, 0.0000, 0.0000)
(0.0000, 1.0000, 0.0000, 0.0000)
(0.0000, 0.0000, 1.0000, 0.0000)
(0.0000, 0.0000, 0.0000, 1.0000)
Pre:
(1.0000, 0.0000, 0.0000, 0.0000)
(0.0000, 1.0000, 0.0000, 0.0000)
(0.0000, 0.0000, 1.0000, 0.0000)
(0.0000, 0.0000, 0.0000, 1.0000)
R:
(0.9767, -0.2145, -0.0084, 0.0000)
(0.2146, 0.9758, 0.0421, 0.0000)
(-0.0009, -0.0429, 0.9991, 0.0000)
(0.0000, 0.0000, 0.0000, 1.0000)
PostInv:
(1.0000, 0.0000, 0.0000, 0.0000)
(0.0000, 1.0000, 0.0000, 0.0000)
(0.0000, 0.0000, 1.0000, 0.0000)
(0.0000, 0.0000, 0.0000, 1.0000)
invRp:
(1.0000, 0.0000, 0.0000, 0.0000)
(0.0000, 1.0000, 0.0000, 0.0000)
(0.0000, 0.0000, 1.0000, 0.0000)
(-0.0000, -0.0000, -0.0000, 1.0000)
Soff:
(1.0000, 0.0000, 0.0000, 0.0000)
(0.0000, 1.0000, 0.0000, 0.0000)
(0.0000, 0.0000, 1.0000, 0.0000)
(0.0000, 0.0000, 0.0000, 1.0000)
Sp:
(1.0000, 0.0000, 0.0000, 0.0000)
(0.0000, 1.0000, 0.0000, 0.0000)
(0.0000, 0.0000, 1.0000, 0.0000)
(0.0000, 0.0000, 0.0000, 1.0000)
S:
(1.0000, 0.0000, 0.0000, 0.0000)
(0.0000, 1.0000, 0.0000, 0.0000)
(0.0000, 0.0000, 1.0000, 0.0000)
(0.0000, 0.0000, 0.0000, 1.0000)
invSp:
(1.0000, 0.0000, 0.0000, 0.0000)
(0.0000, 1.0000, 0.0000, 0.0000)
(0.0000, 0.0000, 1.0000, 0.0000)
(-0.0000, -0.0000, -0.0000, 1.0000)
Final LocalRest:
(0.9767, -0.2145, -0.0084, 0.0000)
(0.2146, 0.9758, 0.0421, 0.0000)
(-0.0009, -0.0429, 0.9991, 0.0000)
(3.9675, -0.8713, -0.0340, 1.0000)
Parsed bone: ID=805241667, Index=24, Name=thumb_03_l, Type=LimbNode, Translation=<4.062173, 2.026558E-06, -1.6391277E-05>, Rotation={X:0.021399181 Y:0.0018834369 Z:-0.107937545 W:0.9939256}, Scaling=<0.9999999, 0.9999997, 0.9999998>
** MODEL ORIGINAL Limbnode ComputeLocal logs below ***
T:
(1.0000, 0.0000, 0.0000, 0.0000)
(0.0000, 1.0000, 0.0000, 0.0000)
(0.0000, 0.0000, 1.0000, 0.0000)
(14.0000, 0.0000, 0.0000, 1.0000)
Roff:
(1.0000, 0.0000, 0.0000, 0.0000)
(0.0000, 1.0000, 0.0000, 0.0000)
(0.0000, 0.0000, 1.0000, 0.0000)
(0.0000, 0.0000, 0.0000, 1.0000)
Rp:
(1.0000, 0.0000, 0.0000, 0.0000)
(0.0000, 1.0000, 0.0000, 0.0000)
(0.0000, 0.0000, 1.0000, 0.0000)
(0.0000, 0.0000, 0.0000, 1.0000)
Pre:
(1.0000, 0.0000, 0.0000, 0.0000)
(0.0000, 1.0000, 0.0000, 0.0000)
(0.0000, 0.0000, 1.0000, 0.0000)
(0.0000, 0.0000, 0.0000, 1.0000)
R:
(1.0000, -0.0000, -0.0000, 0.0000)
(0.0000, 1.0000, 0.0000, 0.0000)
(0.0000, -0.0000, 1.0000, 0.0000)
(0.0000, 0.0000, 0.0000, 1.0000)
PostInv:
(1.0000, 0.0000, 0.0000, 0.0000)
(0.0000, 1.0000, 0.0000, 0.0000)
(0.0000, 0.0000, 1.0000, 0.0000)
(0.0000, 0.0000, 0.0000, 1.0000)
invRp:
(1.0000, 0.0000, 0.0000, 0.0000)
(0.0000, 1.0000, 0.0000, 0.0000)
(0.0000, 0.0000, 1.0000, 0.0000)
(-0.0000, -0.0000, -0.0000, 1.0000)
Soff:
(1.0000, 0.0000, 0.0000, 0.0000)
(0.0000, 1.0000, 0.0000, 0.0000)
(0.0000, 0.0000, 1.0000, 0.0000)
(0.0000, 0.0000, 0.0000, 1.0000)
Sp:
(1.0000, 0.0000, 0.0000, 0.0000)
(0.0000, 1.0000, 0.0000, 0.0000)
(0.0000, 0.0000, 1.0000, 0.0000)
(0.0000, 0.0000, 0.0000, 1.0000)
S:
(1.0000, 0.0000, 0.0000, 0.0000)
(0.0000, 1.0000, 0.0000, 0.0000)
(0.0000, 0.0000, 1.0000, 0.0000)
(0.0000, 0.0000, 0.0000, 1.0000)
invSp:
(1.0000, 0.0000, 0.0000, 0.0000)
(0.0000, 1.0000, 0.0000, 0.0000)
(0.0000, 0.0000, 1.0000, 0.0000)
(-0.0000, -0.0000, -0.0000, 1.0000)
Final LocalRest:
(1.0000, -0.0000, -0.0000, 0.0000)
(0.0000, 1.0000, 0.0000, 0.0000)
(0.0000, -0.0000, 1.0000, 0.0000)
(14.0000, 0.0000, 0.0000, 1.0000)
Parsed bone: ID=262162507, Index=25, Name=lowerarm_twist_01_l, Type=LimbNode, Translation=<13.999998, 7.1525574E-06, 3.33786E-06>, Rotation={X:7.0838716E-08 Y:5.0757077E-08 Z:-4.4703473E-08 W:1}, Scaling=<1.0000002, 1.0000004, 1.0000001>
** MODEL ORIGINAL Limbnode ComputeLocal logs below ***
T:
(1.0000, 0.0000, 0.0000, 0.0000)
(0.0000, 1.0000, 0.0000, 0.0000)
(0.0000, 0.0000, 1.0000, 0.0000)
(11.8838, -2.7321, 3.7820, 1.0000)
Roff:
(1.0000, 0.0000, 0.0000, 0.0000)
(0.0000, 1.0000, 0.0000, 0.0000)
(0.0000, 0.0000, 1.0000, 0.0000)
(0.0000, 0.0000, 0.0000, 1.0000)
Rp:
(1.0000, 0.0000, 0.0000, 0.0000)
(0.0000, 1.0000, 0.0000, 0.0000)
(0.0000, 0.0000, 1.0000, 0.0000)
(0.0000, 0.0000, 0.0000, 1.0000)
Pre:
(1.0000, 0.0000, 0.0000, 0.0000)
(0.0000, 1.0000, 0.0000, 0.0000)
(0.0000, 0.0000, 1.0000, 0.0000)
(0.0000, 0.0000, 0.0000, 1.0000)
R:
(0.0944, -0.4622, -0.8817, 0.0000)
(-0.1474, -0.8824, 0.4468, 0.0000)
(-0.9846, 0.0878, -0.1514, 0.0000)
(0.0000, 0.0000, 0.0000, 1.0000)
PostInv:
(1.0000, 0.0000, 0.0000, 0.0000)
(0.0000, 1.0000, 0.0000, 0.0000)
(0.0000, 0.0000, 1.0000, 0.0000)
(0.0000, 0.0000, 0.0000, 1.0000)
invRp:
(1.0000, 0.0000, 0.0000, 0.0000)
(0.0000, 1.0000, 0.0000, 0.0000)
(0.0000, 0.0000, 1.0000, 0.0000)
(-0.0000, -0.0000, -0.0000, 1.0000)
Soff:
(1.0000, 0.0000, 0.0000, 0.0000)
(0.0000, 1.0000, 0.0000, 0.0000)
(0.0000, 0.0000, 1.0000, 0.0000)
(0.0000, 0.0000, 0.0000, 1.0000)
Sp:
(1.0000, 0.0000, 0.0000, 0.0000)
(0.0000, 1.0000, 0.0000, 0.0000)
(0.0000, 0.0000, 1.0000, 0.0000)
(0.0000, 0.0000, 0.0000, 1.0000)
S:
(1.0000, 0.0000, 0.0000, 0.0000)
(0.0000, 1.0000, 0.0000, 0.0000)
(0.0000, 0.0000, 1.0000, 0.0000)
(0.0000, 0.0000, 0.0000, 1.0000)
invSp:
(1.0000, 0.0000, 0.0000, 0.0000)
(0.0000, 1.0000, 0.0000, 0.0000)
(0.0000, 0.0000, 1.0000, 0.0000)
(-0.0000, -0.0000, -0.0000, 1.0000)
Final LocalRest:
(0.0944, -0.4622, -0.8817, 0.0000)
(-0.1474, -0.8824, 0.4468, 0.0000)
(-0.9846, 0.0878, -0.1514, 0.0000)
(-2.1995, -2.7497, -12.2716, 1.0000)
Parsed bone: ID=823227772, Index=26, Name=clavicle_r, Type=LimbNode, Translation=<11.883751, -2.7321055, 3.7820008>, Rotation={X:0.7294167 Y:-0.2089181 Z:-0.6396598 W:0.123043776}, Scaling=<1, 1, 1.0000004>
** MODEL ORIGINAL Limbnode ComputeLocal logs below ***
T:
(1.0000, 0.0000, 0.0000, 0.0000)
(0.0000, 1.0000, 0.0000, 0.0000)
(0.0000, 0.0000, 1.0000, 0.0000)
(-15.7848, 0.0000, -0.0001, 1.0000)
Roff:
(1.0000, 0.0000, 0.0000, 0.0000)
(0.0000, 1.0000, 0.0000, 0.0000)
(0.0000, 0.0000, 1.0000, 0.0000)
(0.0000, 0.0000, 0.0000, 1.0000)
Rp:
(1.0000, 0.0000, 0.0000, 0.0000)
(0.0000, 1.0000, 0.0000, 0.0000)
(0.0000, 0.0000, 1.0000, 0.0000)
(0.0000, 0.0000, 0.0000, 1.0000)
Pre:
(1.0000, 0.0000, 0.0000, 0.0000)
(0.0000, 1.0000, 0.0000, 0.0000)
(0.0000, 0.0000, 1.0000, 0.0000)
(0.0000, 0.0000, 0.0000, 1.0000)
R:
(0.9272, -0.3744, -0.0116, 0.0000)
(0.3745, 0.9260, 0.0489, 0.0000)
(-0.0075, -0.0497, 0.9987, 0.0000)
(0.0000, 0.0000, 0.0000, 1.0000)
PostInv:
(1.0000, 0.0000, 0.0000, 0.0000)
(0.0000, 1.0000, 0.0000, 0.0000)
(0.0000, 0.0000, 1.0000, 0.0000)
(0.0000, 0.0000, 0.0000, 1.0000)
invRp:
(1.0000, 0.0000, 0.0000, 0.0000)
(0.0000, 1.0000, 0.0000, 0.0000)
(0.0000, 0.0000, 1.0000, 0.0000)
(-0.0000, -0.0000, -0.0000, 1.0000)
Soff:
(1.0000, 0.0000, 0.0000, 0.0000)
(0.0000, 1.0000, 0.0000, 0.0000)
(0.0000, 0.0000, 1.0000, 0.0000)
(0.0000, 0.0000, 0.0000, 1.0000)
Sp:
(1.0000, 0.0000, 0.0000, 0.0000)
(0.0000, 1.0000, 0.0000, 0.0000)
(0.0000, 0.0000, 1.0000, 0.0000)
(0.0000, 0.0000, 0.0000, 1.0000)
S:
(1.0000, 0.0000, 0.0000, 0.0000)
(0.0000, 1.0000, 0.0000, 0.0000)
(0.0000, 0.0000, 1.0000, 0.0000)
(0.0000, 0.0000, 0.0000, 1.0000)
invSp:
(1.0000, 0.0000, 0.0000, 0.0000)
(0.0000, 1.0000, 0.0000, 0.0000)
(0.0000, 0.0000, 1.0000, 0.0000)
(-0.0000, -0.0000, -0.0000, 1.0000)
Final LocalRest:
(0.9272, -0.3744, -0.0116, 0.0000)
(0.3745, 0.9260, 0.0489, 0.0000)
(-0.0075, -0.0497, 0.9987, 0.0000)
(-14.6359, 5.9091, 0.1836, 1.0000)
Parsed bone: ID=754499061, Index=27, Name=upperarm_r, Type=LimbNode, Translation=<-15.784794, 3.4490677E-06, -5.042553E-05>, Rotation={X:0.025122967 Y:0.001043205 Z:-0.19076812 W:0.98131305}, Scaling=<0.9999998, 1, 1.0000002>
** MODEL ORIGINAL Limbnode ComputeLocal logs below ***
T:
(1.0000, 0.0000, 0.0000, 0.0000)
(0.0000, 1.0000, 0.0000, 0.0000)
(0.0000, 0.0000, 1.0000, 0.0000)
(-30.3400, 0.0000, 0.0000, 1.0000)
Roff:
(1.0000, 0.0000, 0.0000, 0.0000)
(0.0000, 1.0000, 0.0000, 0.0000)
(0.0000, 0.0000, 1.0000, 0.0000)
(0.0000, 0.0000, 0.0000, 1.0000)
Rp:
(1.0000, 0.0000, 0.0000, 0.0000)
(0.0000, 1.0000, 0.0000, 0.0000)
(0.0000, 0.0000, 1.0000, 0.0000)
(0.0000, 0.0000, 0.0000, 1.0000)
Pre:
(1.0000, 0.0000, 0.0000, 0.0000)
(0.0000, 1.0000, 0.0000, 0.0000)
(0.0000, 0.0000, 1.0000, 0.0000)
(0.0000, 0.0000, 0.0000, 1.0000)
R:
(0.9637, -0.1707, 0.2051, 0.0000)
(0.1968, 0.9737, -0.1144, 0.0000)
(-0.1802, 0.1506, 0.9720, 0.0000)
(0.0000, 0.0000, 0.0000, 1.0000)
PostInv:
(1.0000, 0.0000, 0.0000, 0.0000)
(0.0000, 1.0000, 0.0000, 0.0000)
(0.0000, 0.0000, 1.0000, 0.0000)
(0.0000, 0.0000, 0.0000, 1.0000)
invRp:
(1.0000, 0.0000, 0.0000, 0.0000)
(0.0000, 1.0000, 0.0000, 0.0000)
(0.0000, 0.0000, 1.0000, 0.0000)
(-0.0000, -0.0000, -0.0000, 1.0000)
Soff:
(1.0000, 0.0000, 0.0000, 0.0000)
(0.0000, 1.0000, 0.0000, 0.0000)
(0.0000, 0.0000, 1.0000, 0.0000)
(0.0000, 0.0000, 0.0000, 1.0000)
Sp:
(1.0000, 0.0000, 0.0000, 0.0000)
(0.0000, 1.0000, 0.0000, 0.0000)
(0.0000, 0.0000, 1.0000, 0.0000)
(0.0000, 0.0000, 0.0000, 1.0000)
S:
(1.0000, 0.0000, 0.0000, 0.0000)
(0.0000, 1.0000, 0.0000, 0.0000)
(0.0000, 0.0000, 1.0000, 0.0000)
(0.0000, 0.0000, 0.0000, 1.0000)
invSp:
(1.0000, 0.0000, 0.0000, 0.0000)
(0.0000, 1.0000, 0.0000, 0.0000)
(0.0000, 0.0000, 1.0000, 0.0000)
(-0.0000, -0.0000, -0.0000, 1.0000)
Final LocalRest:
(0.9637, -0.1707, 0.2051, 0.0000)
(0.1968, 0.9737, -0.1144, 0.0000)
(-0.1802, 0.1506, 0.9720, 0.0000)
(-29.2395, 5.1796, -6.2241, 1.0000)
Parsed bone: ID=746090825, Index=28, Name=lowerarm_r, Type=LimbNode, Translation=<-30.340038, 1.1920929E-06, 1.3232231E-05>, Rotation={X:-0.06701476 Y:-0.09745265 Z:-0.092947535 W:0.98862165}, Scaling=<1, 1, 1>
** MODEL ORIGINAL Limbnode ComputeLocal logs below ***
T:
(1.0000, 0.0000, 0.0000, 0.0000)
(0.0000, 1.0000, 0.0000, 0.0000)
(0.0000, 0.0000, 1.0000, 0.0000)
(-26.9752, 0.0000, -0.0000, 1.0000)
Roff:
(1.0000, 0.0000, 0.0000, 0.0000)
(0.0000, 1.0000, 0.0000, 0.0000)
(0.0000, 0.0000, 1.0000, 0.0000)
(0.0000, 0.0000, 0.0000, 1.0000)
Rp:
(1.0000, 0.0000, 0.0000, 0.0000)
(0.0000, 1.0000, 0.0000, 0.0000)
(0.0000, 0.0000, 1.0000, 0.0000)
(0.0000, 0.0000, 0.0000, 1.0000)
Pre:
(1.0000, 0.0000, 0.0000, 0.0000)
(0.0000, 1.0000, 0.0000, 0.0000)
(0.0000, 0.0000, 1.0000, 0.0000)
(0.0000, 0.0000, 0.0000, 1.0000)
R:
(0.9990, -0.0072, -0.0436, 0.0000)
(-0.0407, 0.2362, -0.9709, 0.0000)
(0.0173, 0.9717, 0.2357, 0.0000)
(0.0000, 0.0000, 0.0000, 1.0000)
PostInv:
(1.0000, 0.0000, 0.0000, 0.0000)
(0.0000, 1.0000, 0.0000, 0.0000)
(0.0000, 0.0000, 1.0000, 0.0000)
(0.0000, 0.0000, 0.0000, 1.0000)
invRp:
(1.0000, 0.0000, 0.0000, 0.0000)
(0.0000, 1.0000, 0.0000, 0.0000)
(0.0000, 0.0000, 1.0000, 0.0000)
(-0.0000, -0.0000, -0.0000, 1.0000)
Soff:
(1.0000, 0.0000, 0.0000, 0.0000)
(0.0000, 1.0000, 0.0000, 0.0000)
(0.0000, 0.0000, 1.0000, 0.0000)
(0.0000, 0.0000, 0.0000, 1.0000)
Sp:
(1.0000, 0.0000, 0.0000, 0.0000)
(0.0000, 1.0000, 0.0000, 0.0000)
(0.0000, 0.0000, 1.0000, 0.0000)
(0.0000, 0.0000, 0.0000, 1.0000)
S:
(1.0000, 0.0000, 0.0000, 0.0000)
(0.0000, 1.0000, 0.0000, 0.0000)
(0.0000, 0.0000, 1.0000, 0.0000)
(0.0000, 0.0000, 0.0000, 1.0000)
invSp:
(1.0000, 0.0000, 0.0000, 0.0000)
(0.0000, 1.0000, 0.0000, 0.0000)
(0.0000, 0.0000, 1.0000, 0.0000)
(-0.0000, -0.0000, -0.0000, 1.0000)
Final LocalRest:
(0.9990, -0.0072, -0.0436, 0.0000)
(-0.0407, 0.2362, -0.9709, 0.0000)
(0.0173, 0.9717, 0.2357, 0.0000)
(-26.9489, 0.1940, 1.1765, 1.0000)
Parsed bone: ID=825295579, Index=29, Name=hand_r, Type=LimbNode, Translation=<-26.975246, 2.0503998E-05, -3.9577484E-05>, Rotation={X:-0.6178954 Y:0.019371757 Z:0.010653183 W:0.78594947}, Scaling=<0.9999999, 0.9999997, 0.99999976>
** MODEL ORIGINAL Limbnode ComputeLocal logs below ***
T:
(1.0000, 0.0000, 0.0000, 0.0000)
(0.0000, 1.0000, 0.0000, 0.0000)
(0.0000, 0.0000, 1.0000, 0.0000)
(-12.0680, -1.7637, 2.1094, 1.0000)
Roff:
(1.0000, 0.0000, 0.0000, 0.0000)
(0.0000, 1.0000, 0.0000, 0.0000)
(0.0000, 0.0000, 1.0000, 0.0000)
(0.0000, 0.0000, 0.0000, 1.0000)
Rp:
(1.0000, 0.0000, 0.0000, 0.0000)
(0.0000, 1.0000, 0.0000, 0.0000)
(0.0000, 0.0000, 1.0000, 0.0000)
(0.0000, 0.0000, 0.0000, 1.0000)
Pre:
(1.0000, 0.0000, 0.0000, 0.0000)
(0.0000, 1.0000, 0.0000, 0.0000)
(0.0000, 0.0000, 1.0000, 0.0000)
(0.0000, 0.0000, 0.0000, 1.0000)
R:
(0.9004, 0.4302, 0.0656, 0.0000)
(-0.4319, 0.8648, 0.2560, 0.0000)
(0.0534, -0.2589, 0.9644, 0.0000)
(0.0000, 0.0000, 0.0000, 1.0000)
PostInv:
(1.0000, 0.0000, 0.0000, 0.0000)
(0.0000, 1.0000, 0.0000, 0.0000)
(0.0000, 0.0000, 1.0000, 0.0000)
(0.0000, 0.0000, 0.0000, 1.0000)
invRp:
(1.0000, 0.0000, 0.0000, 0.0000)
(0.0000, 1.0000, 0.0000, 0.0000)
(0.0000, 0.0000, 1.0000, 0.0000)
(-0.0000, -0.0000, -0.0000, 1.0000)
Soff:
(1.0000, 0.0000, 0.0000, 0.0000)
(0.0000, 1.0000, 0.0000, 0.0000)
(0.0000, 0.0000, 1.0000, 0.0000)
(0.0000, 0.0000, 0.0000, 1.0000)
Sp:
(1.0000, 0.0000, 0.0000, 0.0000)
(0.0000, 1.0000, 0.0000, 0.0000)
(0.0000, 0.0000, 1.0000, 0.0000)
(0.0000, 0.0000, 0.0000, 1.0000)
S:
(1.0000, 0.0000, 0.0000, 0.0000)
(0.0000, 1.0000, 0.0000, 0.0000)
(0.0000, 0.0000, 1.0000, 0.0000)
(0.0000, 0.0000, 0.0000, 1.0000)
invSp:
(1.0000, 0.0000, 0.0000, 0.0000)
(0.0000, 1.0000, 0.0000, 0.0000)
(0.0000, 0.0000, 1.0000, 0.0000)
(-0.0000, -0.0000, -0.0000, 1.0000)
Final LocalRest:
(0.9004, 0.4302, 0.0656, 0.0000)
(-0.4319, 0.8648, 0.2560, 0.0000)
(0.0534, -0.2589, 0.9644, 0.0000)
(-9.9913, -7.2626, 0.7907, 1.0000)
Parsed bone: ID=623448451, Index=30, Name=index_01_r, Type=LimbNode, Translation=<-12.067953, -1.7637433, 2.109426>, Rotation={X:0.13330479 Y:-0.0031809676 Z:0.22317936 W:0.96561414}, Scaling=<1.0000002, 0.9999999, 1.0000002>
** MODEL ORIGINAL Limbnode ComputeLocal logs below ***
T:
(1.0000, 0.0000, 0.0000, 0.0000)
(0.0000, 1.0000, 0.0000, 0.0000)
(0.0000, 0.0000, 1.0000, 0.0000)
(-4.2877, 0.0000, -0.0001, 1.0000)
Roff:
(1.0000, 0.0000, 0.0000, 0.0000)
(0.0000, 1.0000, 0.0000, 0.0000)
(0.0000, 0.0000, 1.0000, 0.0000)
(0.0000, 0.0000, 0.0000, 1.0000)
Rp:
(1.0000, 0.0000, 0.0000, 0.0000)
(0.0000, 1.0000, 0.0000, 0.0000)
(0.0000, 0.0000, 1.0000, 0.0000)
(0.0000, 0.0000, 0.0000, 1.0000)
Pre:
(1.0000, 0.0000, 0.0000, 0.0000)
(0.0000, 1.0000, 0.0000, 0.0000)
(0.0000, 0.0000, 1.0000, 0.0000)
(0.0000, 0.0000, 0.0000, 1.0000)
R:
(0.9782, 0.2077, 0.0083, 0.0000)
(-0.2078, 0.9779, 0.0233, 0.0000)
(-0.0033, -0.0246, 0.9997, 0.0000)
(0.0000, 0.0000, 0.0000, 1.0000)
PostInv:
(1.0000, 0.0000, 0.0000, 0.0000)
(0.0000, 1.0000, 0.0000, 0.0000)
(0.0000, 0.0000, 1.0000, 0.0000)
(0.0000, 0.0000, 0.0000, 1.0000)
invRp:
(1.0000, 0.0000, 0.0000, 0.0000)
(0.0000, 1.0000, 0.0000, 0.0000)
(0.0000, 0.0000, 1.0000, 0.0000)
(-0.0000, -0.0000, -0.0000, 1.0000)
Soff:
(1.0000, 0.0000, 0.0000, 0.0000)
(0.0000, 1.0000, 0.0000, 0.0000)
(0.0000, 0.0000, 1.0000, 0.0000)
(0.0000, 0.0000, 0.0000, 1.0000)
Sp:
(1.0000, 0.0000, 0.0000, 0.0000)
(0.0000, 1.0000, 0.0000, 0.0000)
(0.0000, 0.0000, 1.0000, 0.0000)
(0.0000, 0.0000, 0.0000, 1.0000)
S:
(1.0000, 0.0000, 0.0000, 0.0000)
(0.0000, 1.0000, 0.0000, 0.0000)
(0.0000, 0.0000, 1.0000, 0.0000)
(0.0000, 0.0000, 0.0000, 1.0000)
invSp:
(1.0000, 0.0000, 0.0000, 0.0000)
(0.0000, 1.0000, 0.0000, 0.0000)
(0.0000, 0.0000, 1.0000, 0.0000)
(-0.0000, -0.0000, -0.0000, 1.0000)
Final LocalRest:
(0.9782, 0.2077, 0.0083, 0.0000)
(-0.2078, 0.9779, 0.0233, 0.0000)
(-0.0033, -0.0246, 0.9997, 0.0000)
(-4.1941, -0.8904, -0.0356, 1.0000)
Parsed bone: ID=870141358, Index=31, Name=index_02_r, Type=LimbNode, Translation=<-4.2876873, 4.4584274E-05, -5.4836273E-05>, Rotation={X:0.012043595 Y:-0.0029049483 Z:0.10444868 W:0.99445313}, Scaling=<0.99999994, 0.99999994, 0.9999998>
** MODEL ORIGINAL Limbnode ComputeLocal logs below ***
T:
(1.0000, 0.0000, 0.0000, 0.0000)
(0.0000, 1.0000, 0.0000, 0.0000)
(0.0000, 0.0000, 1.0000, 0.0000)
(-3.3938, 0.0001, -0.0000, 1.0000)
Roff:
(1.0000, 0.0000, 0.0000, 0.0000)
(0.0000, 1.0000, 0.0000, 0.0000)
(0.0000, 0.0000, 1.0000, 0.0000)
(0.0000, 0.0000, 0.0000, 1.0000)
Rp:
(1.0000, 0.0000, 0.0000, 0.0000)
(0.0000, 1.0000, 0.0000, 0.0000)
(0.0000, 0.0000, 1.0000, 0.0000)
(0.0000, 0.0000, 0.0000, 1.0000)
Pre:
(1.0000, 0.0000, 0.0000, 0.0000)
(0.0000, 1.0000, 0.0000, 0.0000)
(0.0000, 0.0000, 1.0000, 0.0000)
(0.0000, 0.0000, 0.0000, 1.0000)
R:
(0.9861, -0.1650, -0.0174, 0.0000)
(0.1653, 0.9860, 0.0198, 0.0000)
(0.0139, -0.0224, 0.9997, 0.0000)
(0.0000, 0.0000, 0.0000, 1.0000)
PostInv:
(1.0000, 0.0000, 0.0000, 0.0000)
(0.0000, 1.0000, 0.0000, 0.0000)
(0.0000, 0.0000, 1.0000, 0.0000)
(0.0000, 0.0000, 0.0000, 1.0000)
invRp:
(1.0000, 0.0000, 0.0000, 0.0000)
(0.0000, 1.0000, 0.0000, 0.0000)
(0.0000, 0.0000, 1.0000, 0.0000)
(-0.0000, -0.0000, -0.0000, 1.0000)
Soff:
(1.0000, 0.0000, 0.0000, 0.0000)
(0.0000, 1.0000, 0.0000, 0.0000)
(0.0000, 0.0000, 1.0000, 0.0000)
(0.0000, 0.0000, 0.0000, 1.0000)
Sp:
(1.0000, 0.0000, 0.0000, 0.0000)
(0.0000, 1.0000, 0.0000, 0.0000)
(0.0000, 0.0000, 1.0000, 0.0000)
(0.0000, 0.0000, 0.0000, 1.0000)
S:
(1.0000, 0.0000, 0.0000, 0.0000)
(0.0000, 1.0000, 0.0000, 0.0000)
(0.0000, 0.0000, 1.0000, 0.0000)
(0.0000, 0.0000, 0.0000, 1.0000)
invSp:
(1.0000, 0.0000, 0.0000, 0.0000)
(0.0000, 1.0000, 0.0000, 0.0000)
(0.0000, 0.0000, 1.0000, 0.0000)
(-0.0000, -0.0000, -0.0000, 1.0000)
Final LocalRest:
(0.9861, -0.1650, -0.0174, 0.0000)
(0.1653, 0.9860, 0.0198, 0.0000)
(0.0139, -0.0224, 0.9997, 0.0000)
(-3.3468, 0.5600, 0.0591, 1.0000)
Parsed bone: ID=30018114, Index=32, Name=index_03_r, Type=LimbNode, Translation=<-3.3938074, 0.00012874603, -1.1920929E-05>, Rotation={X:0.01061113 Y:0.007850516 Z:-0.08285521 W:0.9964742}, Scaling=<0.9999999, 0.9999999, 0.9999999>
** MODEL ORIGINAL Limbnode ComputeLocal logs below ***
T:
(1.0000, 0.0000, 0.0000, 0.0000)
(0.0000, 1.0000, 0.0000, 0.0000)
(0.0000, 0.0000, 1.0000, 0.0000)
(-12.2441, -1.2938, -0.5711, 1.0000)
Roff:
(1.0000, 0.0000, 0.0000, 0.0000)
(0.0000, 1.0000, 0.0000, 0.0000)
(0.0000, 0.0000, 1.0000, 0.0000)
(0.0000, 0.0000, 0.0000, 1.0000)
Rp:
(1.0000, 0.0000, 0.0000, 0.0000)
(0.0000, 1.0000, 0.0000, 0.0000)
(0.0000, 0.0000, 1.0000, 0.0000)
(0.0000, 0.0000, 0.0000, 1.0000)
Pre:
(1.0000, 0.0000, 0.0000, 0.0000)
(0.0000, 1.0000, 0.0000, 0.0000)
(0.0000, 0.0000, 1.0000, 0.0000)
(0.0000, 0.0000, 0.0000, 1.0000)
R:
(0.9147, 0.3850, 0.1226, 0.0000)
(-0.3915, 0.9196, 0.0332, 0.0000)
(-0.0999, -0.0784, 0.9919, 0.0000)
(0.0000, 0.0000, 0.0000, 1.0000)
PostInv:
(1.0000, 0.0000, 0.0000, 0.0000)
(0.0000, 1.0000, 0.0000, 0.0000)
(0.0000, 0.0000, 1.0000, 0.0000)
(0.0000, 0.0000, 0.0000, 1.0000)
invRp:
(1.0000, 0.0000, 0.0000, 0.0000)
(0.0000, 1.0000, 0.0000, 0.0000)
(0.0000, 0.0000, 1.0000, 0.0000)
(-0.0000, -0.0000, -0.0000, 1.0000)
Soff:
(1.0000, 0.0000, 0.0000, 0.0000)
(0.0000, 1.0000, 0.0000, 0.0000)
(0.0000, 0.0000, 1.0000, 0.0000)
(0.0000, 0.0000, 0.0000, 1.0000)
Sp:
(1.0000, 0.0000, 0.0000, 0.0000)
(0.0000, 1.0000, 0.0000, 0.0000)
(0.0000, 0.0000, 1.0000, 0.0000)
(0.0000, 0.0000, 0.0000, 1.0000)
S:
(1.0000, 0.0000, 0.0000, 0.0000)
(0.0000, 1.0000, 0.0000, 0.0000)
(0.0000, 0.0000, 1.0000, 0.0000)
(0.0000, 0.0000, 0.0000, 1.0000)
invSp:
(1.0000, 0.0000, 0.0000, 0.0000)
(0.0000, 1.0000, 0.0000, 0.0000)
(0.0000, 0.0000, 1.0000, 0.0000)
(-0.0000, -0.0000, -0.0000, 1.0000)
Final LocalRest:
(0.9147, 0.3850, 0.1226, 0.0000)
(-0.3915, 0.9196, 0.0332, 0.0000)
(-0.0999, -0.0784, 0.9919, 0.0000)
(-10.6366, -5.8590, -2.1103, 1.0000)
Parsed bone: ID=358530537, Index=33, Name=middle_01_r, Type=LimbNode, Translation=<-12.244132, -1.2937512, -0.57113457>, Rotation={X:0.0285223 Y:-0.056874033 Z:0.19848473 W:0.97803664}, Scaling=<1.0000002, 0.9999999, 1.0000004>
** MODEL ORIGINAL Limbnode ComputeLocal logs below ***
T:
(1.0000, 0.0000, 0.0000, 0.0000)
(0.0000, 1.0000, 0.0000, 0.0000)
(0.0000, 0.0000, 1.0000, 0.0000)
(-4.6406, -0.0002, 0.0000, 1.0000)
Roff:
(1.0000, 0.0000, 0.0000, 0.0000)
(0.0000, 1.0000, 0.0000, 0.0000)
(0.0000, 0.0000, 1.0000, 0.0000)
(0.0000, 0.0000, 0.0000, 1.0000)
Rp:
(1.0000, 0.0000, 0.0000, 0.0000)
(0.0000, 1.0000, 0.0000, 0.0000)
(0.0000, 0.0000, 1.0000, 0.0000)
(0.0000, 0.0000, 0.0000, 1.0000)
Pre:
(1.0000, 0.0000, 0.0000, 0.0000)
(0.0000, 1.0000, 0.0000, 0.0000)
(0.0000, 0.0000, 1.0000, 0.0000)
(0.0000, 0.0000, 0.0000, 1.0000)
R:
(0.9769, 0.2127, -0.0198, 0.0000)
(-0.2133, 0.9764, -0.0353, 0.0000)
(0.0119, 0.0387, 0.9992, 0.0000)
(0.0000, 0.0000, 0.0000, 1.0000)
PostInv:
(1.0000, 0.0000, 0.0000, 0.0000)
(0.0000, 1.0000, 0.0000, 0.0000)
(0.0000, 0.0000, 1.0000, 0.0000)
(0.0000, 0.0000, 0.0000, 1.0000)
invRp:
(1.0000, 0.0000, 0.0000, 0.0000)
(0.0000, 1.0000, 0.0000, 0.0000)
(0.0000, 0.0000, 1.0000, 0.0000)
(-0.0000, -0.0000, -0.0000, 1.0000)
Soff:
(1.0000, 0.0000, 0.0000, 0.0000)
(0.0000, 1.0000, 0.0000, 0.0000)
(0.0000, 0.0000, 1.0000, 0.0000)
(0.0000, 0.0000, 0.0000, 1.0000)
Sp:
(1.0000, 0.0000, 0.0000, 0.0000)
(0.0000, 1.0000, 0.0000, 0.0000)
(0.0000, 0.0000, 1.0000, 0.0000)
(0.0000, 0.0000, 0.0000, 1.0000)
S:
(1.0000, 0.0000, 0.0000, 0.0000)
(0.0000, 1.0000, 0.0000, 0.0000)
(0.0000, 0.0000, 1.0000, 0.0000)
(0.0000, 0.0000, 0.0000, 1.0000)
invSp:
(1.0000, 0.0000, 0.0000, 0.0000)
(0.0000, 1.0000, 0.0000, 0.0000)
(0.0000, 0.0000, 1.0000, 0.0000)
(-0.0000, -0.0000, -0.0000, 1.0000)
Final LocalRest:
(0.9769, 0.2127, -0.0198, 0.0000)
(-0.2133, 0.9764, -0.0353, 0.0000)
(0.0119, 0.0387, 0.9992, 0.0000)
(-4.5334, -0.9870, 0.0921, 1.0000)
Parsed bone: ID=698871487, Index=34, Name=middle_02_r, Type=LimbNode, Translation=<-4.6405535, -0.00016987324, 8.285046E-06>, Rotation={X:-0.018629238 Y:0.007972913 Z:0.10711713 W:0.9940399}, Scaling=<1, 0.9999998, 0.99999994>
** MODEL ORIGINAL Limbnode ComputeLocal logs below ***
T:
(1.0000, 0.0000, 0.0000, 0.0000)
(0.0000, 1.0000, 0.0000, 0.0000)
(0.0000, 0.0000, 1.0000, 0.0000)
(-3.6489, 0.0000, -0.0000, 1.0000)
Roff:
(1.0000, 0.0000, 0.0000, 0.0000)
(0.0000, 1.0000, 0.0000, 0.0000)
(0.0000, 0.0000, 1.0000, 0.0000)
(0.0000, 0.0000, 0.0000, 1.0000)
Rp:
(1.0000, 0.0000, 0.0000, 0.0000)
(0.0000, 1.0000, 0.0000, 0.0000)
(0.0000, 0.0000, 1.0000, 0.0000)
(0.0000, 0.0000, 0.0000, 1.0000)
Pre:
(1.0000, 0.0000, 0.0000, 0.0000)
(0.0000, 1.0000, 0.0000, 0.0000)
(0.0000, 0.0000, 1.0000, 0.0000)
(0.0000, 0.0000, 0.0000, 1.0000)
R:
(0.9613, -0.2648, 0.0765, 0.0000)
(0.2645, 0.9643, 0.0136, 0.0000)
(-0.0774, 0.0072, 0.9970, 0.0000)
(0.0000, 0.0000, 0.0000, 1.0000)
PostInv:
(1.0000, 0.0000, 0.0000, 0.0000)
(0.0000, 1.0000, 0.0000, 0.0000)
(0.0000, 0.0000, 1.0000, 0.0000)
(0.0000, 0.0000, 0.0000, 1.0000)
invRp:
(1.0000, 0.0000, 0.0000, 0.0000)
(0.0000, 1.0000, 0.0000, 0.0000)
(0.0000, 0.0000, 1.0000, 0.0000)
(-0.0000, -0.0000, -0.0000, 1.0000)
Soff:
(1.0000, 0.0000, 0.0000, 0.0000)
(0.0000, 1.0000, 0.0000, 0.0000)
(0.0000, 0.0000, 1.0000, 0.0000)
(0.0000, 0.0000, 0.0000, 1.0000)
Sp:
(1.0000, 0.0000, 0.0000, 0.0000)
(0.0000, 1.0000, 0.0000, 0.0000)
(0.0000, 0.0000, 1.0000, 0.0000)
(0.0000, 0.0000, 0.0000, 1.0000)
S:
(1.0000, 0.0000, 0.0000, 0.0000)
(0.0000, 1.0000, 0.0000, 0.0000)
(0.0000, 0.0000, 1.0000, 0.0000)
(0.0000, 0.0000, 0.0000, 1.0000)
invSp:
(1.0000, 0.0000, 0.0000, 0.0000)
(0.0000, 1.0000, 0.0000, 0.0000)
(0.0000, 0.0000, 1.0000, 0.0000)
(-0.0000, -0.0000, -0.0000, 1.0000)
Final LocalRest:
(0.9613, -0.2648, 0.0765, 0.0000)
(0.2645, 0.9643, 0.0136, 0.0000)
(-0.0774, 0.0072, 0.9970, 0.0000)
(-3.5076, 0.9662, -0.2793, 1.0000)
Parsed bone: ID=391148721, Index=35, Name=middle_03_r, Type=LimbNode, Translation=<-3.6489148, 4.36306E-05, -8.612871E-06>, Rotation={X:0.0016217204 Y:-0.03886766 Z:-0.13362405 W:0.9902683}, Scaling=<1.0000002, 1.0000005, 1.0000001>
** MODEL ORIGINAL Limbnode ComputeLocal logs below ***
T:
(1.0000, 0.0000, 0.0000, 0.0000)
(0.0000, 1.0000, 0.0000, 0.0000)
(0.0000, 0.0000, 1.0000, 0.0000)
(-10.1406, -2.2634, -4.6431, 1.0000)
Roff:
(1.0000, 0.0000, 0.0000, 0.0000)
(0.0000, 1.0000, 0.0000, 0.0000)
(0.0000, 0.0000, 1.0000, 0.0000)
(0.0000, 0.0000, 0.0000, 1.0000)
Rp:
(1.0000, 0.0000, 0.0000, 0.0000)
(0.0000, 1.0000, 0.0000, 0.0000)
(0.0000, 0.0000, 1.0000, 0.0000)
(0.0000, 0.0000, 0.0000, 1.0000)
Pre:
(1.0000, 0.0000, 0.0000, 0.0000)
(0.0000, 1.0000, 0.0000, 0.0000)
(0.0000, 0.0000, 1.0000, 0.0000)
(0.0000, 0.0000, 0.0000, 1.0000)
R:
(0.8878, 0.3264, 0.3245, 0.0000)
(-0.2290, 0.9248, -0.3036, 0.0000)
(-0.3992, 0.1953, 0.8958, 0.0000)
(0.0000, 0.0000, 0.0000, 1.0000)
PostInv:
(1.0000, 0.0000, 0.0000, 0.0000)
(0.0000, 1.0000, 0.0000, 0.0000)
(0.0000, 0.0000, 1.0000, 0.0000)
(0.0000, 0.0000, 0.0000, 1.0000)
invRp:
(1.0000, 0.0000, 0.0000, 0.0000)
(0.0000, 1.0000, 0.0000, 0.0000)
(0.0000, 0.0000, 1.0000, 0.0000)
(-0.0000, -0.0000, -0.0000, 1.0000)
Soff:
(1.0000, 0.0000, 0.0000, 0.0000)
(0.0000, 1.0000, 0.0000, 0.0000)
(0.0000, 0.0000, 1.0000, 0.0000)
(0.0000, 0.0000, 0.0000, 1.0000)
Sp:
(1.0000, 0.0000, 0.0000, 0.0000)
(0.0000, 1.0000, 0.0000, 0.0000)
(0.0000, 0.0000, 1.0000, 0.0000)
(0.0000, 0.0000, 0.0000, 1.0000)
S:
(1.0000, 0.0000, 0.0000, 0.0000)
(0.0000, 1.0000, 0.0000, 0.0000)
(0.0000, 0.0000, 1.0000, 0.0000)
(0.0000, 0.0000, 0.0000, 1.0000)
invSp:
(1.0000, 0.0000, 0.0000, 0.0000)
(0.0000, 1.0000, 0.0000, 0.0000)
(0.0000, 0.0000, 1.0000, 0.0000)
(-0.0000, -0.0000, -0.0000, 1.0000)
Final LocalRest:
(0.8878, 0.3264, 0.3245, 0.0000)
(-0.2290, 0.9248, -0.3036, 0.0000)
(-0.3992, 0.1953, 0.8958, 0.0000)
(-6.6309, -6.3098, -6.7626, 1.0000)
Parsed bone: ID=743613973, Index=36, Name=pinky_01_r, Type=LimbNode, Translation=<-10.140623, -2.2633767, -4.6431036>, Rotation={X:-0.12953764 Y:-0.18789668 Z:0.14421311 W:0.96286935}, Scaling=<1, 0.99999976, 1>
** MODEL ORIGINAL Limbnode ComputeLocal logs below ***
T:
(1.0000, 0.0000, 0.0000, 0.0000)
(0.0000, 1.0000, 0.0000, 0.0000)
(0.0000, 0.0000, 1.0000, 0.0000)
(-3.5710, -0.0001, -0.0000, 1.0000)
Roff:
(1.0000, 0.0000, 0.0000, 0.0000)
(0.0000, 1.0000, 0.0000, 0.0000)
(0.0000, 0.0000, 1.0000, 0.0000)
(0.0000, 0.0000, 0.0000, 1.0000)
Rp:
(1.0000, 0.0000, 0.0000, 0.0000)
(0.0000, 1.0000, 0.0000, 0.0000)
(0.0000, 0.0000, 1.0000, 0.0000)
(0.0000, 0.0000, 0.0000, 1.0000)
Pre:
(1.0000, 0.0000, 0.0000, 0.0000)
(0.0000, 1.0000, 0.0000, 0.0000)
(0.0000, 0.0000, 1.0000, 0.0000)
(0.0000, 0.0000, 0.0000, 1.0000)
R:
(0.9807, 0.1943, 0.0230, 0.0000)
(-0.1948, 0.9807, 0.0186, 0.0000)
(-0.0189, -0.0227, 0.9996, 0.0000)
(0.0000, 0.0000, 0.0000, 1.0000)
PostInv:
(1.0000, 0.0000, 0.0000, 0.0000)
(0.0000, 1.0000, 0.0000, 0.0000)
(0.0000, 0.0000, 1.0000, 0.0000)
(0.0000, 0.0000, 0.0000, 1.0000)
invRp:
(1.0000, 0.0000, 0.0000, 0.0000)
(0.0000, 1.0000, 0.0000, 0.0000)
(0.0000, 0.0000, 1.0000, 0.0000)
(-0.0000, -0.0000, -0.0000, 1.0000)
Soff:
(1.0000, 0.0000, 0.0000, 0.0000)
(0.0000, 1.0000, 0.0000, 0.0000)
(0.0000, 0.0000, 1.0000, 0.0000)
(0.0000, 0.0000, 0.0000, 1.0000)
Sp:
(1.0000, 0.0000, 0.0000, 0.0000)
(0.0000, 1.0000, 0.0000, 0.0000)
(0.0000, 0.0000, 1.0000, 0.0000)
(0.0000, 0.0000, 0.0000, 1.0000)
S:
(1.0000, 0.0000, 0.0000, 0.0000)
(0.0000, 1.0000, 0.0000, 0.0000)
(0.0000, 0.0000, 1.0000, 0.0000)
(0.0000, 0.0000, 0.0000, 1.0000)
invSp:
(1.0000, 0.0000, 0.0000, 0.0000)
(0.0000, 1.0000, 0.0000, 0.0000)
(0.0000, 0.0000, 1.0000, 0.0000)
(-0.0000, -0.0000, -0.0000, 1.0000)
Final LocalRest:
(0.9807, 0.1943, 0.0230, 0.0000)
(-0.1948, 0.9807, 0.0186, 0.0000)
(-0.0189, -0.0227, 0.9996, 0.0000)
(-3.5020, -0.6940, -0.0820, 1.0000)
Parsed bone: ID=723769640, Index=37, Name=pinky_02_r, Type=LimbNode, Translation=<-3.571046, -9.346008E-05, -5.722046E-06>, Rotation={X:0.010359718 Y:-0.01051926 Z:0.09774849 W:0.99510163}, Scaling=<0.99999994, 1.0000001, 0.99999994>
** MODEL ORIGINAL Limbnode ComputeLocal logs below ***
T:
(1.0000, 0.0000, 0.0000, 0.0000)
(0.0000, 1.0000, 0.0000, 0.0000)
(0.0000, 0.0000, 1.0000, 0.0000)
(-2.9854, 0.0003, -0.0000, 1.0000)
Roff:
(1.0000, 0.0000, 0.0000, 0.0000)
(0.0000, 1.0000, 0.0000, 0.0000)
(0.0000, 0.0000, 1.0000, 0.0000)
(0.0000, 0.0000, 0.0000, 1.0000)
Rp:
(1.0000, 0.0000, 0.0000, 0.0000)
(0.0000, 1.0000, 0.0000, 0.0000)
(0.0000, 0.0000, 1.0000, 0.0000)
(0.0000, 0.0000, 0.0000, 1.0000)
Pre:
(1.0000, 0.0000, 0.0000, 0.0000)
(0.0000, 1.0000, 0.0000, 0.0000)
(0.0000, 0.0000, 1.0000, 0.0000)
(0.0000, 0.0000, 0.0000, 1.0000)
R:
(0.9976, 0.0181, -0.0675, 0.0000)
(-0.0176, 0.9998, 0.0078, 0.0000)
(0.0676, -0.0066, 0.9977, 0.0000)
(0.0000, 0.0000, 0.0000, 1.0000)
PostInv:
(1.0000, 0.0000, 0.0000, 0.0000)
(0.0000, 1.0000, 0.0000, 0.0000)
(0.0000, 0.0000, 1.0000, 0.0000)
(0.0000, 0.0000, 0.0000, 1.0000)
invRp:
(1.0000, 0.0000, 0.0000, 0.0000)
(0.0000, 1.0000, 0.0000, 0.0000)
(0.0000, 0.0000, 1.0000, 0.0000)
(-0.0000, -0.0000, -0.0000, 1.0000)
Soff:
(1.0000, 0.0000, 0.0000, 0.0000)
(0.0000, 1.0000, 0.0000, 0.0000)
(0.0000, 0.0000, 1.0000, 0.0000)
(0.0000, 0.0000, 0.0000, 1.0000)
Sp:
(1.0000, 0.0000, 0.0000, 0.0000)
(0.0000, 1.0000, 0.0000, 0.0000)
(0.0000, 0.0000, 1.0000, 0.0000)
(0.0000, 0.0000, 0.0000, 1.0000)
S:
(1.0000, 0.0000, 0.0000, 0.0000)
(0.0000, 1.0000, 0.0000, 0.0000)
(0.0000, 0.0000, 1.0000, 0.0000)
(0.0000, 0.0000, 0.0000, 1.0000)
invSp:
(1.0000, 0.0000, 0.0000, 0.0000)
(0.0000, 1.0000, 0.0000, 0.0000)
(0.0000, 0.0000, 1.0000, 0.0000)
(-0.0000, -0.0000, -0.0000, 1.0000)
Final LocalRest:
(0.9976, 0.0181, -0.0675, 0.0000)
(-0.0176, 0.9998, 0.0078, 0.0000)
(0.0676, -0.0066, 0.9977, 0.0000)
(-2.9781, -0.0537, 0.2014, 1.0000)
Parsed bone: ID=268509350, Index=38, Name=pinky_03_r, Type=LimbNode, Translation=<-2.9854217, 0.00034213066, -3.9100647E-05>, Rotation={X:0.003580987 Y:0.0337963 Z:0.008930141 W:0.99938244}, Scaling=<1, 1.0000004, 1.0000005>
** MODEL ORIGINAL Limbnode ComputeLocal logs below ***
T:
(1.0000, 0.0000, 0.0000, 0.0000)
(0.0000, 1.0000, 0.0000, 0.0000)
(0.0000, 0.0000, 1.0000, 0.0000)
(-11.4980, -1.7538, -2.8469, 1.0000)
Roff:
(1.0000, 0.0000, 0.0000, 0.0000)
(0.0000, 1.0000, 0.0000, 0.0000)
(0.0000, 0.0000, 1.0000, 0.0000)
(0.0000, 0.0000, 0.0000, 1.0000)
Rp:
(1.0000, 0.0000, 0.0000, 0.0000)
(0.0000, 1.0000, 0.0000, 0.0000)
(0.0000, 0.0000, 1.0000, 0.0000)
(0.0000, 0.0000, 0.0000, 1.0000)
Pre:
(1.0000, 0.0000, 0.0000, 0.0000)
(0.0000, 1.0000, 0.0000, 0.0000)
(0.0000, 0.0000, 1.0000, 0.0000)
(0.0000, 0.0000, 0.0000, 1.0000)
R:
(0.9017, 0.3882, 0.1906, 0.0000)
(-0.3436, 0.9107, -0.2293, 0.0000)
(-0.2626, 0.1413, 0.9545, 0.0000)
(0.0000, 0.0000, 0.0000, 1.0000)
PostInv:
(1.0000, 0.0000, 0.0000, 0.0000)
(0.0000, 1.0000, 0.0000, 0.0000)
(0.0000, 0.0000, 1.0000, 0.0000)
(0.0000, 0.0000, 0.0000, 1.0000)
invRp:
(1.0000, 0.0000, 0.0000, 0.0000)
(0.0000, 1.0000, 0.0000, 0.0000)
(0.0000, 0.0000, 1.0000, 0.0000)
(-0.0000, -0.0000, -0.0000, 1.0000)
Soff:
(1.0000, 0.0000, 0.0000, 0.0000)
(0.0000, 1.0000, 0.0000, 0.0000)
(0.0000, 0.0000, 1.0000, 0.0000)
(0.0000, 0.0000, 0.0000, 1.0000)
Sp:
(1.0000, 0.0000, 0.0000, 0.0000)
(0.0000, 1.0000, 0.0000, 0.0000)
(0.0000, 0.0000, 1.0000, 0.0000)
(0.0000, 0.0000, 0.0000, 1.0000)
S:
(1.0000, 0.0000, 0.0000, 0.0000)
(0.0000, 1.0000, 0.0000, 0.0000)
(0.0000, 0.0000, 1.0000, 0.0000)
(0.0000, 0.0000, 0.0000, 1.0000)
invSp:
(1.0000, 0.0000, 0.0000, 0.0000)
(0.0000, 1.0000, 0.0000, 0.0000)
(0.0000, 0.0000, 1.0000, 0.0000)
(-0.0000, -0.0000, -0.0000, 1.0000)
Final LocalRest:
(0.9017, 0.3882, 0.1906, 0.0000)
(-0.3436, 0.9107, -0.2293, 0.0000)
(-0.2626, 0.1413, 0.9545, 0.0000)
(-9.0170, -6.4626, -4.5070, 1.0000)
Parsed bone: ID=29473684, Index=39, Name=ring_01_r, Type=LimbNode, Translation=<-11.49799, -1.753794, -2.8469172>, Rotation={X:-0.09548049 Y:-0.11676537 Z:0.18851188 W:0.9704188}, Scaling=<1.0000001, 1, 0.99999994>
** MODEL ORIGINAL Limbnode ComputeLocal logs below ***
T:
(1.0000, 0.0000, 0.0000, 0.0000)
(0.0000, 1.0000, 0.0000, 0.0000)
(0.0000, 0.0000, 1.0000, 0.0000)
(-4.4299, 0.0001, -0.0000, 1.0000)
Roff:
(1.0000, 0.0000, 0.0000, 0.0000)
(0.0000, 1.0000, 0.0000, 0.0000)
(0.0000, 0.0000, 1.0000, 0.0000)
(0.0000, 0.0000, 0.0000, 1.0000)
Rp:
(1.0000, 0.0000, 0.0000, 0.0000)
(0.0000, 1.0000, 0.0000, 0.0000)
(0.0000, 0.0000, 1.0000, 0.0000)
(0.0000, 0.0000, 0.0000, 1.0000)
Pre:
(1.0000, 0.0000, 0.0000, 0.0000)
(0.0000, 1.0000, 0.0000, 0.0000)
(0.0000, 0.0000, 1.0000, 0.0000)
(0.0000, 0.0000, 0.0000, 1.0000)
R:
(0.9727, 0.2302, 0.0291, 0.0000)
(-0.2305, 0.9731, 0.0053, 0.0000)
(-0.0271, -0.0118, 0.9996, 0.0000)
(0.0000, 0.0000, 0.0000, 1.0000)
PostInv:
(1.0000, 0.0000, 0.0000, 0.0000)
(0.0000, 1.0000, 0.0000, 0.0000)
(0.0000, 0.0000, 1.0000, 0.0000)
(0.0000, 0.0000, 0.0000, 1.0000)
invRp:
(1.0000, 0.0000, 0.0000, 0.0000)
(0.0000, 1.0000, 0.0000, 0.0000)
(0.0000, 0.0000, 1.0000, 0.0000)
(-0.0000, -0.0000, -0.0000, 1.0000)
Soff:
(1.0000, 0.0000, 0.0000, 0.0000)
(0.0000, 1.0000, 0.0000, 0.0000)
(0.0000, 0.0000, 1.0000, 0.0000)
(0.0000, 0.0000, 0.0000, 1.0000)
Sp:
(1.0000, 0.0000, 0.0000, 0.0000)
(0.0000, 1.0000, 0.0000, 0.0000)
(0.0000, 0.0000, 1.0000, 0.0000)
(0.0000, 0.0000, 0.0000, 1.0000)
S:
(1.0000, 0.0000, 0.0000, 0.0000)
(0.0000, 1.0000, 0.0000, 0.0000)
(0.0000, 0.0000, 1.0000, 0.0000)
(0.0000, 0.0000, 0.0000, 1.0000)
invSp:
(1.0000, 0.0000, 0.0000, 0.0000)
(0.0000, 1.0000, 0.0000, 0.0000)
(0.0000, 0.0000, 1.0000, 0.0000)
(-0.0000, -0.0000, -0.0000, 1.0000)
Final LocalRest:
(0.9727, 0.2302, 0.0291, 0.0000)
(-0.2305, 0.9731, 0.0053, 0.0000)
(-0.0271, -0.0118, 0.9996, 0.0000)
(-4.3090, -1.0197, -0.1291, 1.0000)
Parsed bone: ID=723419071, Index=40, Name=ring_02_r, Type=LimbNode, Translation=<-4.4298577, 0.000115156174, -2.002716E-05>, Rotation={X:0.004301106 Y:-0.014167779 Z:0.11596286 W:0.9931432}, Scaling=<0.99999994, 0.9999998, 0.99999994>
** MODEL ORIGINAL Limbnode ComputeLocal logs below ***
T:
(1.0000, 0.0000, 0.0000, 0.0000)
(0.0000, 1.0000, 0.0000, 0.0000)
(0.0000, 0.0000, 1.0000, 0.0000)
(-3.4767, 0.0001, -0.0000, 1.0000)
Roff:
(1.0000, 0.0000, 0.0000, 0.0000)
(0.0000, 1.0000, 0.0000, 0.0000)
(0.0000, 0.0000, 1.0000, 0.0000)
(0.0000, 0.0000, 0.0000, 1.0000)
Rp:
(1.0000, 0.0000, 0.0000, 0.0000)
(0.0000, 1.0000, 0.0000, 0.0000)
(0.0000, 0.0000, 1.0000, 0.0000)
(0.0000, 0.0000, 0.0000, 1.0000)
Pre:
(1.0000, 0.0000, 0.0000, 0.0000)
(0.0000, 1.0000, 0.0000, 0.0000)
(0.0000, 0.0000, 1.0000, 0.0000)
(0.0000, 0.0000, 0.0000, 1.0000)
R:
(0.9734, -0.2229, -0.0521, 0.0000)
(0.2229, 0.9748, -0.0063, 0.0000)
(0.0522, -0.0055, 0.9986, 0.0000)
(0.0000, 0.0000, 0.0000, 1.0000)
PostInv:
(1.0000, 0.0000, 0.0000, 0.0000)
(0.0000, 1.0000, 0.0000, 0.0000)
(0.0000, 0.0000, 1.0000, 0.0000)
(0.0000, 0.0000, 0.0000, 1.0000)
invRp:
(1.0000, 0.0000, 0.0000, 0.0000)
(0.0000, 1.0000, 0.0000, 0.0000)
(0.0000, 0.0000, 1.0000, 0.0000)
(-0.0000, -0.0000, -0.0000, 1.0000)
Soff:
(1.0000, 0.0000, 0.0000, 0.0000)
(0.0000, 1.0000, 0.0000, 0.0000)
(0.0000, 0.0000, 1.0000, 0.0000)
(0.0000, 0.0000, 0.0000, 1.0000)
Sp:
(1.0000, 0.0000, 0.0000, 0.0000)
(0.0000, 1.0000, 0.0000, 0.0000)
(0.0000, 0.0000, 1.0000, 0.0000)
(0.0000, 0.0000, 0.0000, 1.0000)
S:
(1.0000, 0.0000, 0.0000, 0.0000)
(0.0000, 1.0000, 0.0000, 0.0000)
(0.0000, 0.0000, 1.0000, 0.0000)
(0.0000, 0.0000, 0.0000, 1.0000)
invSp:
(1.0000, 0.0000, 0.0000, 0.0000)
(0.0000, 1.0000, 0.0000, 0.0000)
(0.0000, 0.0000, 1.0000, 0.0000)
(-0.0000, -0.0000, -0.0000, 1.0000)
Final LocalRest:
(0.9734, -0.2229, -0.0521, 0.0000)
(0.2229, 0.9748, -0.0063, 0.0000)
(0.0522, -0.0055, 0.9986, 0.0000)
(-3.3843, 0.7752, 0.1812, 1.0000)
Parsed bone: ID=150225307, Index=41, Name=ring_03_r, Type=LimbNode, Translation=<-3.4766507, 8.177757E-05, -1.4305115E-06>, Rotation={X:-0.00019884067 Y:0.02625748 Z:-0.11221312 W:0.99333715}, Scaling=<1, 1.0000004, 1.0000002>
** MODEL ORIGINAL Limbnode ComputeLocal logs below ***
T:
(1.0000, 0.0000, 0.0000, 0.0000)
(0.0000, 1.0000, 0.0000, 0.0000)
(0.0000, 0.0000, 1.0000, 0.0000)
(-4.7621, -2.3752, 2.5378, 1.0000)
Roff:
(1.0000, 0.0000, 0.0000, 0.0000)
(0.0000, 1.0000, 0.0000, 0.0000)
(0.0000, 0.0000, 1.0000, 0.0000)
(0.0000, 0.0000, 0.0000, 1.0000)
Rp:
(1.0000, 0.0000, 0.0000, 0.0000)
(0.0000, 1.0000, 0.0000, 0.0000)
(0.0000, 0.0000, 1.0000, 0.0000)
(0.0000, 0.0000, 0.0000, 1.0000)
Pre:
(1.0000, 0.0000, 0.0000, 0.0000)
(0.0000, 1.0000, 0.0000, 0.0000)
(0.0000, 0.0000, 1.0000, 0.0000)
(0.0000, 0.0000, 0.0000, 1.0000)
R:
(0.7120, 0.3637, -0.6007, 0.0000)
(0.5730, 0.1935, 0.7964, 0.0000)
(0.4058, -0.9112, -0.0706, 0.0000)
(0.0000, 0.0000, 0.0000, 1.0000)
PostInv:
(1.0000, 0.0000, 0.0000, 0.0000)
(0.0000, 1.0000, 0.0000, 0.0000)
(0.0000, 0.0000, 1.0000, 0.0000)
(0.0000, 0.0000, 0.0000, 1.0000)
invRp:
(1.0000, 0.0000, 0.0000, 0.0000)
(0.0000, 1.0000, 0.0000, 0.0000)
(0.0000, 0.0000, 1.0000, 0.0000)
(-0.0000, -0.0000, -0.0000, 1.0000)
Soff:
(1.0000, 0.0000, 0.0000, 0.0000)
(0.0000, 1.0000, 0.0000, 0.0000)
(0.0000, 0.0000, 1.0000, 0.0000)
(0.0000, 0.0000, 0.0000, 1.0000)
Sp:
(1.0000, 0.0000, 0.0000, 0.0000)
(0.0000, 1.0000, 0.0000, 0.0000)
(0.0000, 0.0000, 1.0000, 0.0000)
(0.0000, 0.0000, 0.0000, 1.0000)
S:
(1.0000, 0.0000, 0.0000, 0.0000)
(0.0000, 1.0000, 0.0000, 0.0000)
(0.0000, 0.0000, 1.0000, 0.0000)
(0.0000, 0.0000, 0.0000, 1.0000)
invSp:
(1.0000, 0.0000, 0.0000, 0.0000)
(0.0000, 1.0000, 0.0000, 0.0000)
(0.0000, 0.0000, 1.0000, 0.0000)
(-0.0000, -0.0000, -0.0000, 1.0000)
Final LocalRest:
(0.7120, 0.3637, -0.6007, 0.0000)
(0.5730, 0.1935, 0.7964, 0.0000)
(0.4058, -0.9112, -0.0706, 0.0000)
(-3.7218, -4.5038, 0.7898, 1.0000)
Parsed bone: ID=485099679, Index=42, Name=thumb_01_r, Type=LimbNode, Translation=<-4.762131, -2.3751612, 2.5378013>, Rotation={X:0.6303091 Y:0.37152582 Z:-0.07729001 W:0.6772778}, Scaling=<1.0000002, 1.0000002, 1.0000002>
** MODEL ORIGINAL Limbnode ComputeLocal logs below ***
T:
(1.0000, 0.0000, 0.0000, 0.0000)
(0.0000, 1.0000, 0.0000, 0.0000)
(0.0000, 0.0000, 1.0000, 0.0000)
(-3.8696, 0.0001, 0.0000, 1.0000)
Roff:
(1.0000, 0.0000, 0.0000, 0.0000)
(0.0000, 1.0000, 0.0000, 0.0000)
(0.0000, 0.0000, 1.0000, 0.0000)
(0.0000, 0.0000, 0.0000, 1.0000)
Rp:
(1.0000, 0.0000, 0.0000, 0.0000)
(0.0000, 1.0000, 0.0000, 0.0000)
(0.0000, 0.0000, 1.0000, 0.0000)
(0.0000, 0.0000, 0.0000, 1.0000)
Pre:
(1.0000, 0.0000, 0.0000, 0.0000)
(0.0000, 1.0000, 0.0000, 0.0000)
(0.0000, 0.0000, 1.0000, 0.0000)
(0.0000, 0.0000, 0.0000, 1.0000)
R:
(0.9511, 0.2575, -0.1708, 0.0000)
(-0.2566, 0.9661, 0.0277, 0.0000)
(0.1721, 0.0174, 0.9849, 0.0000)
(0.0000, 0.0000, 0.0000, 1.0000)
PostInv:
(1.0000, 0.0000, 0.0000, 0.0000)
(0.0000, 1.0000, 0.0000, 0.0000)
(0.0000, 0.0000, 1.0000, 0.0000)
(0.0000, 0.0000, 0.0000, 1.0000)
invRp:
(1.0000, 0.0000, 0.0000, 0.0000)
(0.0000, 1.0000, 0.0000, 0.0000)
(0.0000, 0.0000, 1.0000, 0.0000)
(-0.0000, -0.0000, -0.0000, 1.0000)
Soff:
(1.0000, 0.0000, 0.0000, 0.0000)
(0.0000, 1.0000, 0.0000, 0.0000)
(0.0000, 0.0000, 1.0000, 0.0000)
(0.0000, 0.0000, 0.0000, 1.0000)
Sp:
(1.0000, 0.0000, 0.0000, 0.0000)
(0.0000, 1.0000, 0.0000, 0.0000)
(0.0000, 0.0000, 1.0000, 0.0000)
(0.0000, 0.0000, 0.0000, 1.0000)
S:
(1.0000, 0.0000, 0.0000, 0.0000)
(0.0000, 1.0000, 0.0000, 0.0000)
(0.0000, 0.0000, 1.0000, 0.0000)
(0.0000, 0.0000, 0.0000, 1.0000)
invSp:
(1.0000, 0.0000, 0.0000, 0.0000)
(0.0000, 1.0000, 0.0000, 0.0000)
(0.0000, 0.0000, 1.0000, 0.0000)
(-0.0000, -0.0000, -0.0000, 1.0000)
Final LocalRest:
(0.9511, 0.2575, -0.1708, 0.0000)
(-0.2566, 0.9661, 0.0277, 0.0000)
(0.1721, 0.0174, 0.9849, 0.0000)
(-3.6802, -0.9964, 0.6609, 1.0000)
Parsed bone: ID=745533625, Index=43, Name=thumb_02_r, Type=LimbNode, Translation=<-3.8695624, 0.00011444092, 2.0444393E-05>, Rotation={X:0.002605162 Y:0.08679726 Z:0.13014178 W:0.9876855}, Scaling=<1, 1, 1>
** MODEL ORIGINAL Limbnode ComputeLocal logs below ***
T:
(1.0000, 0.0000, 0.0000, 0.0000)
(0.0000, 1.0000, 0.0000, 0.0000)
(0.0000, 0.0000, 1.0000, 0.0000)
(-4.0622, 0.0000, 0.0000, 1.0000)
Roff:
(1.0000, 0.0000, 0.0000, 0.0000)
(0.0000, 1.0000, 0.0000, 0.0000)
(0.0000, 0.0000, 1.0000, 0.0000)
(0.0000, 0.0000, 0.0000, 1.0000)
Rp:
(1.0000, 0.0000, 0.0000, 0.0000)
(0.0000, 1.0000, 0.0000, 0.0000)
(0.0000, 0.0000, 1.0000, 0.0000)
(0.0000, 0.0000, 0.0000, 1.0000)
Pre:
(1.0000, 0.0000, 0.0000, 0.0000)
(0.0000, 1.0000, 0.0000, 0.0000)
(0.0000, 0.0000, 1.0000, 0.0000)
(0.0000, 0.0000, 0.0000, 1.0000)
R:
(0.9767, -0.2145, -0.0084, 0.0000)
(0.2146, 0.9758, 0.0421, 0.0000)
(-0.0009, -0.0429, 0.9991, 0.0000)
(0.0000, 0.0000, 0.0000, 1.0000)
PostInv:
(1.0000, 0.0000, 0.0000, 0.0000)
(0.0000, 1.0000, 0.0000, 0.0000)
(0.0000, 0.0000, 1.0000, 0.0000)
(0.0000, 0.0000, 0.0000, 1.0000)
invRp:
(1.0000, 0.0000, 0.0000, 0.0000)
(0.0000, 1.0000, 0.0000, 0.0000)
(0.0000, 0.0000, 1.0000, 0.0000)
(-0.0000, -0.0000, -0.0000, 1.0000)
Soff:
(1.0000, 0.0000, 0.0000, 0.0000)
(0.0000, 1.0000, 0.0000, 0.0000)
(0.0000, 0.0000, 1.0000, 0.0000)
(0.0000, 0.0000, 0.0000, 1.0000)
Sp:
(1.0000, 0.0000, 0.0000, 0.0000)
(0.0000, 1.0000, 0.0000, 0.0000)
(0.0000, 0.0000, 1.0000, 0.0000)
(0.0000, 0.0000, 0.0000, 1.0000)
S:
(1.0000, 0.0000, 0.0000, 0.0000)
(0.0000, 1.0000, 0.0000, 0.0000)
(0.0000, 0.0000, 1.0000, 0.0000)
(0.0000, 0.0000, 0.0000, 1.0000)
invSp:
(1.0000, 0.0000, 0.0000, 0.0000)
(0.0000, 1.0000, 0.0000, 0.0000)
(0.0000, 0.0000, 1.0000, 0.0000)
(-0.0000, -0.0000, -0.0000, 1.0000)
Final LocalRest:
(0.9767, -0.2145, -0.0084, 0.0000)
(0.2146, 0.9758, 0.0421, 0.0000)
(-0.0009, -0.0429, 0.9991, 0.0000)
(-3.9675, 0.8713, 0.0340, 1.0000)
Parsed bone: ID=545493696, Index=44, Name=thumb_03_r, Type=LimbNode, Translation=<-4.06217, 7.122755E-06, 2.6464462E-05>, Rotation={X:0.021399073 Y:0.0018832985 Z:-0.10793762 W:0.9939256}, Scaling=<1, 0.9999998, 0.9999999>
** MODEL ORIGINAL Limbnode ComputeLocal logs below ***
T:
(1.0000, 0.0000, 0.0000, 0.0000)
(0.0000, 1.0000, 0.0000, 0.0000)
(0.0000, 0.0000, 1.0000, 0.0000)
(-14.0000, 0.0000, -0.0000, 1.0000)
Roff:
(1.0000, 0.0000, 0.0000, 0.0000)
(0.0000, 1.0000, 0.0000, 0.0000)
(0.0000, 0.0000, 1.0000, 0.0000)
(0.0000, 0.0000, 0.0000, 1.0000)
Rp:
(1.0000, 0.0000, 0.0000, 0.0000)
(0.0000, 1.0000, 0.0000, 0.0000)
(0.0000, 0.0000, 1.0000, 0.0000)
(0.0000, 0.0000, 0.0000, 1.0000)
Pre:
(1.0000, 0.0000, 0.0000, 0.0000)
(0.0000, 1.0000, 0.0000, 0.0000)
(0.0000, 0.0000, 1.0000, 0.0000)
(0.0000, 0.0000, 0.0000, 1.0000)
R:
(1.0000, -0.0000, 0.0000, 0.0000)
(0.0000, 0.9723, -0.2336, 0.0000)
(-0.0000, 0.2336, 0.9723, 0.0000)
(0.0000, 0.0000, 0.0000, 1.0000)
PostInv:
(1.0000, 0.0000, 0.0000, 0.0000)
(0.0000, 1.0000, 0.0000, 0.0000)
(0.0000, 0.0000, 1.0000, 0.0000)
(0.0000, 0.0000, 0.0000, 1.0000)
invRp:
(1.0000, 0.0000, 0.0000, 0.0000)
(0.0000, 1.0000, 0.0000, 0.0000)
(0.0000, 0.0000, 1.0000, 0.0000)
(-0.0000, -0.0000, -0.0000, 1.0000)
Soff:
(1.0000, 0.0000, 0.0000, 0.0000)
(0.0000, 1.0000, 0.0000, 0.0000)
(0.0000, 0.0000, 1.0000, 0.0000)
(0.0000, 0.0000, 0.0000, 1.0000)
Sp:
(1.0000, 0.0000, 0.0000, 0.0000)
(0.0000, 1.0000, 0.0000, 0.0000)
(0.0000, 0.0000, 1.0000, 0.0000)
(0.0000, 0.0000, 0.0000, 1.0000)
S:
(1.0000, 0.0000, 0.0000, 0.0000)
(0.0000, 1.0000, 0.0000, 0.0000)
(0.0000, 0.0000, 1.0000, 0.0000)
(0.0000, 0.0000, 0.0000, 1.0000)
invSp:
(1.0000, 0.0000, 0.0000, 0.0000)
(0.0000, 1.0000, 0.0000, 0.0000)
(0.0000, 0.0000, 1.0000, 0.0000)
(-0.0000, -0.0000, -0.0000, 1.0000)
Final LocalRest:
(1.0000, -0.0000, 0.0000, 0.0000)
(0.0000, 0.9723, -0.2336, 0.0000)
(-0.0000, 0.2336, 0.9723, 0.0000)
(-14.0000, 0.0000, -0.0001, 1.0000)
Parsed bone: ID=208942987, Index=45, Name=lowerarm_twist_01_r, Type=LimbNode, Translation=<-13.999999, 2.4318695E-05, -4.0769577E-05>, Rotation={X:-0.117627345 Y:-2.353376E-07 Z:-1.15236304E-07 W:0.9930578}, Scaling=<0.99999976, 0.99999964, 0.9999997>
** MODEL ORIGINAL Limbnode ComputeLocal logs below ***
T:
(1.0000, 0.0000, 0.0000, 0.0000)
(0.0000, 1.0000, 0.0000, 0.0000)
(0.0000, 0.0000, 1.0000, 0.0000)
(16.5588, -0.3553, -0.0000, 1.0000)
Roff:
(1.0000, 0.0000, 0.0000, 0.0000)
(0.0000, 1.0000, 0.0000, 0.0000)
(0.0000, 0.0000, 1.0000, 0.0000)
(0.0000, 0.0000, 0.0000, 1.0000)
Rp:
(1.0000, 0.0000, 0.0000, 0.0000)
(0.0000, 1.0000, 0.0000, 0.0000)
(0.0000, 0.0000, 1.0000, 0.0000)
(0.0000, 0.0000, 0.0000, 1.0000)
Pre:
(1.0000, 0.0000, 0.0000, 0.0000)
(0.0000, 1.0000, 0.0000, 0.0000)
(0.0000, 0.0000, 1.0000, 0.0000)
(0.0000, 0.0000, 0.0000, 1.0000)
R:
(0.9170, -0.3989, 0.0000, 0.0000)
(0.3989, 0.9170, -0.0000, 0.0000)
(0.0000, 0.0000, 1.0000, 0.0000)
(0.0000, 0.0000, 0.0000, 1.0000)
PostInv:
(1.0000, 0.0000, 0.0000, 0.0000)
(0.0000, 1.0000, 0.0000, 0.0000)
(0.0000, 0.0000, 1.0000, 0.0000)
(0.0000, 0.0000, 0.0000, 1.0000)
invRp:
(1.0000, 0.0000, 0.0000, 0.0000)
(0.0000, 1.0000, 0.0000, 0.0000)
(0.0000, 0.0000, 1.0000, 0.0000)
(-0.0000, -0.0000, -0.0000, 1.0000)
Soff:
(1.0000, 0.0000, 0.0000, 0.0000)
(0.0000, 1.0000, 0.0000, 0.0000)
(0.0000, 0.0000, 1.0000, 0.0000)
(0.0000, 0.0000, 0.0000, 1.0000)
Sp:
(1.0000, 0.0000, 0.0000, 0.0000)
(0.0000, 1.0000, 0.0000, 0.0000)
(0.0000, 0.0000, 1.0000, 0.0000)
(0.0000, 0.0000, 0.0000, 1.0000)
S:
(1.0000, 0.0000, 0.0000, 0.0000)
(0.0000, 1.0000, 0.0000, 0.0000)
(0.0000, 0.0000, 1.0000, 0.0000)
(0.0000, 0.0000, 0.0000, 1.0000)
invSp:
(1.0000, 0.0000, 0.0000, 0.0000)
(0.0000, 1.0000, 0.0000, 0.0000)
(0.0000, 0.0000, 1.0000, 0.0000)
(-0.0000, -0.0000, -0.0000, 1.0000)
Final LocalRest:
(0.9170, -0.3989, 0.0000, 0.0000)
(0.3989, 0.9170, -0.0000, 0.0000)
(0.0000, 0.0000, 1.0000, 0.0000)
(15.0427, -6.9308, -0.0000, 1.0000)
Parsed bone: ID=933388513, Index=46, Name=neck_01, Type=LimbNode, Translation=<16.55876, -0.3553276, -2.7130006E-06>, Rotation={X:-3.3606195E-08 Y:-4.6333355E-09 Z:-0.20371099 W:0.9790311}, Scaling=<1.0000001, 1.0000001, 1>
** MODEL ORIGINAL Limbnode ComputeLocal logs below ***
T:
(1.0000, 0.0000, 0.0000, 0.0000)
(0.0000, 1.0000, 0.0000, 0.0000)
(0.0000, 0.0000, 1.0000, 0.0000)
(12.1620, -0.6536, -0.0000, 1.0000)
Roff:
(1.0000, 0.0000, 0.0000, 0.0000)
(0.0000, 1.0000, 0.0000, 0.0000)
(0.0000, 0.0000, 1.0000, 0.0000)
(0.0000, 0.0000, 0.0000, 1.0000)
Rp:
(1.0000, 0.0000, 0.0000, 0.0000)
(0.0000, 1.0000, 0.0000, 0.0000)
(0.0000, 0.0000, 1.0000, 0.0000)
(0.0000, 0.0000, 0.0000, 1.0000)
Pre:
(1.0000, 0.0000, 0.0000, 0.0000)
(0.0000, 1.0000, 0.0000, 0.0000)
(0.0000, 0.0000, 1.0000, 0.0000)
(0.0000, 0.0000, 0.0000, 1.0000)
R:
(0.9643, 0.2647, -0.0000, 0.0000)
(-0.2647, 0.9643, 0.0000, 0.0000)
(0.0000, -0.0000, 1.0000, 0.0000)
(0.0000, 0.0000, 0.0000, 1.0000)
PostInv:
(1.0000, 0.0000, 0.0000, 0.0000)
(0.0000, 1.0000, 0.0000, 0.0000)
(0.0000, 0.0000, 1.0000, 0.0000)
(0.0000, 0.0000, 0.0000, 1.0000)
invRp:
(1.0000, 0.0000, 0.0000, 0.0000)
(0.0000, 1.0000, 0.0000, 0.0000)
(0.0000, 0.0000, 1.0000, 0.0000)
(-0.0000, -0.0000, -0.0000, 1.0000)
Soff:
(1.0000, 0.0000, 0.0000, 0.0000)
(0.0000, 1.0000, 0.0000, 0.0000)
(0.0000, 0.0000, 1.0000, 0.0000)
(0.0000, 0.0000, 0.0000, 1.0000)
Sp:
(1.0000, 0.0000, 0.0000, 0.0000)
(0.0000, 1.0000, 0.0000, 0.0000)
(0.0000, 0.0000, 1.0000, 0.0000)
(0.0000, 0.0000, 0.0000, 1.0000)
S:
(1.0000, 0.0000, 0.0000, 0.0000)
(0.0000, 1.0000, 0.0000, 0.0000)
(0.0000, 0.0000, 1.0000, 0.0000)
(0.0000, 0.0000, 0.0000, 1.0000)
invSp:
(1.0000, 0.0000, 0.0000, 0.0000)
(0.0000, 1.0000, 0.0000, 0.0000)
(0.0000, 0.0000, 1.0000, 0.0000)
(-0.0000, -0.0000, -0.0000, 1.0000)
Final LocalRest:
(0.9643, 0.2647, -0.0000, 0.0000)
(-0.2647, 0.9643, 0.0000, 0.0000)
(0.0000, -0.0000, 1.0000, 0.0000)
(11.9012, 2.5889, -0.0000, 1.0000)
Parsed bone: ID=807889176, Index=47, Name=head, Type=LimbNode, Translation=<12.162012, -0.6536355, -1.6869212E-06>, Rotation={X:2.2199314E-08 Y:3.4372225E-09 Z:0.13354236 W:0.9910431}, Scaling=<0.9999999, 0.9999999, 1>
** MODEL ORIGINAL Limbnode ComputeLocal logs below ***
T:
(1.0000, 0.0000, 0.0000, 0.0000)
(0.0000, 1.0000, 0.0000, 0.0000)
(0.0000, 0.0000, 1.0000, 0.0000)
(-1.4488, -0.5314, -9.0058, 1.0000)
Roff:
(1.0000, 0.0000, 0.0000, 0.0000)
(0.0000, 1.0000, 0.0000, 0.0000)
(0.0000, 0.0000, 1.0000, 0.0000)
(0.0000, 0.0000, 0.0000, 1.0000)
Rp:
(1.0000, 0.0000, 0.0000, 0.0000)
(0.0000, 1.0000, 0.0000, 0.0000)
(0.0000, 0.0000, 1.0000, 0.0000)
(0.0000, 0.0000, 0.0000, 1.0000)
Pre:
(1.0000, 0.0000, 0.0000, 0.0000)
(0.0000, 1.0000, 0.0000, 0.0000)
(0.0000, 0.0000, 1.0000, 0.0000)
(0.0000, 0.0000, 0.0000, 1.0000)
R:
(0.9921, -0.0262, 0.1224, 0.0000)
(0.0079, 0.9890, 0.1478, 0.0000)
(-0.1250, -0.1457, 0.9814, 0.0000)
(0.0000, 0.0000, 0.0000, 1.0000)
PostInv:
(1.0000, 0.0000, 0.0000, 0.0000)
(0.0000, 1.0000, 0.0000, 0.0000)
(0.0000, 0.0000, 1.0000, 0.0000)
(0.0000, 0.0000, 0.0000, 1.0000)
invRp:
(1.0000, 0.0000, 0.0000, 0.0000)
(0.0000, 1.0000, 0.0000, 0.0000)
(0.0000, 0.0000, 1.0000, 0.0000)
(-0.0000, -0.0000, -0.0000, 1.0000)
Soff:
(1.0000, 0.0000, 0.0000, 0.0000)
(0.0000, 1.0000, 0.0000, 0.0000)
(0.0000, 0.0000, 1.0000, 0.0000)
(0.0000, 0.0000, 0.0000, 1.0000)
Sp:
(1.0000, 0.0000, 0.0000, 0.0000)
(0.0000, 1.0000, 0.0000, 0.0000)
(0.0000, 0.0000, 1.0000, 0.0000)
(0.0000, 0.0000, 0.0000, 1.0000)
S:
(1.0000, 0.0000, 0.0000, 0.0000)
(0.0000, 1.0000, 0.0000, 0.0000)
(0.0000, 0.0000, 1.0000, 0.0000)
(0.0000, 0.0000, 0.0000, 1.0000)
invSp:
(1.0000, 0.0000, 0.0000, 0.0000)
(0.0000, 1.0000, 0.0000, 0.0000)
(0.0000, 0.0000, 1.0000, 0.0000)
(-0.0000, -0.0000, -0.0000, 1.0000)
Final LocalRest:
(0.9921, -0.0262, 0.1224, 0.0000)
(0.0079, 0.9890, 0.1478, 0.0000)
(-0.1250, -0.1457, 0.9814, 0.0000)
(-0.3163, 0.8242, -9.0943, 1.0000)
Parsed bone: ID=169950146, Index=48, Name=thigh_l, Type=LimbNode, Translation=<-1.448834, -0.53142107, -9.005809>, Rotation={X:0.07370488 Y:-0.062138855 Z:-0.0085845785 W:0.9953053}, Scaling=<1, 1.0000001, 1>
** MODEL ORIGINAL Limbnode ComputeLocal logs below ***
T:
(1.0000, 0.0000, 0.0000, 0.0000)
(0.0000, 1.0000, 0.0000, 0.0000)
(0.0000, 0.0000, 1.0000, 0.0000)
(-42.5720, 0.0000, -0.0000, 1.0000)
Roff:
(1.0000, 0.0000, 0.0000, 0.0000)
(0.0000, 1.0000, 0.0000, 0.0000)
(0.0000, 0.0000, 1.0000, 0.0000)
(0.0000, 0.0000, 0.0000, 1.0000)
Rp:
(1.0000, 0.0000, 0.0000, 0.0000)
(0.0000, 1.0000, 0.0000, 0.0000)
(0.0000, 0.0000, 1.0000, 0.0000)
(0.0000, 0.0000, 0.0000, 1.0000)
Pre:
(1.0000, 0.0000, 0.0000, 0.0000)
(0.0000, 1.0000, 0.0000, 0.0000)
(0.0000, 0.0000, 1.0000, 0.0000)
(0.0000, 0.0000, 0.0000, 1.0000)
R:
(0.9907, -0.1324, -0.0312, 0.0000)
(0.1287, 0.9866, -0.0999, 0.0000)
(0.0440, 0.0950, 0.9945, 0.0000)
(0.0000, 0.0000, 0.0000, 1.0000)
PostInv:
(1.0000, 0.0000, 0.0000, 0.0000)
(0.0000, 1.0000, 0.0000, 0.0000)
(0.0000, 0.0000, 1.0000, 0.0000)
(0.0000, 0.0000, 0.0000, 1.0000)
invRp:
(1.0000, 0.0000, 0.0000, 0.0000)
(0.0000, 1.0000, 0.0000, 0.0000)
(0.0000, 0.0000, 1.0000, 0.0000)
(-0.0000, -0.0000, -0.0000, 1.0000)
Soff:
(1.0000, 0.0000, 0.0000, 0.0000)
(0.0000, 1.0000, 0.0000, 0.0000)
(0.0000, 0.0000, 1.0000, 0.0000)
(0.0000, 0.0000, 0.0000, 1.0000)
Sp:
(1.0000, 0.0000, 0.0000, 0.0000)
(0.0000, 1.0000, 0.0000, 0.0000)
(0.0000, 0.0000, 1.0000, 0.0000)
(0.0000, 0.0000, 0.0000, 1.0000)
S:
(1.0000, 0.0000, 0.0000, 0.0000)
(0.0000, 1.0000, 0.0000, 0.0000)
(0.0000, 0.0000, 1.0000, 0.0000)
(0.0000, 0.0000, 0.0000, 1.0000)
invSp:
(1.0000, 0.0000, 0.0000, 0.0000)
(0.0000, 1.0000, 0.0000, 0.0000)
(0.0000, 0.0000, 1.0000, 0.0000)
(-0.0000, -0.0000, -0.0000, 1.0000)
Final LocalRest:
(0.9907, -0.1324, -0.0312, 0.0000)
(0.1287, 0.9866, -0.0999, 0.0000)
(0.0440, 0.0950, 0.9945, 0.0000)
(-42.1762, 5.6377, 1.3278, 1.0000)
Parsed bone: ID=373544601, Index=49, Name=calf_l, Type=LimbNode, Translation=<-42.57202, 1.1920929E-07, -2.4735928E-06>, Rotation={X:-0.048884206 Y:0.018863864 Z:-0.065522276 W:0.99647444}, Scaling=<1, 0.99999976, 0.99999994>
** MODEL ORIGINAL Limbnode ComputeLocal logs below ***
T:
(1.0000, 0.0000, 0.0000, 0.0000)
(0.0000, 1.0000, 0.0000, 0.0000)
(0.0000, 0.0000, 1.0000, 0.0000)
(-40.1967, -0.0000, 0.0000, 1.0000)
Roff:
(1.0000, 0.0000, 0.0000, 0.0000)
(0.0000, 1.0000, 0.0000, 0.0000)
(0.0000, 0.0000, 1.0000, 0.0000)
(0.0000, 0.0000, 0.0000, 1.0000)
Rp:
(1.0000, 0.0000, 0.0000, 0.0000)
(0.0000, 1.0000, 0.0000, 0.0000)
(0.0000, 0.0000, 1.0000, 0.0000)
(0.0000, 0.0000, 0.0000, 1.0000)
Pre:
(1.0000, 0.0000, 0.0000, 0.0000)
(0.0000, 1.0000, 0.0000, 0.0000)
(0.0000, 0.0000, 1.0000, 0.0000)
(0.0000, 0.0000, 0.0000, 1.0000)
R:
(0.9881, 0.1399, -0.0646, 0.0000)
(-0.1407, 0.9900, -0.0072, 0.0000)
(0.0630, 0.0162, 0.9979, 0.0000)
(0.0000, 0.0000, 0.0000, 1.0000)
PostInv:
(1.0000, 0.0000, 0.0000, 0.0000)
(0.0000, 1.0000, 0.0000, 0.0000)
(0.0000, 0.0000, 1.0000, 0.0000)
(0.0000, 0.0000, 0.0000, 1.0000)
invRp:
(1.0000, 0.0000, 0.0000, 0.0000)
(0.0000, 1.0000, 0.0000, 0.0000)
(0.0000, 0.0000, 1.0000, 0.0000)
(-0.0000, -0.0000, -0.0000, 1.0000)
Soff:
(1.0000, 0.0000, 0.0000, 0.0000)
(0.0000, 1.0000, 0.0000, 0.0000)
(0.0000, 0.0000, 1.0000, 0.0000)
(0.0000, 0.0000, 0.0000, 1.0000)
Sp:
(1.0000, 0.0000, 0.0000, 0.0000)
(0.0000, 1.0000, 0.0000, 0.0000)
(0.0000, 0.0000, 1.0000, 0.0000)
(0.0000, 0.0000, 0.0000, 1.0000)
S:
(1.0000, 0.0000, 0.0000, 0.0000)
(0.0000, 1.0000, 0.0000, 0.0000)
(0.0000, 0.0000, 1.0000, 0.0000)
(0.0000, 0.0000, 0.0000, 1.0000)
invSp:
(1.0000, 0.0000, 0.0000, 0.0000)
(0.0000, 1.0000, 0.0000, 0.0000)
(0.0000, 0.0000, 1.0000, 0.0000)
(-0.0000, -0.0000, -0.0000, 1.0000)
Final LocalRest:
(0.9881, 0.1399, -0.0646, 0.0000)
(-0.1407, 0.9900, -0.0072, 0.0000)
(0.0630, 0.0162, 0.9979, 0.0000)
(-39.7165, -5.6239, 2.5974, 1.0000)
Parsed bone: ID=125953574, Index=50, Name=foot_l, Type=LimbNode, Translation=<-40.196697, -7.6293945E-06, 1.4901161E-07>, Rotation={X:-0.005885798 Y:0.031991374 Z:0.070354596 W:0.9969916}, Scaling=<0.99999994, 1, 1>
** MODEL ORIGINAL Limbnode ComputeLocal logs below ***
T:
(1.0000, 0.0000, 0.0000, 0.0000)
(0.0000, 1.0000, 0.0000, 0.0000)
(0.0000, 0.0000, 1.0000, 0.0000)
(-10.4799, -14.5441, -0.0125, 1.0000)
Roff:
(1.0000, 0.0000, 0.0000, 0.0000)
(0.0000, 1.0000, 0.0000, 0.0000)
(0.0000, 0.0000, 1.0000, 0.0000)
(0.0000, 0.0000, 0.0000, 1.0000)
Rp:
(1.0000, 0.0000, 0.0000, 0.0000)
(0.0000, 1.0000, 0.0000, 0.0000)
(0.0000, 0.0000, 1.0000, 0.0000)
(0.0000, 0.0000, 0.0000, 1.0000)
Pre:
(1.0000, 0.0000, 0.0000, 0.0000)
(0.0000, 1.0000, 0.0000, 0.0000)
(0.0000, 0.0000, 1.0000, 0.0000)
(0.0000, 0.0000, 0.0000, 1.0000)
R:
(-0.0329, -0.9995, -0.0002, 0.0000)
(0.9995, -0.0329, 0.0001, 0.0000)
(-0.0001, -0.0002, 1.0000, 0.0000)
(0.0000, 0.0000, 0.0000, 1.0000)
PostInv:
(1.0000, 0.0000, 0.0000, 0.0000)
(0.0000, 1.0000, 0.0000, 0.0000)
(0.0000, 0.0000, 1.0000, 0.0000)
(0.0000, 0.0000, 0.0000, 1.0000)
invRp:
(1.0000, 0.0000, 0.0000, 0.0000)
(0.0000, 1.0000, 0.0000, 0.0000)
(0.0000, 0.0000, 1.0000, 0.0000)
(-0.0000, -0.0000, -0.0000, 1.0000)
Soff:
(1.0000, 0.0000, 0.0000, 0.0000)
(0.0000, 1.0000, 0.0000, 0.0000)
(0.0000, 0.0000, 1.0000, 0.0000)
(0.0000, 0.0000, 0.0000, 1.0000)
Sp:
(1.0000, 0.0000, 0.0000, 0.0000)
(0.0000, 1.0000, 0.0000, 0.0000)
(0.0000, 0.0000, 1.0000, 0.0000)
(0.0000, 0.0000, 0.0000, 1.0000)
S:
(1.0000, 0.0000, 0.0000, 0.0000)
(0.0000, 1.0000, 0.0000, 0.0000)
(0.0000, 0.0000, 1.0000, 0.0000)
(0.0000, 0.0000, 0.0000, 1.0000)
invSp:
(1.0000, 0.0000, 0.0000, 0.0000)
(0.0000, 1.0000, 0.0000, 0.0000)
(0.0000, 0.0000, 1.0000, 0.0000)
(-0.0000, -0.0000, -0.0000, 1.0000)
Final LocalRest:
(-0.0329, -0.9995, -0.0002, 0.0000)
(0.9995, -0.0329, 0.0001, 0.0000)
(-0.0001, -0.0002, 1.0000, 0.0000)
(-14.1918, 10.9523, -0.0119, 1.0000)
Parsed bone: ID=498184965, Index=51, Name=ball_l, Type=LimbNode, Translation=<-10.479882, -14.54408, -0.012502149>, Rotation={X:8.016033E-05 Y:2.9583125E-05 Z:-0.71863383 W:0.69538873}, Scaling=<0.99999976, 0.9999999, 0.99999994>
** MODEL ORIGINAL Limbnode ComputeLocal logs below ***
T:
(1.0000, 0.0000, 0.0000, 0.0000)
(0.0000, 1.0000, 0.0000, 0.0000)
(0.0000, 0.0000, 1.0000, 0.0000)
(-1.4487, -0.5314, 9.0058, 1.0000)
Roff:
(1.0000, 0.0000, 0.0000, 0.0000)
(0.0000, 1.0000, 0.0000, 0.0000)
(0.0000, 0.0000, 1.0000, 0.0000)
(0.0000, 0.0000, 0.0000, 1.0000)
Rp:
(1.0000, 0.0000, 0.0000, 0.0000)
(0.0000, 1.0000, 0.0000, 0.0000)
(0.0000, 0.0000, 1.0000, 0.0000)
(0.0000, 0.0000, 0.0000, 1.0000)
Pre:
(1.0000, 0.0000, 0.0000, 0.0000)
(0.0000, 1.0000, 0.0000, 0.0000)
(0.0000, 0.0000, 1.0000, 0.0000)
(0.0000, 0.0000, 0.0000, 1.0000)
R:
(-0.9921, 0.0262, 0.1224, 0.0000)
(-0.0079, -0.9890, 0.1478, 0.0000)
(0.1250, 0.1457, 0.9814, 0.0000)
(0.0000, 0.0000, 0.0000, 1.0000)
PostInv:
(1.0000, 0.0000, 0.0000, 0.0000)
(0.0000, 1.0000, 0.0000, 0.0000)
(0.0000, 0.0000, 1.0000, 0.0000)
(0.0000, 0.0000, 0.0000, 1.0000)
invRp:
(1.0000, 0.0000, 0.0000, 0.0000)
(0.0000, 1.0000, 0.0000, 0.0000)
(0.0000, 0.0000, 1.0000, 0.0000)
(-0.0000, -0.0000, -0.0000, 1.0000)
Soff:
(1.0000, 0.0000, 0.0000, 0.0000)
(0.0000, 1.0000, 0.0000, 0.0000)
(0.0000, 0.0000, 1.0000, 0.0000)
(0.0000, 0.0000, 0.0000, 1.0000)
Sp:
(1.0000, 0.0000, 0.0000, 0.0000)
(0.0000, 1.0000, 0.0000, 0.0000)
(0.0000, 0.0000, 1.0000, 0.0000)
(0.0000, 0.0000, 0.0000, 1.0000)
S:
(1.0000, 0.0000, 0.0000, 0.0000)
(0.0000, 1.0000, 0.0000, 0.0000)
(0.0000, 0.0000, 1.0000, 0.0000)
(0.0000, 0.0000, 0.0000, 1.0000)
invSp:
(1.0000, 0.0000, 0.0000, 0.0000)
(0.0000, 1.0000, 0.0000, 0.0000)
(0.0000, 0.0000, 1.0000, 0.0000)
(-0.0000, -0.0000, -0.0000, 1.0000)
Final LocalRest:
(-0.9921, 0.0262, 0.1224, 0.0000)
(-0.0079, -0.9890, 0.1478, 0.0000)
(0.1250, 0.1457, 0.9814, 0.0000)
(2.5668, 1.7992, 8.5824, 1.0000)
Parsed bone: ID=425256135, Index=52, Name=thigh_r, Type=LimbNode, Translation=<-1.4486576, -0.5314237, 9.005804>, Rotation={X:0.062138546 Y:0.07370447 Z:0.99530536 W:0.008584309}, Scaling=<1, 0.99999994, 0.9999897>
** MODEL ORIGINAL Limbnode ComputeLocal logs below ***
T:
(1.0000, 0.0000, 0.0000, 0.0000)
(0.0000, 1.0000, 0.0000, 0.0000)
(0.0000, 0.0000, 1.0000, 0.0000)
(42.5723, -0.0000, 0.0000, 1.0000)
Roff:
(1.0000, 0.0000, 0.0000, 0.0000)
(0.0000, 1.0000, 0.0000, 0.0000)
(0.0000, 0.0000, 1.0000, 0.0000)
(0.0000, 0.0000, 0.0000, 1.0000)
Rp:
(1.0000, 0.0000, 0.0000, 0.0000)
(0.0000, 1.0000, 0.0000, 0.0000)
(0.0000, 0.0000, 1.0000, 0.0000)
(0.0000, 0.0000, 0.0000, 1.0000)
Pre:
(1.0000, 0.0000, 0.0000, 0.0000)
(0.0000, 1.0000, 0.0000, 0.0000)
(0.0000, 0.0000, 1.0000, 0.0000)
(0.0000, 0.0000, 0.0000, 1.0000)
R:
(0.9907, -0.1324, -0.0312, 0.0000)
(0.1287, 0.9866, -0.0999, 0.0000)
(0.0440, 0.0950, 0.9945, 0.0000)
(0.0000, 0.0000, 0.0000, 1.0000)
PostInv:
(1.0000, 0.0000, 0.0000, 0.0000)
(0.0000, 1.0000, 0.0000, 0.0000)
(0.0000, 0.0000, 1.0000, 0.0000)
(0.0000, 0.0000, 0.0000, 1.0000)
invRp:
(1.0000, 0.0000, 0.0000, 0.0000)
(0.0000, 1.0000, 0.0000, 0.0000)
(0.0000, 0.0000, 1.0000, 0.0000)
(-0.0000, -0.0000, -0.0000, 1.0000)
Soff:
(1.0000, 0.0000, 0.0000, 0.0000)
(0.0000, 1.0000, 0.0000, 0.0000)
(0.0000, 0.0000, 1.0000, 0.0000)
(0.0000, 0.0000, 0.0000, 1.0000)
Sp:
(1.0000, 0.0000, 0.0000, 0.0000)
(0.0000, 1.0000, 0.0000, 0.0000)
(0.0000, 0.0000, 1.0000, 0.0000)
(0.0000, 0.0000, 0.0000, 1.0000)
S:
(1.0000, 0.0000, 0.0000, 0.0000)
(0.0000, 1.0000, 0.0000, 0.0000)
(0.0000, 0.0000, 1.0000, 0.0000)
(0.0000, 0.0000, 0.0000, 1.0000)
invSp:
(1.0000, 0.0000, 0.0000, 0.0000)
(0.0000, 1.0000, 0.0000, 0.0000)
(0.0000, 0.0000, 1.0000, 0.0000)
(-0.0000, -0.0000, -0.0000, 1.0000)
Final LocalRest:
(0.9907, -0.1324, -0.0312, 0.0000)
(0.1287, 0.9866, -0.0999, 0.0000)
(0.0440, 0.0950, 0.9945, 0.0000)
(42.1764, -5.6377, -1.3277, 1.0000)
Parsed bone: ID=599965201, Index=53, Name=calf_r, Type=LimbNode, Translation=<42.572254, -4.2021275E-06, 1.9907951E-05>, Rotation={X:-0.04888474 Y:0.018863006 Z:-0.06552229 W:0.99647444}, Scaling=<1, 0.99999976, 1.0000001>
** MODEL ORIGINAL Limbnode ComputeLocal logs below ***
T:
(1.0000, 0.0000, 0.0000, 0.0000)
(0.0000, 1.0000, 0.0000, 0.0000)
(0.0000, 0.0000, 1.0000, 0.0000)
(40.1968, 0.0000, -0.0001, 1.0000)
Roff:
(1.0000, 0.0000, 0.0000, 0.0000)
(0.0000, 1.0000, 0.0000, 0.0000)
(0.0000, 0.0000, 1.0000, 0.0000)
(0.0000, 0.0000, 0.0000, 1.0000)
Rp:
(1.0000, 0.0000, 0.0000, 0.0000)
(0.0000, 1.0000, 0.0000, 0.0000)
(0.0000, 0.0000, 1.0000, 0.0000)
(0.0000, 0.0000, 0.0000, 1.0000)
Pre:
(1.0000, 0.0000, 0.0000, 0.0000)
(0.0000, 1.0000, 0.0000, 0.0000)
(0.0000, 0.0000, 1.0000, 0.0000)
(0.0000, 0.0000, 0.0000, 1.0000)
R:
(0.9881, 0.1399, -0.0646, 0.0000)
(-0.1407, 0.9900, -0.0072, 0.0000)
(0.0630, 0.0162, 0.9979, 0.0000)
(0.0000, 0.0000, 0.0000, 1.0000)
PostInv:
(1.0000, 0.0000, 0.0000, 0.0000)
(0.0000, 1.0000, 0.0000, 0.0000)
(0.0000, 0.0000, 1.0000, 0.0000)
(0.0000, 0.0000, 0.0000, 1.0000)
invRp:
(1.0000, 0.0000, 0.0000, 0.0000)
(0.0000, 1.0000, 0.0000, 0.0000)
(0.0000, 0.0000, 1.0000, 0.0000)
(-0.0000, -0.0000, -0.0000, 1.0000)
Soff:
(1.0000, 0.0000, 0.0000, 0.0000)
(0.0000, 1.0000, 0.0000, 0.0000)
(0.0000, 0.0000, 1.0000, 0.0000)
(0.0000, 0.0000, 0.0000, 1.0000)
Sp:
(1.0000, 0.0000, 0.0000, 0.0000)
(0.0000, 1.0000, 0.0000, 0.0000)
(0.0000, 0.0000, 1.0000, 0.0000)
(0.0000, 0.0000, 0.0000, 1.0000)
S:
(1.0000, 0.0000, 0.0000, 0.0000)
(0.0000, 1.0000, 0.0000, 0.0000)
(0.0000, 0.0000, 1.0000, 0.0000)
(0.0000, 0.0000, 0.0000, 1.0000)
invSp:
(1.0000, 0.0000, 0.0000, 0.0000)
(0.0000, 1.0000, 0.0000, 0.0000)
(0.0000, 0.0000, 1.0000, 0.0000)
(-0.0000, -0.0000, -0.0000, 1.0000)
Final LocalRest:
(0.9881, 0.1399, -0.0646, 0.0000)
(-0.1407, 0.9900, -0.0072, 0.0000)
(0.0630, 0.0162, 0.9979, 0.0000)
(39.7166, 5.6239, -2.5975, 1.0000)
Parsed bone: ID=964396188, Index=54, Name=foot_r, Type=LimbNode, Translation=<40.196823, 8.821487E-06, -8.2463026E-05>, Rotation={X:-0.005885692 Y:0.03199147 Z:0.07035483 W:0.9969915}, Scaling=<0.99999994, 1, 1>
** MODEL ORIGINAL Limbnode ComputeLocal logs below ***
T:
(1.0000, 0.0000, 0.0000, 0.0000)
(0.0000, 1.0000, 0.0000, 0.0000)
(0.0000, 0.0000, 1.0000, 0.0000)
(10.4799, 14.5440, 0.0125, 1.0000)
Roff:
(1.0000, 0.0000, 0.0000, 0.0000)
(0.0000, 1.0000, 0.0000, 0.0000)
(0.0000, 0.0000, 1.0000, 0.0000)
(0.0000, 0.0000, 0.0000, 1.0000)
Rp:
(1.0000, 0.0000, 0.0000, 0.0000)
(0.0000, 1.0000, 0.0000, 0.0000)
(0.0000, 0.0000, 1.0000, 0.0000)
(0.0000, 0.0000, 0.0000, 1.0000)
Pre:
(1.0000, 0.0000, 0.0000, 0.0000)
(0.0000, 1.0000, 0.0000, 0.0000)
(0.0000, 0.0000, 1.0000, 0.0000)
(0.0000, 0.0000, 0.0000, 1.0000)
R:
(-0.0329, -0.9995, -0.0002, 0.0000)
(0.9995, -0.0329, 0.0001, 0.0000)
(-0.0001, -0.0002, 1.0000, 0.0000)
(0.0000, 0.0000, 0.0000, 1.0000)
PostInv:
(1.0000, 0.0000, 0.0000, 0.0000)
(0.0000, 1.0000, 0.0000, 0.0000)
(0.0000, 0.0000, 1.0000, 0.0000)
(0.0000, 0.0000, 0.0000, 1.0000)
invRp:
(1.0000, 0.0000, 0.0000, 0.0000)
(0.0000, 1.0000, 0.0000, 0.0000)
(0.0000, 0.0000, 1.0000, 0.0000)
(-0.0000, -0.0000, -0.0000, 1.0000)
Soff:
(1.0000, 0.0000, 0.0000, 0.0000)
(0.0000, 1.0000, 0.0000, 0.0000)
(0.0000, 0.0000, 1.0000, 0.0000)
(0.0000, 0.0000, 0.0000, 1.0000)
Sp:
(1.0000, 0.0000, 0.0000, 0.0000)
(0.0000, 1.0000, 0.0000, 0.0000)
(0.0000, 0.0000, 1.0000, 0.0000)
(0.0000, 0.0000, 0.0000, 1.0000)
S:
(1.0000, 0.0000, 0.0000, 0.0000)
(0.0000, 1.0000, 0.0000, 0.0000)
(0.0000, 0.0000, 1.0000, 0.0000)
(0.0000, 0.0000, 0.0000, 1.0000)
invSp:
(1.0000, 0.0000, 0.0000, 0.0000)
(0.0000, 1.0000, 0.0000, 0.0000)
(0.0000, 0.0000, 1.0000, 0.0000)
(-0.0000, -0.0000, -0.0000, 1.0000)
Final LocalRest:
(-0.0329, -0.9995, -0.0002, 0.0000)
(0.9995, -0.0329, 0.0001, 0.0000)
(-0.0001, -0.0002, 1.0000, 0.0000)
(14.1917, -10.9523, 0.0118, 1.0000)
Parsed bone: ID=977109618, Index=55, Name=ball_r, Type=LimbNode, Translation=<10.479871, 14.544022, 0.012472447>, Rotation={X:8.0662256E-05 Y:3.164512E-05 Z:-0.7186337 W:0.6953888}, Scaling=<0.9999999, 0.99999994, 0.9999999>
Root bone: ID=537006303, Index=0, Name=Armature
** MODEL Limbnode recompute **
T:
(1.0000, 0.0000, 0.0000, 0.0000)
(0.0000, 1.0000, 0.0000, 0.0000)
(0.0000, 0.0000, 1.0000, 0.0000)
(0.0000, 0.0000, 0.0000, 1.0000)
Roff:
(1.0000, 0.0000, 0.0000, 0.0000)
(0.0000, 1.0000, 0.0000, 0.0000)
(0.0000, 0.0000, 1.0000, 0.0000)
(0.0000, 0.0000, 0.0000, 1.0000)
Rp:
(1.0000, 0.0000, 0.0000, 0.0000)
(0.0000, 1.0000, 0.0000, 0.0000)
(0.0000, 0.0000, 1.0000, 0.0000)
(0.0000, 0.0000, 0.0000, 1.0000)
Pre:
(1.0000, 0.0000, 0.0000, 0.0000)
(0.0000, 1.0000, 0.0000, 0.0000)
(0.0000, 0.0000, 1.0000, 0.0000)
(0.0000, 0.0000, 0.0000, 1.0000)
R:
(1.0000, 0.0000, 0.0000, 0.0000)
(0.0000, 1.0000, 0.0000, 0.0000)
(0.0000, 0.0000, 1.0000, 0.0000)
(0.0000, 0.0000, 0.0000, 1.0000)
PostInv:
(1.0000, 0.0000, 0.0000, 0.0000)
(0.0000, 1.0000, 0.0000, 0.0000)
(0.0000, 0.0000, 1.0000, 0.0000)
(0.0000, 0.0000, 0.0000, 1.0000)
invRp:
(1.0000, 0.0000, 0.0000, 0.0000)
(0.0000, 1.0000, 0.0000, 0.0000)
(0.0000, 0.0000, 1.0000, 0.0000)
(-0.0000, -0.0000, -0.0000, 1.0000)
Soff:
(1.0000, 0.0000, 0.0000, 0.0000)
(0.0000, 1.0000, 0.0000, 0.0000)
(0.0000, 0.0000, 1.0000, 0.0000)
(0.0000, 0.0000, 0.0000, 1.0000)
Sp:
(1.0000, 0.0000, 0.0000, 0.0000)
(0.0000, 1.0000, 0.0000, 0.0000)
(0.0000, 0.0000, 1.0000, 0.0000)
(0.0000, 0.0000, 0.0000, 1.0000)
S:
(1.0000, 0.0000, 0.0000, 0.0000)
(0.0000, 1.0000, 0.0000, 0.0000)
(0.0000, 0.0000, 1.0000, 0.0000)
(0.0000, 0.0000, 0.0000, 1.0000)
invSp:
(1.0000, 0.0000, 0.0000, 0.0000)
(0.0000, 1.0000, 0.0000, 0.0000)
(0.0000, 0.0000, 1.0000, 0.0000)
(-0.0000, -0.0000, -0.0000, 1.0000)
Final LocalRest:
(1.0000, 0.0000, 0.0000, 0.0000)
(0.0000, 1.0000, 0.0000, 0.0000)
(0.0000, 0.0000, 1.0000, 0.0000)
(0.0000, 0.0000, 0.0000, 1.0000)
Applied fix to Armature bone rotation
Built hierarchy:
Bone 0: Armature, ParentIndex=-1, LocalRest Translation=<0, 0, 0>
  Bone 1: root, ParentIndex=0, LocalRest Translation=<0, 0, 0>
    Bone 2: pelvis, ParentIndex=1, LocalRest Translation=<-96.75062, 1.0561414, 0.003804282>
      Bone 3: spine_01, ParentIndex=2, LocalRest Translation=<10.618702, -2.190865, -1.7304667E-06>
        Bone 4: spine_02, ParentIndex=3, LocalRest Translation=<17.38592, 8.273892, -2.7490285E-06>
          Bone 5: spine_03, ParentIndex=4, LocalRest Translation=<13.37113, 1.0701166, -2.2271297E-06>
            Bone 6: clavicle_l, ParentIndex=5, LocalRest Translation=<-5.2477884, 3.4135745, -11.126409>
              Bone 7: upperarm_l, ParentIndex=6, LocalRest Translation=<14.635927, -5.90913, -0.18361019>
                Bone 8: lowerarm_l, ParentIndex=7, LocalRest Translation=<29.239426, -5.179583, 6.224114>
                  Bone 9: hand_l, ParentIndex=8, LocalRest Translation=<26.94879, -0.19404165, -1.1765513>
                    Bone 10: index_01_l, ParentIndex=9, LocalRest Translation=<9.991517, 7.262425, -0.7906935>
                      Bone 11: index_02_l, ParentIndex=10, LocalRest Translation=<4.193879, 0.8903552, 0.035556253>
                        Bone 12: index_03_l, ParentIndex=11, LocalRest Translation=<3.34679, -0.55986166, -0.059080746>
                    Bone 13: middle_01_l, ParentIndex=9, LocalRest Translation=<10.636761, 5.8589897, 2.1103249>
                      Bone 14: middle_02_l, ParentIndex=13, LocalRest Translation=<4.5332894, 0.98683274, -0.0920699>
                        Bone 15: middle_03_l, ParentIndex=14, LocalRest Translation=<3.5075157, -0.96613604, 0.27929324>
                    Bone 16: pinky_01_l, ParentIndex=9, LocalRest Translation=<6.630909, 6.309574, 6.762692>
                      Bone 17: pinky_02_l, ParentIndex=16, LocalRest Translation=<3.501954, 0.6939361, 0.08198747>
                        Bone 18: pinky_03_l, ParentIndex=17, LocalRest Translation=<2.9783146, 0.054001033, -0.20148295>
                    Bone 19: ring_01_l, ParentIndex=9, LocalRest Translation=<9.017027, 6.4622607, 4.507012>
                      Bone 20: ring_02_l, ParentIndex=19, LocalRest Translation=<4.3092346, 1.0198938, 0.12909508>
                        Bone 21: ring_03_l, ParentIndex=20, LocalRest Translation=<3.384274, -0.7751058, -0.18121122>
                    Bone 22: thumb_01_l, ParentIndex=9, LocalRest Translation=<3.7216148, 4.5037594, -0.7898738>
                      Bone 23: thumb_02_l, ParentIndex=22, LocalRest Translation=<3.680287, 0.99656117, -0.6608431>
                        Bone 24: thumb_03_l, ParentIndex=23, LocalRest Translation=<3.9674914, -0.87126476, -0.03399044>
                  Bone 25: lowerarm_twist_01_l, ParentIndex=8, LocalRest Translation=<14.000001, 5.900862E-06, 1.9166635E-06>
            Bone 26: clavicle_r, ParentIndex=5, LocalRest Translation=<-2.1994736, -2.7496996, -12.271635>
              Bone 27: upperarm_r, ParentIndex=26, LocalRest Translation=<-14.63586, 5.9091077, 0.18357031>
                Bone 28: lowerarm_r, ParentIndex=27, LocalRest Translation=<-29.23953, 5.1796045, -6.224104>
                  Bone 29: hand_r, ParentIndex=28, LocalRest Translation=<-26.948874, 0.1940185, 1.1765108>
                    Bone 30: index_01_r, ParentIndex=29, LocalRest Translation=<-9.991282, -7.262585, 0.7906566>
                      Bone 31: index_02_r, ParentIndex=30, LocalRest Translation=<-4.1940703, -0.8903733, -0.0356139>
                        Bone 32: index_03_r, ParentIndex=31, LocalRest Translation=<-3.3467708, 0.55996805, 0.059056617>
                    Bone 33: middle_01_r, ParentIndex=29, LocalRest Translation=<-10.63661, -5.859017, -2.1102734>
                      Bone 34: middle_02_r, ParentIndex=33, LocalRest Translation=<-4.5334353, -0.9870271, 0.09209123>
                        Bone 35: middle_03_r, ParentIndex=34, LocalRest Translation=<-3.5075731, 0.96617794, -0.27931574>
                    Bone 36: pinky_01_r, ParentIndex=29, LocalRest Translation=<-6.630859, -6.3097506, -6.762563>
                      Bone 37: pinky_02_r, ParentIndex=36, LocalRest Translation=<-3.5019963, -0.6940223, -0.08200137>
                        Bone 38: pinky_03_r, ParentIndex=37, LocalRest Translation=<-2.9781344, -0.053667855, 0.20144057>
                    Bone 39: ring_01_r, ParentIndex=29, LocalRest Translation=<-9.01704, -6.4625645, -4.506966>
                      Bone 40: ring_02_r, ParentIndex=39, LocalRest Translation=<-4.308965, -1.0197009, -0.12910014>
                        Bone 41: ring_03_r, ParentIndex=40, LocalRest Translation=<-3.3842843, 0.77516925, 0.18120265>
                    Bone 42: thumb_01_r, ParentIndex=29, LocalRest Translation=<-3.7217767, -4.5038147, 0.7897893>
                      Bone 43: thumb_02_r, ParentIndex=42, LocalRest Translation=<-3.6802068, -0.99641955, 0.66086215>
                        Bone 44: thumb_03_r, ParentIndex=43, LocalRest Translation=<-3.9674869, 0.8712734, 0.033999667>
                  Bone 45: lowerarm_twist_01_r, ParentIndex=28, LocalRest Translation=<-13.999996, 1.6550199E-05, -5.2245985E-05>
            Bone 46: neck_01, ParentIndex=5, LocalRest Translation=<15.042713, -6.9307756, -2.3133418E-06>
              Bone 47: head, ParentIndex=46, LocalRest Translation=<11.90124, 2.5888703, -1.7270303E-06>
      Bone 48: thigh_l, ParentIndex=2, LocalRest Translation=<-0.31628197, 0.82416445, -9.09433>
        Bone 49: calf_l, ParentIndex=48, LocalRest Translation=<-42.176186, 5.6376762, 1.3277637>
          Bone 50: foot_l, ParentIndex=49, LocalRest Translation=<-39.716488, -5.6238995, 2.5974483>
            Bone 51: ball_l, ParentIndex=50, LocalRest Translation=<-14.1917515, 10.952273, -0.011866613>
      Bone 52: thigh_r, ParentIndex=2, LocalRest Translation=<2.566827, 1.7992436, 8.582431>
        Bone 53: calf_r, ParentIndex=52, LocalRest Translation=<42.17642, -5.637708, -1.3276776>
          Bone 54: foot_r, ParentIndex=53, LocalRest Translation=<39.716602, 5.6239343, -2.5975456>
            Bone 55: ball_r, ParentIndex=54, LocalRest Translation=<14.191699, -10.952254, 0.011766344>
Total clusters parsed: 55, Total indexes: 14636, Total weights: 14636
FBXMeshParser: 9147 weighted vertices out of 36632
FBXMeshParser: Parsed 1 materials for model 630706489
Total clusters parsed: 55, Total indexes: 33622, Total weights: 33622
FBXMeshParser: 14803 weighted vertices out of 58888
FBXMeshParser: Parsed 1 materials for model 116774642
Total clusters parsed: 55, Total indexes: 24952, Total weights: 24952
FBXMeshParser: 13152 weighted vertices out of 52716
FBXMeshParser: Parsed 1 materials for model 491978600
Total clusters parsed: 55, Total indexes: 31799, Total weights: 31799
FBXMeshParser: 19353 weighted vertices out of 77718
FBXMeshParser: Parsed 1 materials for model 701386627
Total clusters parsed: 55, Total indexes: 11335, Total weights: 11335
FBXMeshParser: 6467 weighted vertices out of 25850
FBXMeshParser: Parsed 1 materials for model 430985608
Total clusters parsed: 55, Total indexes: 22593, Total weights: 22593
FBXMeshParser: 11093 weighted vertices out of 44139
FBXMeshParser: Parsed 1 materials for model 573749747
Total clusters parsed: 55, Total indexes: 2270, Total weights: 2270
FBXMeshParser: 1534 weighted vertices out of 6020
FBXMeshParser: Parsed 1 materials for model 879200669
Total clusters parsed: 55, Total indexes: 4042, Total weights: 4042
FBXMeshParser: 3011 weighted vertices out of 11996
FBXMeshParser: Parsed 1 materials for model 800682414
Total clusters parsed: 55, Total indexes: 13824, Total weights: 13824
FBXMeshParser: 7667 weighted vertices out of 30628
FBXMeshParser: Parsed 1 materials for model 452933111
Total clusters parsed: 55, Total indexes: 4941, Total weights: 4941
FBXMeshParser: 3230 weighted vertices out of 12904
FBXMeshParser: Parsed 1 materials for model 775650384
Total clusters parsed: 55, Total indexes: 9563, Total weights: 9563
FBXMeshParser: 4367 weighted vertices out of 17496
FBXMeshParser: Parsed 1 materials for model 153306433
Total clusters parsed: 55, Total indexes: 46478, Total weights: 46478
FBXMeshParser: 14031 weighted vertices out of 55884
FBXMeshParser: Parsed 1 materials for model 861152657
Total clusters parsed: 55, Total indexes: 3727, Total weights: 3727
FBXMeshParser: 2158 weighted vertices out of 8502
FBXMeshParser: Parsed 1 materials for model 589933710
Total clusters parsed: 55, Total indexes: 2471, Total weights: 2471
FBXMeshParser: 1042 weighted vertices out of 4019
FBXMeshParser: Parsed 1 materials for model 780526183
Total clusters parsed: 55, Total indexes: 964, Total weights: 964
FBXMeshParser: 964 weighted vertices out of 3968
FBXMeshParser: Parsed 1 materials for model 81476179
Total clusters parsed: 55, Total indexes: 505, Total weights: 505
FBXMeshParser: 505 weighted vertices out of 1832
FBXMeshParser: Parsed 1 materials for model 927928761
Total clusters parsed: 55, Total indexes: 9831, Total weights: 9831
FBXMeshParser: 6456 weighted vertices out of 26084
FBXMeshParser: Parsed 1 materials for model 371898503
FBXMeshParser: Parsed 17 meshes
Found Pose node of type: BindPose
Found Pose node of type: BindPose
Found Pose node of type: BindPose
Found Pose node of type: BindPose
Found Pose node of type: BindPose
Found Pose node of type: BindPose
Found Pose node of type: BindPose
Found Pose node of type: BindPose
Found Pose node of type: BindPose
Found Pose node of type: BindPose
Found Pose node of type: BindPose
Found Pose node of type: BindPose
Found Pose node of type: BindPose
Found Pose node of type: BindPose
Found Pose node of type: BindPose
Found Pose node of type: BindPose
Found Pose node of type: BindPose
FBXParser: Built model with 17 meshes, 56 bones, 0 animations
FBXParser: FBX version 7400
End of content found, hex dump disabled.
FBX Creator: Blender (stable FBX IO) - 4.1.1 - 5.11.7
Detected Blender FBX export
GlobalSettings: UpAxis=2 (sign=1), FrontAxis=1 (sign=1), CoordAxis=0 (sign=-1)
** MODEL ORIGINAL Limbnode ComputeLocal logs below ***
T:
(1.0000, 0.0000, 0.0000, 0.0000)
(0.0000, 1.0000, 0.0000, 0.0000)
(0.0000, 0.0000, 1.0000, 0.0000)
(0.0000, 0.0000, 0.0000, 1.0000)
Roff:
(1.0000, 0.0000, 0.0000, 0.0000)
(0.0000, 1.0000, 0.0000, 0.0000)
(0.0000, 0.0000, 1.0000, 0.0000)
(0.0000, 0.0000, 0.0000, 1.0000)
Rp:
(1.0000, 0.0000, 0.0000, 0.0000)
(0.0000, 1.0000, 0.0000, 0.0000)
(0.0000, 0.0000, 1.0000, 0.0000)
(0.0000, 0.0000, 0.0000, 1.0000)
Pre:
(1.0000, 0.0000, 0.0000, 0.0000)
(0.0000, 1.0000, 0.0000, 0.0000)
(0.0000, 0.0000, 1.0000, 0.0000)
(0.0000, 0.0000, 0.0000, 1.0000)
R:
(-1.0000, -0.0000, 0.0000, 0.0000)
(0.0000, -1.0000, 0.0000, 0.0000)
(0.0000, 0.0000, 1.0000, 0.0000)
(0.0000, 0.0000, 0.0000, 1.0000)
PostInv:
(1.0000, 0.0000, 0.0000, 0.0000)
(0.0000, 1.0000, 0.0000, 0.0000)
(0.0000, 0.0000, 1.0000, 0.0000)
(0.0000, 0.0000, 0.0000, 1.0000)
invRp:
(1.0000, 0.0000, 0.0000, 0.0000)
(0.0000, 1.0000, 0.0000, 0.0000)
(0.0000, 0.0000, 1.0000, 0.0000)
(-0.0000, -0.0000, -0.0000, 1.0000)
Soff:
(1.0000, 0.0000, 0.0000, 0.0000)
(0.0000, 1.0000, 0.0000, 0.0000)
(0.0000, 0.0000, 1.0000, 0.0000)
(0.0000, 0.0000, 0.0000, 1.0000)
Sp:
(1.0000, 0.0000, 0.0000, 0.0000)
(0.0000, 1.0000, 0.0000, 0.0000)
(0.0000, 0.0000, 1.0000, 0.0000)
(0.0000, 0.0000, 0.0000, 1.0000)
S:
(1.0000, 0.0000, 0.0000, 0.0000)
(0.0000, 1.0000, 0.0000, 0.0000)
(0.0000, 0.0000, 1.0000, 0.0000)
(0.0000, 0.0000, 0.0000, 1.0000)
invSp:
(1.0000, 0.0000, 0.0000, 0.0000)
(0.0000, 1.0000, 0.0000, 0.0000)
(0.0000, 0.0000, 1.0000, 0.0000)
(-0.0000, -0.0000, -0.0000, 1.0000)
Final LocalRest:
(-1.0000, -0.0000, 0.0000, 0.0000)
(0.0000, -1.0000, 0.0000, 0.0000)
(0.0000, 0.0000, 1.0000, 0.0000)
(0.0000, 0.0000, 0.0000, 1.0000)
Parsed bone: ID=537006303, Index=0, Name=Armature, Type=Null, Translation=<0, 0, 0>, Rotation={X:0 Y:0 Z:1 W:-4.371139E-08}, Scaling=<1, 1, 1>
** MODEL ORIGINAL Limbnode ComputeLocal logs below ***
T:
(1.0000, 0.0000, 0.0000, 0.0000)
(0.0000, 1.0000, 0.0000, 0.0000)
(0.0000, 0.0000, 1.0000, 0.0000)
(0.0000, 0.0000, 0.0000, 1.0000)
Roff:
(1.0000, 0.0000, 0.0000, 0.0000)
(0.0000, 1.0000, 0.0000, 0.0000)
(0.0000, 0.0000, 1.0000, 0.0000)
(0.0000, 0.0000, 0.0000, 1.0000)
Rp:
(1.0000, 0.0000, 0.0000, 0.0000)
(0.0000, 1.0000, 0.0000, 0.0000)
(0.0000, 0.0000, 1.0000, 0.0000)
(0.0000, 0.0000, 0.0000, 1.0000)
Pre:
(1.0000, 0.0000, 0.0000, 0.0000)
(0.0000, 1.0000, 0.0000, 0.0000)
(0.0000, 0.0000, 1.0000, 0.0000)
(0.0000, 0.0000, 0.0000, 1.0000)
R:
(1.0000, 0.0000, 0.0000, 0.0000)
(0.0000, 1.0000, 0.0000, 0.0000)
(0.0000, 0.0000, 1.0000, 0.0000)
(0.0000, 0.0000, 0.0000, 1.0000)
PostInv:
(1.0000, 0.0000, 0.0000, 0.0000)
(0.0000, 1.0000, 0.0000, 0.0000)
(0.0000, 0.0000, 1.0000, 0.0000)
(0.0000, 0.0000, 0.0000, 1.0000)
invRp:
(1.0000, 0.0000, 0.0000, 0.0000)
(0.0000, 1.0000, 0.0000, 0.0000)
(0.0000, 0.0000, 1.0000, 0.0000)
(-0.0000, -0.0000, -0.0000, 1.0000)
Soff:
(1.0000, 0.0000, 0.0000, 0.0000)
(0.0000, 1.0000, 0.0000, 0.0000)
(0.0000, 0.0000, 1.0000, 0.0000)
(0.0000, 0.0000, 0.0000, 1.0000)
Sp:
(1.0000, 0.0000, 0.0000, 0.0000)
(0.0000, 1.0000, 0.0000, 0.0000)
(0.0000, 0.0000, 1.0000, 0.0000)
(0.0000, 0.0000, 0.0000, 1.0000)
S:
(1.0000, 0.0000, 0.0000, 0.0000)
(0.0000, 1.0000, 0.0000, 0.0000)
(0.0000, 0.0000, 1.0000, 0.0000)
(0.0000, 0.0000, 0.0000, 1.0000)
invSp:
(1.0000, 0.0000, 0.0000, 0.0000)
(0.0000, 1.0000, 0.0000, 0.0000)
(0.0000, 0.0000, 1.0000, 0.0000)
(-0.0000, -0.0000, -0.0000, 1.0000)
Final LocalRest:
(1.0000, 0.0000, 0.0000, 0.0000)
(0.0000, 1.0000, 0.0000, 0.0000)
(0.0000, 0.0000, 1.0000, 0.0000)
(0.0000, 0.0000, 0.0000, 1.0000)
Parsed bone: ID=488195063, Index=1, Name=root, Type=LimbNode, Translation=<0, 0, 0>, Rotation={X:0 Y:0 Z:0 W:1}, Scaling=<1, 1, 1>
** MODEL ORIGINAL Limbnode ComputeLocal logs below ***
T:
(1.0000, 0.0000, 0.0000, 0.0000)
(0.0000, 1.0000, 0.0000, 0.0000)
(0.0000, 0.0000, 1.0000, 0.0000)
(0.0000, 1.0562, 96.7506, 1.0000)
Roff:
(1.0000, 0.0000, 0.0000, 0.0000)
(0.0000, 1.0000, 0.0000, 0.0000)
(0.0000, 0.0000, 1.0000, 0.0000)
(0.0000, 0.0000, 0.0000, 1.0000)
Rp:
(1.0000, 0.0000, 0.0000, 0.0000)
(0.0000, 1.0000, 0.0000, 0.0000)
(0.0000, 0.0000, 1.0000, 0.0000)
(0.0000, 0.0000, 0.0000, 1.0000)
Pre:
(1.0000, 0.0000, 0.0000, 0.0000)
(0.0000, 1.0000, 0.0000, 0.0000)
(0.0000, 0.0000, 1.0000, 0.0000)
(0.0000, 0.0000, 0.0000, 1.0000)
R:
(-0.0000, -0.0036, 1.0000, 0.0000)
(-0.0000, 1.0000, 0.0036, 0.0000)
(-1.0000, -0.0000, -0.0000, 0.0000)
(0.0000, 0.0000, 0.0000, 1.0000)
PostInv:
(1.0000, 0.0000, 0.0000, 0.0000)
(0.0000, 1.0000, 0.0000, 0.0000)
(0.0000, 0.0000, 1.0000, 0.0000)
(0.0000, 0.0000, 0.0000, 1.0000)
invRp:
(1.0000, 0.0000, 0.0000, 0.0000)
(0.0000, 1.0000, 0.0000, 0.0000)
(0.0000, 0.0000, 1.0000, 0.0000)
(-0.0000, -0.0000, -0.0000, 1.0000)
Soff:
(1.0000, 0.0000, 0.0000, 0.0000)
(0.0000, 1.0000, 0.0000, 0.0000)
(0.0000, 0.0000, 1.0000, 0.0000)
(0.0000, 0.0000, 0.0000, 1.0000)
Sp:
(1.0000, 0.0000, 0.0000, 0.0000)
(0.0000, 1.0000, 0.0000, 0.0000)
(0.0000, 0.0000, 1.0000, 0.0000)
(0.0000, 0.0000, 0.0000, 1.0000)
S:
(1.0000, 0.0000, 0.0000, 0.0000)
(0.0000, 1.0000, 0.0000, 0.0000)
(0.0000, 0.0000, 1.0000, 0.0000)
(0.0000, 0.0000, 0.0000, 1.0000)
invSp:
(1.0000, 0.0000, 0.0000, 0.0000)
(0.0000, 1.0000, 0.0000, 0.0000)
(0.0000, 0.0000, 1.0000, 0.0000)
(-0.0000, -0.0000, -0.0000, 1.0000)
Final LocalRest:
(-0.0000, -0.0036, 1.0000, 0.0000)
(-0.0000, 1.0000, 0.0036, 0.0000)
(-1.0000, -0.0000, -0.0000, 0.0000)
(-96.7506, 1.0561, 0.0038, 1.0000)
Parsed bone: ID=141716104, Index=2, Name=pelvis, Type=LimbNode, Translation=<5.615266E-13, 1.0561523, 96.7506>, Rotation={X:0.0012851062 Y:-0.70710576 Z:-0.0012850764 W:0.7071056}, Scaling=<1, 1.0000001, 1>
** MODEL ORIGINAL Limbnode ComputeLocal logs below ***
T:
(1.0000, 0.0000, 0.0000, 0.0000)
(0.0000, 1.0000, 0.0000, 0.0000)
(0.0000, 0.0000, 1.0000, 0.0000)
(10.8089, -0.8514, -0.0000, 1.0000)
Roff:
(1.0000, 0.0000, 0.0000, 0.0000)
(0.0000, 1.0000, 0.0000, 0.0000)
(0.0000, 0.0000, 1.0000, 0.0000)
(0.0000, 0.0000, 0.0000, 1.0000)
Rp:
(1.0000, 0.0000, 0.0000, 0.0000)
(0.0000, 1.0000, 0.0000, 0.0000)
(0.0000, 0.0000, 1.0000, 0.0000)
(0.0000, 0.0000, 0.0000, 1.0000)
Pre:
(1.0000, 0.0000, 0.0000, 0.0000)
(0.0000, 1.0000, 0.0000, 0.0000)
(0.0000, 0.0000, 1.0000, 0.0000)
(0.0000, 0.0000, 0.0000, 1.0000)
R:
(0.9922, -0.1245, 0.0000, 0.0000)
(0.1245, 0.9922, -0.0000, 0.0000)
(0.0000, 0.0000, 1.0000, 0.0000)
(0.0000, 0.0000, 0.0000, 1.0000)
PostInv:
(1.0000, 0.0000, 0.0000, 0.0000)
(0.0000, 1.0000, 0.0000, 0.0000)
(0.0000, 0.0000, 1.0000, 0.0000)
(0.0000, 0.0000, 0.0000, 1.0000)
invRp:
(1.0000, 0.0000, 0.0000, 0.0000)
(0.0000, 1.0000, 0.0000, 0.0000)
(0.0000, 0.0000, 1.0000, 0.0000)
(-0.0000, -0.0000, -0.0000, 1.0000)
Soff:
(1.0000, 0.0000, 0.0000, 0.0000)
(0.0000, 1.0000, 0.0000, 0.0000)
(0.0000, 0.0000, 1.0000, 0.0000)
(0.0000, 0.0000, 0.0000, 1.0000)
Sp:
(1.0000, 0.0000, 0.0000, 0.0000)
(0.0000, 1.0000, 0.0000, 0.0000)
(0.0000, 0.0000, 1.0000, 0.0000)
(0.0000, 0.0000, 0.0000, 1.0000)
S:
(1.0000, 0.0000, 0.0000, 0.0000)
(0.0000, 1.0000, 0.0000, 0.0000)
(0.0000, 0.0000, 1.0000, 0.0000)
(0.0000, 0.0000, 0.0000, 1.0000)
invSp:
(1.0000, 0.0000, 0.0000, 0.0000)
(0.0000, 1.0000, 0.0000, 0.0000)
(0.0000, 0.0000, 1.0000, 0.0000)
(-0.0000, -0.0000, -0.0000, 1.0000)
Final LocalRest:
(0.9922, -0.1245, 0.0000, 0.0000)
(0.1245, 0.9922, -0.0000, 0.0000)
(0.0000, 0.0000, 1.0000, 0.0000)
(10.6187, -2.1909, -0.0000, 1.0000)
Parsed bone: ID=140204384, Index=3, Name=spine_01, Type=LimbNode, Translation=<10.808877, -0.8514167, -1.7590472E-06>, Rotation={X:-1.013903E-08 Y:1.08317195E-10 Z:-0.062388707 W:0.99805194}, Scaling=<1, 1, 1>
** MODEL ORIGINAL Limbnode ComputeLocal logs below ***
T:
(1.0000, 0.0000, 0.0000, 0.0000)
(0.0000, 1.0000, 0.0000, 0.0000)
(0.0000, 0.0000, 1.0000, 0.0000)
(18.8754, 3.8012, -0.0000, 1.0000)
Roff:
(1.0000, 0.0000, 0.0000, 0.0000)
(0.0000, 1.0000, 0.0000, 0.0000)
(0.0000, 0.0000, 1.0000, 0.0000)
(0.0000, 0.0000, 0.0000, 1.0000)
Rp:
(1.0000, 0.0000, 0.0000, 0.0000)
(0.0000, 1.0000, 0.0000, 0.0000)
(0.0000, 0.0000, 1.0000, 0.0000)
(0.0000, 0.0000, 0.0000, 1.0000)
Pre:
(1.0000, 0.0000, 0.0000, 0.0000)
(0.0000, 1.0000, 0.0000, 0.0000)
(0.0000, 0.0000, 1.0000, 0.0000)
(0.0000, 0.0000, 0.0000, 1.0000)
R:
(0.9700, 0.2430, 0.0000, 0.0000)
(-0.2430, 0.9700, 0.0000, 0.0000)
(0.0000, -0.0000, 1.0000, 0.0000)
(0.0000, 0.0000, 0.0000, 1.0000)
PostInv:
(1.0000, 0.0000, 0.0000, 0.0000)
(0.0000, 1.0000, 0.0000, 0.0000)
(0.0000, 0.0000, 1.0000, 0.0000)
(0.0000, 0.0000, 0.0000, 1.0000)
invRp:
(1.0000, 0.0000, 0.0000, 0.0000)
(0.0000, 1.0000, 0.0000, 0.0000)
(0.0000, 0.0000, 1.0000, 0.0000)
(-0.0000, -0.0000, -0.0000, 1.0000)
Soff:
(1.0000, 0.0000, 0.0000, 0.0000)
(0.0000, 1.0000, 0.0000, 0.0000)
(0.0000, 0.0000, 1.0000, 0.0000)
(0.0000, 0.0000, 0.0000, 1.0000)
Sp:
(1.0000, 0.0000, 0.0000, 0.0000)
(0.0000, 1.0000, 0.0000, 0.0000)
(0.0000, 0.0000, 1.0000, 0.0000)
(0.0000, 0.0000, 0.0000, 1.0000)
S:
(1.0000, 0.0000, 0.0000, 0.0000)
(0.0000, 1.0000, 0.0000, 0.0000)
(0.0000, 0.0000, 1.0000, 0.0000)
(0.0000, 0.0000, 0.0000, 1.0000)
invSp:
(1.0000, 0.0000, 0.0000, 0.0000)
(0.0000, 1.0000, 0.0000, 0.0000)
(0.0000, 0.0000, 1.0000, 0.0000)
(-0.0000, -0.0000, -0.0000, 1.0000)
Final LocalRest:
(0.9700, 0.2430, 0.0000, 0.0000)
(-0.2430, 0.9700, 0.0000, 0.0000)
(0.0000, -0.0000, 1.0000, 0.0000)
(17.3859, 8.2739, -0.0000, 1.0000)
Parsed bone: ID=166690600, Index=4, Name=spine_02, Type=LimbNode, Translation=<18.87535, 3.8011634, -3.0077656E-06>, Rotation={X:1.9944604E-08 Y:-4.4010715E-10 Z:0.12241954 W:0.99247843}, Scaling=<0.9999997, 0.9999998, 1>
** MODEL ORIGINAL Limbnode ComputeLocal logs below ***
T:
(1.0000, 0.0000, 0.0000, 0.0000)
(0.0000, 1.0000, 0.0000, 0.0000)
(0.0000, 0.0000, 1.0000, 0.0000)
(13.4073, 0.4205, -0.0000, 1.0000)
Roff:
(1.0000, 0.0000, 0.0000, 0.0000)
(0.0000, 1.0000, 0.0000, 0.0000)
(0.0000, 0.0000, 1.0000, 0.0000)
(0.0000, 0.0000, 0.0000, 1.0000)
Rp:
(1.0000, 0.0000, 0.0000, 0.0000)
(0.0000, 1.0000, 0.0000, 0.0000)
(0.0000, 0.0000, 1.0000, 0.0000)
(0.0000, 0.0000, 0.0000, 1.0000)
Pre:
(1.0000, 0.0000, 0.0000, 0.0000)
(0.0000, 1.0000, 0.0000, 0.0000)
(0.0000, 0.0000, 1.0000, 0.0000)
(0.0000, 0.0000, 0.0000, 1.0000)
R:
(0.9988, 0.0485, -0.0000, 0.0000)
(-0.0485, 0.9988, 0.0000, 0.0000)
(0.0000, -0.0000, 1.0000, 0.0000)
(0.0000, 0.0000, 0.0000, 1.0000)
PostInv:
(1.0000, 0.0000, 0.0000, 0.0000)
(0.0000, 1.0000, 0.0000, 0.0000)
(0.0000, 0.0000, 1.0000, 0.0000)
(0.0000, 0.0000, 0.0000, 1.0000)
invRp:
(1.0000, 0.0000, 0.0000, 0.0000)
(0.0000, 1.0000, 0.0000, 0.0000)
(0.0000, 0.0000, 1.0000, 0.0000)
(-0.0000, -0.0000, -0.0000, 1.0000)
Soff:
(1.0000, 0.0000, 0.0000, 0.0000)
(0.0000, 1.0000, 0.0000, 0.0000)
(0.0000, 0.0000, 1.0000, 0.0000)
(0.0000, 0.0000, 0.0000, 1.0000)
Sp:
(1.0000, 0.0000, 0.0000, 0.0000)
(0.0000, 1.0000, 0.0000, 0.0000)
(0.0000, 0.0000, 1.0000, 0.0000)
(0.0000, 0.0000, 0.0000, 1.0000)
S:
(1.0000, 0.0000, 0.0000, 0.0000)
(0.0000, 1.0000, 0.0000, 0.0000)
(0.0000, 0.0000, 1.0000, 0.0000)
(0.0000, 0.0000, 0.0000, 1.0000)
invSp:
(1.0000, 0.0000, 0.0000, 0.0000)
(0.0000, 1.0000, 0.0000, 0.0000)
(0.0000, 0.0000, 1.0000, 0.0000)
(-0.0000, -0.0000, -0.0000, 1.0000)
Final LocalRest:
(0.9988, 0.0485, -0.0000, 0.0000)
(-0.0485, 0.9988, 0.0000, 0.0000)
(0.0000, -0.0000, 1.0000, 0.0000)
(13.3711, 1.0701, -0.0000, 1.0000)
Parsed bone: ID=828912444, Index=5, Name=spine_03, Type=LimbNode, Translation=<13.407294, 0.42047358, -2.1906967E-06>, Rotation={X:3.924479E-09 Y:1.5785867E-09 Z:0.02425281 W:0.9997059}, Scaling=<0.9999999, 0.99999994, 1>
** MODEL ORIGINAL Limbnode ComputeLocal logs below ***
T:
(1.0000, 0.0000, 0.0000, 0.0000)
(0.0000, 1.0000, 0.0000, 0.0000)
(0.0000, 0.0000, 1.0000, 0.0000)
(11.8836, -2.7321, -3.7820, 1.0000)
Roff:
(1.0000, 0.0000, 0.0000, 0.0000)
(0.0000, 1.0000, 0.0000, 0.0000)
(0.0000, 0.0000, 1.0000, 0.0000)
(0.0000, 0.0000, 0.0000, 1.0000)
Rp:
(1.0000, 0.0000, 0.0000, 0.0000)
(0.0000, 1.0000, 0.0000, 0.0000)
(0.0000, 0.0000, 1.0000, 0.0000)
(0.0000, 0.0000, 0.0000, 1.0000)
Pre:
(1.0000, 0.0000, 0.0000, 0.0000)
(0.0000, 1.0000, 0.0000, 0.0000)
(0.0000, 0.0000, 1.0000, 0.0000)
(0.0000, 0.0000, 0.0000, 1.0000)
R:
(-0.0944, 0.4622, -0.8817, 0.0000)
(0.1474, 0.8824, 0.4468, 0.0000)
(0.9846, -0.0878, -0.1514, 0.0000)
(0.0000, 0.0000, 0.0000, 1.0000)
PostInv:
(1.0000, 0.0000, 0.0000, 0.0000)
(0.0000, 1.0000, 0.0000, 0.0000)
(0.0000, 0.0000, 1.0000, 0.0000)
(0.0000, 0.0000, 0.0000, 1.0000)
invRp:
(1.0000, 0.0000, 0.0000, 0.0000)
(0.0000, 1.0000, 0.0000, 0.0000)
(0.0000, 0.0000, 1.0000, 0.0000)
(-0.0000, -0.0000, -0.0000, 1.0000)
Soff:
(1.0000, 0.0000, 0.0000, 0.0000)
(0.0000, 1.0000, 0.0000, 0.0000)
(0.0000, 0.0000, 1.0000, 0.0000)
(0.0000, 0.0000, 0.0000, 1.0000)
Sp:
(1.0000, 0.0000, 0.0000, 0.0000)
(0.0000, 1.0000, 0.0000, 0.0000)
(0.0000, 0.0000, 1.0000, 0.0000)
(0.0000, 0.0000, 0.0000, 1.0000)
S:
(1.0000, 0.0000, 0.0000, 0.0000)
(0.0000, 1.0000, 0.0000, 0.0000)
(0.0000, 0.0000, 1.0000, 0.0000)
(0.0000, 0.0000, 0.0000, 1.0000)
invSp:
(1.0000, 0.0000, 0.0000, 0.0000)
(0.0000, 1.0000, 0.0000, 0.0000)
(0.0000, 0.0000, 1.0000, 0.0000)
(-0.0000, -0.0000, -0.0000, 1.0000)
Final LocalRest:
(-0.0944, 0.4622, -0.8817, 0.0000)
(0.1474, 0.8824, 0.4468, 0.0000)
(0.9846, -0.0878, -0.1514, 0.0000)
(-5.2478, 3.4136, -11.1264, 1.0000)
Parsed bone: ID=476166791, Index=6, Name=clavicle_l, Type=LimbNode, Translation=<11.883642, -2.7320933, -3.781985>, Rotation={X:0.20891817 Y:0.72941685 Z:0.12304392 W:0.6396597}, Scaling=<1, 1, 1>
** MODEL ORIGINAL Limbnode ComputeLocal logs below ***
T:
(1.0000, 0.0000, 0.0000, 0.0000)
(0.0000, 1.0000, 0.0000, 0.0000)
(0.0000, 0.0000, 1.0000, 0.0000)
(15.7849, -0.0000, 0.0000, 1.0000)
Roff:
(1.0000, 0.0000, 0.0000, 0.0000)
(0.0000, 1.0000, 0.0000, 0.0000)
(0.0000, 0.0000, 1.0000, 0.0000)
(0.0000, 0.0000, 0.0000, 1.0000)
Rp:
(1.0000, 0.0000, 0.0000, 0.0000)
(0.0000, 1.0000, 0.0000, 0.0000)
(0.0000, 0.0000, 1.0000, 0.0000)
(0.0000, 0.0000, 0.0000, 1.0000)
Pre:
(1.0000, 0.0000, 0.0000, 0.0000)
(0.0000, 1.0000, 0.0000, 0.0000)
(0.0000, 0.0000, 1.0000, 0.0000)
(0.0000, 0.0000, 0.0000, 1.0000)
R:
(0.9272, -0.3744, -0.0116, 0.0000)
(0.3745, 0.9260, 0.0489, 0.0000)
(-0.0075, -0.0497, 0.9987, 0.0000)
(0.0000, 0.0000, 0.0000, 1.0000)
PostInv:
(1.0000, 0.0000, 0.0000, 0.0000)
(0.0000, 1.0000, 0.0000, 0.0000)
(0.0000, 0.0000, 1.0000, 0.0000)
(0.0000, 0.0000, 0.0000, 1.0000)
invRp:
(1.0000, 0.0000, 0.0000, 0.0000)
(0.0000, 1.0000, 0.0000, 0.0000)
(0.0000, 0.0000, 1.0000, 0.0000)
(-0.0000, -0.0000, -0.0000, 1.0000)
Soff:
(1.0000, 0.0000, 0.0000, 0.0000)
(0.0000, 1.0000, 0.0000, 0.0000)
(0.0000, 0.0000, 1.0000, 0.0000)
(0.0000, 0.0000, 0.0000, 1.0000)
Sp:
(1.0000, 0.0000, 0.0000, 0.0000)
(0.0000, 1.0000, 0.0000, 0.0000)
(0.0000, 0.0000, 1.0000, 0.0000)
(0.0000, 0.0000, 0.0000, 1.0000)
S:
(1.0000, 0.0000, 0.0000, 0.0000)
(0.0000, 1.0000, 0.0000, 0.0000)
(0.0000, 0.0000, 1.0000, 0.0000)
(0.0000, 0.0000, 0.0000, 1.0000)
invSp:
(1.0000, 0.0000, 0.0000, 0.0000)
(0.0000, 1.0000, 0.0000, 0.0000)
(0.0000, 0.0000, 1.0000, 0.0000)
(-0.0000, -0.0000, -0.0000, 1.0000)
Final LocalRest:
(0.9272, -0.3744, -0.0116, 0.0000)
(0.3745, 0.9260, 0.0489, 0.0000)
(-0.0075, -0.0497, 0.9987, 0.0000)
(14.6359, -5.9091, -0.1836, 1.0000)
Parsed bone: ID=53276450, Index=7, Name=upperarm_l, Type=LimbNode, Translation=<15.784864, -2.4077954E-06, 2.5093555E-05>, Rotation={X:0.025123091 Y:0.0010436274 Z:-0.19076811 W:0.98131305}, Scaling=<0.9999999, 0.9999998, 1.0000001>
** MODEL ORIGINAL Limbnode ComputeLocal logs below ***
T:
(1.0000, 0.0000, 0.0000, 0.0000)
(0.0000, 1.0000, 0.0000, 0.0000)
(0.0000, 0.0000, 1.0000, 0.0000)
(30.3399, -0.0000, -0.0000, 1.0000)
Roff:
(1.0000, 0.0000, 0.0000, 0.0000)
(0.0000, 1.0000, 0.0000, 0.0000)
(0.0000, 0.0000, 1.0000, 0.0000)
(0.0000, 0.0000, 0.0000, 1.0000)
Rp:
(1.0000, 0.0000, 0.0000, 0.0000)
(0.0000, 1.0000, 0.0000, 0.0000)
(0.0000, 0.0000, 1.0000, 0.0000)
(0.0000, 0.0000, 0.0000, 1.0000)
Pre:
(1.0000, 0.0000, 0.0000, 0.0000)
(0.0000, 1.0000, 0.0000, 0.0000)
(0.0000, 0.0000, 1.0000, 0.0000)
(0.0000, 0.0000, 0.0000, 1.0000)
R:
(0.9637, -0.1707, 0.2051, 0.0000)
(0.1968, 0.9737, -0.1144, 0.0000)
(-0.1802, 0.1506, 0.9720, 0.0000)
(0.0000, 0.0000, 0.0000, 1.0000)
PostInv:
(1.0000, 0.0000, 0.0000, 0.0000)
(0.0000, 1.0000, 0.0000, 0.0000)
(0.0000, 0.0000, 1.0000, 0.0000)
(0.0000, 0.0000, 0.0000, 1.0000)
invRp:
(1.0000, 0.0000, 0.0000, 0.0000)
(0.0000, 1.0000, 0.0000, 0.0000)
(0.0000, 0.0000, 1.0000, 0.0000)
(-0.0000, -0.0000, -0.0000, 1.0000)
Soff:
(1.0000, 0.0000, 0.0000, 0.0000)
(0.0000, 1.0000, 0.0000, 0.0000)
(0.0000, 0.0000, 1.0000, 0.0000)
(0.0000, 0.0000, 0.0000, 1.0000)
Sp:
(1.0000, 0.0000, 0.0000, 0.0000)
(0.0000, 1.0000, 0.0000, 0.0000)
(0.0000, 0.0000, 1.0000, 0.0000)
(0.0000, 0.0000, 0.0000, 1.0000)
S:
(1.0000, 0.0000, 0.0000, 0.0000)
(0.0000, 1.0000, 0.0000, 0.0000)
(0.0000, 0.0000, 1.0000, 0.0000)
(0.0000, 0.0000, 0.0000, 1.0000)
invSp:
(1.0000, 0.0000, 0.0000, 0.0000)
(0.0000, 1.0000, 0.0000, 0.0000)
(0.0000, 0.0000, 1.0000, 0.0000)
(-0.0000, -0.0000, -0.0000, 1.0000)
Final LocalRest:
(0.9637, -0.1707, 0.2051, 0.0000)
(0.1968, 0.9737, -0.1144, 0.0000)
(-0.1802, 0.1506, 0.9720, 0.0000)
(29.2394, -5.1796, 6.2241, 1.0000)
Parsed bone: ID=481327123, Index=8, Name=lowerarm_l, Type=LimbNode, Translation=<30.339935, -1.4305115E-06, -2.1338463E-05>, Rotation={X:-0.06701511 Y:-0.0974533 Z:-0.09294755 W:0.9886216}, Scaling=<1, 0.99999976, 0.9999996>
** MODEL ORIGINAL Limbnode ComputeLocal logs below ***
T:
(1.0000, 0.0000, 0.0000, 0.0000)
(0.0000, 1.0000, 0.0000, 0.0000)
(0.0000, 0.0000, 1.0000, 0.0000)
(26.9751, 0.0000, 0.0000, 1.0000)
Roff:
(1.0000, 0.0000, 0.0000, 0.0000)
(0.0000, 1.0000, 0.0000, 0.0000)
(0.0000, 0.0000, 1.0000, 0.0000)
(0.0000, 0.0000, 0.0000, 1.0000)
Rp:
(1.0000, 0.0000, 0.0000, 0.0000)
(0.0000, 1.0000, 0.0000, 0.0000)
(0.0000, 0.0000, 1.0000, 0.0000)
(0.0000, 0.0000, 0.0000, 1.0000)
Pre:
(1.0000, 0.0000, 0.0000, 0.0000)
(0.0000, 1.0000, 0.0000, 0.0000)
(0.0000, 0.0000, 1.0000, 0.0000)
(0.0000, 0.0000, 0.0000, 1.0000)
R:
(0.9990, -0.0072, -0.0436, 0.0000)
(-0.0407, 0.2362, -0.9709, 0.0000)
(0.0173, 0.9717, 0.2357, 0.0000)
(0.0000, 0.0000, 0.0000, 1.0000)
PostInv:
(1.0000, 0.0000, 0.0000, 0.0000)
(0.0000, 1.0000, 0.0000, 0.0000)
(0.0000, 0.0000, 1.0000, 0.0000)
(0.0000, 0.0000, 0.0000, 1.0000)
invRp:
(1.0000, 0.0000, 0.0000, 0.0000)
(0.0000, 1.0000, 0.0000, 0.0000)
(0.0000, 0.0000, 1.0000, 0.0000)
(-0.0000, -0.0000, -0.0000, 1.0000)
Soff:
(1.0000, 0.0000, 0.0000, 0.0000)
(0.0000, 1.0000, 0.0000, 0.0000)
(0.0000, 0.0000, 1.0000, 0.0000)
(0.0000, 0.0000, 0.0000, 1.0000)
Sp:
(1.0000, 0.0000, 0.0000, 0.0000)
(0.0000, 1.0000, 0.0000, 0.0000)
(0.0000, 0.0000, 1.0000, 0.0000)
(0.0000, 0.0000, 0.0000, 1.0000)
S:
(1.0000, 0.0000, 0.0000, 0.0000)
(0.0000, 1.0000, 0.0000, 0.0000)
(0.0000, 0.0000, 1.0000, 0.0000)
(0.0000, 0.0000, 0.0000, 1.0000)
invSp:
(1.0000, 0.0000, 0.0000, 0.0000)
(0.0000, 1.0000, 0.0000, 0.0000)
(0.0000, 0.0000, 1.0000, 0.0000)
(-0.0000, -0.0000, -0.0000, 1.0000)
Final LocalRest:
(0.9990, -0.0072, -0.0436, 0.0000)
(-0.0407, 0.2362, -0.9709, 0.0000)
(0.0173, 0.9717, 0.2357, 0.0000)
(26.9488, -0.1940, -1.1766, 1.0000)
Parsed bone: ID=13453017, Index=9, Name=hand_l, Type=LimbNode, Translation=<26.975145, 1.0967255E-05, 1.3709068E-05>, Rotation={X:-0.61789525 Y:0.019371945 Z:0.010653182 W:0.7859495}, Scaling=<1.0000005, 1.0000002, 1.0000002>
** MODEL ORIGINAL Limbnode ComputeLocal logs below ***
T:
(1.0000, 0.0000, 0.0000, 0.0000)
(0.0000, 1.0000, 0.0000, 0.0000)
(0.0000, 0.0000, 1.0000, 0.0000)
(12.0681, 1.7635, -2.1094, 1.0000)
Roff:
(1.0000, 0.0000, 0.0000, 0.0000)
(0.0000, 1.0000, 0.0000, 0.0000)
(0.0000, 0.0000, 1.0000, 0.0000)
(0.0000, 0.0000, 0.0000, 1.0000)
Rp:
(1.0000, 0.0000, 0.0000, 0.0000)
(0.0000, 1.0000, 0.0000, 0.0000)
(0.0000, 0.0000, 1.0000, 0.0000)
(0.0000, 0.0000, 0.0000, 1.0000)
Pre:
(1.0000, 0.0000, 0.0000, 0.0000)
(0.0000, 1.0000, 0.0000, 0.0000)
(0.0000, 0.0000, 1.0000, 0.0000)
(0.0000, 0.0000, 0.0000, 1.0000)
R:
(0.9004, 0.4302, 0.0656, 0.0000)
(-0.4319, 0.8648, 0.2560, 0.0000)
(0.0534, -0.2589, 0.9644, 0.0000)
(0.0000, 0.0000, 0.0000, 1.0000)
PostInv:
(1.0000, 0.0000, 0.0000, 0.0000)
(0.0000, 1.0000, 0.0000, 0.0000)
(0.0000, 0.0000, 1.0000, 0.0000)
(0.0000, 0.0000, 0.0000, 1.0000)
invRp:
(1.0000, 0.0000, 0.0000, 0.0000)
(0.0000, 1.0000, 0.0000, 0.0000)
(0.0000, 0.0000, 1.0000, 0.0000)
(-0.0000, -0.0000, -0.0000, 1.0000)
Soff:
(1.0000, 0.0000, 0.0000, 0.0000)
(0.0000, 1.0000, 0.0000, 0.0000)
(0.0000, 0.0000, 1.0000, 0.0000)
(0.0000, 0.0000, 0.0000, 1.0000)
Sp:
(1.0000, 0.0000, 0.0000, 0.0000)
(0.0000, 1.0000, 0.0000, 0.0000)
(0.0000, 0.0000, 1.0000, 0.0000)
(0.0000, 0.0000, 0.0000, 1.0000)
S:
(1.0000, 0.0000, 0.0000, 0.0000)
(0.0000, 1.0000, 0.0000, 0.0000)
(0.0000, 0.0000, 1.0000, 0.0000)
(0.0000, 0.0000, 0.0000, 1.0000)
invSp:
(1.0000, 0.0000, 0.0000, 0.0000)
(0.0000, 1.0000, 0.0000, 0.0000)
(0.0000, 0.0000, 1.0000, 0.0000)
(-0.0000, -0.0000, -0.0000, 1.0000)
Final LocalRest:
(0.9004, 0.4302, 0.0656, 0.0000)
(-0.4319, 0.8648, 0.2560, 0.0000)
(0.0534, -0.2589, 0.9644, 0.0000)
(9.9915, 7.2624, -0.7907, 1.0000)
Parsed bone: ID=972168077, Index=10, Name=index_01_l, Type=LimbNode, Translation=<12.068101, 1.7634739, -2.1093936>, Rotation={X:0.13330449 Y:-0.0031805884 Z:0.22318013 W:0.9656141}, Scaling=<0.99999994, 1, 1.0000002>
** MODEL ORIGINAL Limbnode ComputeLocal logs below ***
T:
(1.0000, 0.0000, 0.0000, 0.0000)
(0.0000, 1.0000, 0.0000, 0.0000)
(0.0000, 0.0000, 1.0000, 0.0000)
(4.2875, -0.0000, -0.0000, 1.0000)
Roff:
(1.0000, 0.0000, 0.0000, 0.0000)
(0.0000, 1.0000, 0.0000, 0.0000)
(0.0000, 0.0000, 1.0000, 0.0000)
(0.0000, 0.0000, 0.0000, 1.0000)
Rp:
(1.0000, 0.0000, 0.0000, 0.0000)
(0.0000, 1.0000, 0.0000, 0.0000)
(0.0000, 0.0000, 1.0000, 0.0000)
(0.0000, 0.0000, 0.0000, 1.0000)
Pre:
(1.0000, 0.0000, 0.0000, 0.0000)
(0.0000, 1.0000, 0.0000, 0.0000)
(0.0000, 0.0000, 1.0000, 0.0000)
(0.0000, 0.0000, 0.0000, 1.0000)
R:
(0.9782, 0.2077, 0.0083, 0.0000)
(-0.2078, 0.9779, 0.0233, 0.0000)
(-0.0033, -0.0246, 0.9997, 0.0000)
(0.0000, 0.0000, 0.0000, 1.0000)
PostInv:
(1.0000, 0.0000, 0.0000, 0.0000)
(0.0000, 1.0000, 0.0000, 0.0000)
(0.0000, 0.0000, 1.0000, 0.0000)
(0.0000, 0.0000, 0.0000, 1.0000)
invRp:
(1.0000, 0.0000, 0.0000, 0.0000)
(0.0000, 1.0000, 0.0000, 0.0000)
(0.0000, 0.0000, 1.0000, 0.0000)
(-0.0000, -0.0000, -0.0000, 1.0000)
Soff:
(1.0000, 0.0000, 0.0000, 0.0000)
(0.0000, 1.0000, 0.0000, 0.0000)
(0.0000, 0.0000, 1.0000, 0.0000)
(0.0000, 0.0000, 0.0000, 1.0000)
Sp:
(1.0000, 0.0000, 0.0000, 0.0000)
(0.0000, 1.0000, 0.0000, 0.0000)
(0.0000, 0.0000, 1.0000, 0.0000)
(0.0000, 0.0000, 0.0000, 1.0000)
S:
(1.0000, 0.0000, 0.0000, 0.0000)
(0.0000, 1.0000, 0.0000, 0.0000)
(0.0000, 0.0000, 1.0000, 0.0000)
(0.0000, 0.0000, 0.0000, 1.0000)
invSp:
(1.0000, 0.0000, 0.0000, 0.0000)
(0.0000, 1.0000, 0.0000, 0.0000)
(0.0000, 0.0000, 1.0000, 0.0000)
(-0.0000, -0.0000, -0.0000, 1.0000)
Final LocalRest:
(0.9782, 0.2077, 0.0083, 0.0000)
(-0.2078, 0.9779, 0.0233, 0.0000)
(-0.0033, -0.0246, 0.9997, 0.0000)
(4.1939, 0.8904, 0.0356, 1.0000)
Parsed bone: ID=393427788, Index=11, Name=index_02_l, Type=LimbNode, Translation=<4.2874975, -2.0503998E-05, -1.001358E-05>, Rotation={X:0.012043722 Y:-0.0029059027 Z:0.10444826 W:0.9944532}, Scaling=<0.9999996, 0.9999997, 0.9999995>
** MODEL ORIGINAL Limbnode ComputeLocal logs below ***
T:
(1.0000, 0.0000, 0.0000, 0.0000)
(0.0000, 1.0000, 0.0000, 0.0000)
(0.0000, 0.0000, 1.0000, 0.0000)
(3.3938, -0.0000, -0.0000, 1.0000)
Roff:
(1.0000, 0.0000, 0.0000, 0.0000)
(0.0000, 1.0000, 0.0000, 0.0000)
(0.0000, 0.0000, 1.0000, 0.0000)
(0.0000, 0.0000, 0.0000, 1.0000)
Rp:
(1.0000, 0.0000, 0.0000, 0.0000)
(0.0000, 1.0000, 0.0000, 0.0000)
(0.0000, 0.0000, 1.0000, 0.0000)
(0.0000, 0.0000, 0.0000, 1.0000)
Pre:
(1.0000, 0.0000, 0.0000, 0.0000)
(0.0000, 1.0000, 0.0000, 0.0000)
(0.0000, 0.0000, 1.0000, 0.0000)
(0.0000, 0.0000, 0.0000, 1.0000)
R:
(0.9861, -0.1650, -0.0174, 0.0000)
(0.1653, 0.9860, 0.0198, 0.0000)
(0.0139, -0.0224, 0.9997, 0.0000)
(0.0000, 0.0000, 0.0000, 1.0000)
PostInv:
(1.0000, 0.0000, 0.0000, 0.0000)
(0.0000, 1.0000, 0.0000, 0.0000)
(0.0000, 0.0000, 1.0000, 0.0000)
(0.0000, 0.0000, 0.0000, 1.0000)
invRp:
(1.0000, 0.0000, 0.0000, 0.0000)
(0.0000, 1.0000, 0.0000, 0.0000)
(0.0000, 0.0000, 1.0000, 0.0000)
(-0.0000, -0.0000, -0.0000, 1.0000)
Soff:
(1.0000, 0.0000, 0.0000, 0.0000)
(0.0000, 1.0000, 0.0000, 0.0000)
(0.0000, 0.0000, 1.0000, 0.0000)
(0.0000, 0.0000, 0.0000, 1.0000)
Sp:
(1.0000, 0.0000, 0.0000, 0.0000)
(0.0000, 1.0000, 0.0000, 0.0000)
(0.0000, 0.0000, 1.0000, 0.0000)
(0.0000, 0.0000, 0.0000, 1.0000)
S:
(1.0000, 0.0000, 0.0000, 0.0000)
(0.0000, 1.0000, 0.0000, 0.0000)
(0.0000, 0.0000, 1.0000, 0.0000)
(0.0000, 0.0000, 0.0000, 1.0000)
invSp:
(1.0000, 0.0000, 0.0000, 0.0000)
(0.0000, 1.0000, 0.0000, 0.0000)
(0.0000, 0.0000, 1.0000, 0.0000)
(-0.0000, -0.0000, -0.0000, 1.0000)
Final LocalRest:
(0.9861, -0.1650, -0.0174, 0.0000)
(0.1653, 0.9860, 0.0198, 0.0000)
(0.0139, -0.0224, 0.9997, 0.0000)
(3.3468, -0.5599, -0.0591, 1.0000)
Parsed bone: ID=397291381, Index=12, Name=index_03_l, Type=LimbNode, Translation=<3.3938103, -1.859665E-05, -9.536743E-06>, Rotation={X:0.010610995 Y:0.007851237 Z:-0.08285556 W:0.99647415}, Scaling=<0.99999964, 0.9999997, 0.99999976>
** MODEL ORIGINAL Limbnode ComputeLocal logs below ***
T:
(1.0000, 0.0000, 0.0000, 0.0000)
(0.0000, 1.0000, 0.0000, 0.0000)
(0.0000, 0.0000, 1.0000, 0.0000)
(12.2443, 1.2937, 0.5712, 1.0000)
Roff:
(1.0000, 0.0000, 0.0000, 0.0000)
(0.0000, 1.0000, 0.0000, 0.0000)
(0.0000, 0.0000, 1.0000, 0.0000)
(0.0000, 0.0000, 0.0000, 1.0000)
Rp:
(1.0000, 0.0000, 0.0000, 0.0000)
(0.0000, 1.0000, 0.0000, 0.0000)
(0.0000, 0.0000, 1.0000, 0.0000)
(0.0000, 0.0000, 0.0000, 1.0000)
Pre:
(1.0000, 0.0000, 0.0000, 0.0000)
(0.0000, 1.0000, 0.0000, 0.0000)
(0.0000, 0.0000, 1.0000, 0.0000)
(0.0000, 0.0000, 0.0000, 1.0000)
R:
(0.9147, 0.3850, 0.1226, 0.0000)
(-0.3915, 0.9196, 0.0332, 0.0000)
(-0.0999, -0.0784, 0.9919, 0.0000)
(0.0000, 0.0000, 0.0000, 1.0000)
PostInv:
(1.0000, 0.0000, 0.0000, 0.0000)
(0.0000, 1.0000, 0.0000, 0.0000)
(0.0000, 0.0000, 1.0000, 0.0000)
(0.0000, 0.0000, 0.0000, 1.0000)
invRp:
(1.0000, 0.0000, 0.0000, 0.0000)
(0.0000, 1.0000, 0.0000, 0.0000)
(0.0000, 0.0000, 1.0000, 0.0000)
(-0.0000, -0.0000, -0.0000, 1.0000)
Soff:
(1.0000, 0.0000, 0.0000, 0.0000)
(0.0000, 1.0000, 0.0000, 0.0000)
(0.0000, 0.0000, 1.0000, 0.0000)
(0.0000, 0.0000, 0.0000, 1.0000)
Sp:
(1.0000, 0.0000, 0.0000, 0.0000)
(0.0000, 1.0000, 0.0000, 0.0000)
(0.0000, 0.0000, 1.0000, 0.0000)
(0.0000, 0.0000, 0.0000, 1.0000)
S:
(1.0000, 0.0000, 0.0000, 0.0000)
(0.0000, 1.0000, 0.0000, 0.0000)
(0.0000, 0.0000, 1.0000, 0.0000)
(0.0000, 0.0000, 0.0000, 1.0000)
invSp:
(1.0000, 0.0000, 0.0000, 0.0000)
(0.0000, 1.0000, 0.0000, 0.0000)
(0.0000, 0.0000, 1.0000, 0.0000)
(-0.0000, -0.0000, -0.0000, 1.0000)
Final LocalRest:
(0.9147, 0.3850, 0.1226, 0.0000)
(-0.3915, 0.9196, 0.0332, 0.0000)
(-0.0999, -0.0784, 0.9919, 0.0000)
(10.6368, 5.8590, 2.1103, 1.0000)
Parsed bone: ID=357284866, Index=13, Name=middle_01_l, Type=LimbNode, Translation=<12.244271, 1.2936504, 0.57116604>, Rotation={X:0.028522111 Y:-0.05687439 Z:0.19848529 W:0.9780365}, Scaling=<0.99999976, 1.0000002, 1.0000001>
** MODEL ORIGINAL Limbnode ComputeLocal logs below ***
T:
(1.0000, 0.0000, 0.0000, 0.0000)
(0.0000, 1.0000, 0.0000, 0.0000)
(0.0000, 0.0000, 1.0000, 0.0000)
(4.6404, 0.0000, -0.0000, 1.0000)
Roff:
(1.0000, 0.0000, 0.0000, 0.0000)
(0.0000, 1.0000, 0.0000, 0.0000)
(0.0000, 0.0000, 1.0000, 0.0000)
(0.0000, 0.0000, 0.0000, 1.0000)
Rp:
(1.0000, 0.0000, 0.0000, 0.0000)
(0.0000, 1.0000, 0.0000, 0.0000)
(0.0000, 0.0000, 1.0000, 0.0000)
(0.0000, 0.0000, 0.0000, 1.0000)
Pre:
(1.0000, 0.0000, 0.0000, 0.0000)
(0.0000, 1.0000, 0.0000, 0.0000)
(0.0000, 0.0000, 1.0000, 0.0000)
(0.0000, 0.0000, 0.0000, 1.0000)
R:
(0.9769, 0.2127, -0.0198, 0.0000)
(-0.2133, 0.9764, -0.0353, 0.0000)
(0.0119, 0.0387, 0.9992, 0.0000)
(0.0000, 0.0000, 0.0000, 1.0000)
PostInv:
(1.0000, 0.0000, 0.0000, 0.0000)
(0.0000, 1.0000, 0.0000, 0.0000)
(0.0000, 0.0000, 1.0000, 0.0000)
(0.0000, 0.0000, 0.0000, 1.0000)
invRp:
(1.0000, 0.0000, 0.0000, 0.0000)
(0.0000, 1.0000, 0.0000, 0.0000)
(0.0000, 0.0000, 1.0000, 0.0000)
(-0.0000, -0.0000, -0.0000, 1.0000)
Soff:
(1.0000, 0.0000, 0.0000, 0.0000)
(0.0000, 1.0000, 0.0000, 0.0000)
(0.0000, 0.0000, 1.0000, 0.0000)
(0.0000, 0.0000, 0.0000, 1.0000)
Sp:
(1.0000, 0.0000, 0.0000, 0.0000)
(0.0000, 1.0000, 0.0000, 0.0000)
(0.0000, 0.0000, 1.0000, 0.0000)
(0.0000, 0.0000, 0.0000, 1.0000)
S:
(1.0000, 0.0000, 0.0000, 0.0000)
(0.0000, 1.0000, 0.0000, 0.0000)
(0.0000, 0.0000, 1.0000, 0.0000)
(0.0000, 0.0000, 0.0000, 1.0000)
invSp:
(1.0000, 0.0000, 0.0000, 0.0000)
(0.0000, 1.0000, 0.0000, 0.0000)
(0.0000, 0.0000, 1.0000, 0.0000)
(-0.0000, -0.0000, -0.0000, 1.0000)
Final LocalRest:
(0.9769, 0.2127, -0.0198, 0.0000)
(-0.2133, 0.9764, -0.0353, 0.0000)
(0.0119, 0.0387, 0.9992, 0.0000)
(4.5333, 0.9868, -0.0921, 1.0000)
Parsed bone: ID=366428379, Index=14, Name=middle_02_l, Type=LimbNode, Translation=<4.640371, 1.3232231E-05, -3.33786E-06>, Rotation={X:-0.018628757 Y:0.007972185 Z:0.107116796 W:0.99403995}, Scaling=<0.9999997, 0.9999999, 0.9999999>
** MODEL ORIGINAL Limbnode ComputeLocal logs below ***
T:
(1.0000, 0.0000, 0.0000, 0.0000)
(0.0000, 1.0000, 0.0000, 0.0000)
(0.0000, 0.0000, 1.0000, 0.0000)
(3.6488, -0.0000, -0.0000, 1.0000)
Roff:
(1.0000, 0.0000, 0.0000, 0.0000)
(0.0000, 1.0000, 0.0000, 0.0000)
(0.0000, 0.0000, 1.0000, 0.0000)
(0.0000, 0.0000, 0.0000, 1.0000)
Rp:
(1.0000, 0.0000, 0.0000, 0.0000)
(0.0000, 1.0000, 0.0000, 0.0000)
(0.0000, 0.0000, 1.0000, 0.0000)
(0.0000, 0.0000, 0.0000, 1.0000)
Pre:
(1.0000, 0.0000, 0.0000, 0.0000)
(0.0000, 1.0000, 0.0000, 0.0000)
(0.0000, 0.0000, 1.0000, 0.0000)
(0.0000, 0.0000, 0.0000, 1.0000)
R:
(0.9613, -0.2648, 0.0765, 0.0000)
(0.2645, 0.9643, 0.0136, 0.0000)
(-0.0774, 0.0072, 0.9970, 0.0000)
(0.0000, 0.0000, 0.0000, 1.0000)
PostInv:
(1.0000, 0.0000, 0.0000, 0.0000)
(0.0000, 1.0000, 0.0000, 0.0000)
(0.0000, 0.0000, 1.0000, 0.0000)
(0.0000, 0.0000, 0.0000, 1.0000)
invRp:
(1.0000, 0.0000, 0.0000, 0.0000)
(0.0000, 1.0000, 0.0000, 0.0000)
(0.0000, 0.0000, 1.0000, 0.0000)
(-0.0000, -0.0000, -0.0000, 1.0000)
Soff:
(1.0000, 0.0000, 0.0000, 0.0000)
(0.0000, 1.0000, 0.0000, 0.0000)
(0.0000, 0.0000, 1.0000, 0.0000)
(0.0000, 0.0000, 0.0000, 1.0000)
Sp:
(1.0000, 0.0000, 0.0000, 0.0000)
(0.0000, 1.0000, 0.0000, 0.0000)
(0.0000, 0.0000, 1.0000, 0.0000)
(0.0000, 0.0000, 0.0000, 1.0000)
S:
(1.0000, 0.0000, 0.0000, 0.0000)
(0.0000, 1.0000, 0.0000, 0.0000)
(0.0000, 0.0000, 1.0000, 0.0000)
(0.0000, 0.0000, 0.0000, 1.0000)
invSp:
(1.0000, 0.0000, 0.0000, 0.0000)
(0.0000, 1.0000, 0.0000, 0.0000)
(0.0000, 0.0000, 1.0000, 0.0000)
(-0.0000, -0.0000, -0.0000, 1.0000)
Final LocalRest:
(0.9613, -0.2648, 0.0765, 0.0000)
(0.2645, 0.9643, 0.0136, 0.0000)
(-0.0774, 0.0072, 0.9970, 0.0000)
(3.5075, -0.9661, 0.2793, 1.0000)
Parsed bone: ID=416171981, Index=15, Name=middle_03_l, Type=LimbNode, Translation=<3.648847, -2.104044E-05, -3.1292439E-06>, Rotation={X:0.0016213233 Y:-0.03886678 Z:-0.1336238 W:0.9902684}, Scaling=<1.0000001, 1, 1.0000002>
** MODEL ORIGINAL Limbnode ComputeLocal logs below ***
T:
(1.0000, 0.0000, 0.0000, 0.0000)
(0.0000, 1.0000, 0.0000, 0.0000)
(0.0000, 0.0000, 1.0000, 0.0000)
(10.1407, 2.2632, 4.6432, 1.0000)
Roff:
(1.0000, 0.0000, 0.0000, 0.0000)
(0.0000, 1.0000, 0.0000, 0.0000)
(0.0000, 0.0000, 1.0000, 0.0000)
(0.0000, 0.0000, 0.0000, 1.0000)
Rp:
(1.0000, 0.0000, 0.0000, 0.0000)
(0.0000, 1.0000, 0.0000, 0.0000)
(0.0000, 0.0000, 1.0000, 0.0000)
(0.0000, 0.0000, 0.0000, 1.0000)
Pre:
(1.0000, 0.0000, 0.0000, 0.0000)
(0.0000, 1.0000, 0.0000, 0.0000)
(0.0000, 0.0000, 1.0000, 0.0000)
(0.0000, 0.0000, 0.0000, 1.0000)
R:
(0.8878, 0.3264, 0.3245, 0.0000)
(-0.2290, 0.9248, -0.3037, 0.0000)
(-0.3992, 0.1953, 0.8958, 0.0000)
(0.0000, 0.0000, 0.0000, 1.0000)
PostInv:
(1.0000, 0.0000, 0.0000, 0.0000)
(0.0000, 1.0000, 0.0000, 0.0000)
(0.0000, 0.0000, 1.0000, 0.0000)
(0.0000, 0.0000, 0.0000, 1.0000)
invRp:
(1.0000, 0.0000, 0.0000, 0.0000)
(0.0000, 1.0000, 0.0000, 0.0000)
(0.0000, 0.0000, 1.0000, 0.0000)
(-0.0000, -0.0000, -0.0000, 1.0000)
Soff:
(1.0000, 0.0000, 0.0000, 0.0000)
(0.0000, 1.0000, 0.0000, 0.0000)
(0.0000, 0.0000, 1.0000, 0.0000)
(0.0000, 0.0000, 0.0000, 1.0000)
Sp:
(1.0000, 0.0000, 0.0000, 0.0000)
(0.0000, 1.0000, 0.0000, 0.0000)
(0.0000, 0.0000, 1.0000, 0.0000)
(0.0000, 0.0000, 0.0000, 1.0000)
S:
(1.0000, 0.0000, 0.0000, 0.0000)
(0.0000, 1.0000, 0.0000, 0.0000)
(0.0000, 0.0000, 1.0000, 0.0000)
(0.0000, 0.0000, 0.0000, 1.0000)
invSp:
(1.0000, 0.0000, 0.0000, 0.0000)
(0.0000, 1.0000, 0.0000, 0.0000)
(0.0000, 0.0000, 1.0000, 0.0000)
(-0.0000, -0.0000, -0.0000, 1.0000)
Final LocalRest:
(0.8878, 0.3264, 0.3245, 0.0000)
(-0.2290, 0.9248, -0.3037, 0.0000)
(-0.3992, 0.1953, 0.8958, 0.0000)
(6.6309, 6.3096, 6.7627, 1.0000)
Parsed bone: ID=61547799, Index=16, Name=pinky_01_l, Type=LimbNode, Translation=<10.14066, 2.263153, 4.643152>, Rotation={X:-0.12953778 Y:-0.1878972 Z:0.14421341 W:0.9628692}, Scaling=<0.9999996, 1.0000001, 0.99999994>
** MODEL ORIGINAL Limbnode ComputeLocal logs below ***
T:
(1.0000, 0.0000, 0.0000, 0.0000)
(0.0000, 1.0000, 0.0000, 0.0000)
(0.0000, 0.0000, 1.0000, 0.0000)
(3.5710, 0.0000, -0.0000, 1.0000)
Roff:
(1.0000, 0.0000, 0.0000, 0.0000)
(0.0000, 1.0000, 0.0000, 0.0000)
(0.0000, 0.0000, 1.0000, 0.0000)
(0.0000, 0.0000, 0.0000, 1.0000)
Rp:
(1.0000, 0.0000, 0.0000, 0.0000)
(0.0000, 1.0000, 0.0000, 0.0000)
(0.0000, 0.0000, 1.0000, 0.0000)
(0.0000, 0.0000, 0.0000, 1.0000)
Pre:
(1.0000, 0.0000, 0.0000, 0.0000)
(0.0000, 1.0000, 0.0000, 0.0000)
(0.0000, 0.0000, 1.0000, 0.0000)
(0.0000, 0.0000, 0.0000, 1.0000)
R:
(0.9807, 0.1943, 0.0230, 0.0000)
(-0.1948, 0.9807, 0.0186, 0.0000)
(-0.0189, -0.0227, 0.9996, 0.0000)
(0.0000, 0.0000, 0.0000, 1.0000)
PostInv:
(1.0000, 0.0000, 0.0000, 0.0000)
(0.0000, 1.0000, 0.0000, 0.0000)
(0.0000, 0.0000, 1.0000, 0.0000)
(0.0000, 0.0000, 0.0000, 1.0000)
invRp:
(1.0000, 0.0000, 0.0000, 0.0000)
(0.0000, 1.0000, 0.0000, 0.0000)
(0.0000, 0.0000, 1.0000, 0.0000)
(-0.0000, -0.0000, -0.0000, 1.0000)
Soff:
(1.0000, 0.0000, 0.0000, 0.0000)
(0.0000, 1.0000, 0.0000, 0.0000)
(0.0000, 0.0000, 1.0000, 0.0000)
(0.0000, 0.0000, 0.0000, 1.0000)
Sp:
(1.0000, 0.0000, 0.0000, 0.0000)
(0.0000, 1.0000, 0.0000, 0.0000)
(0.0000, 0.0000, 1.0000, 0.0000)
(0.0000, 0.0000, 0.0000, 1.0000)
S:
(1.0000, 0.0000, 0.0000, 0.0000)
(0.0000, 1.0000, 0.0000, 0.0000)
(0.0000, 0.0000, 1.0000, 0.0000)
(0.0000, 0.0000, 0.0000, 1.0000)
invSp:
(1.0000, 0.0000, 0.0000, 0.0000)
(0.0000, 1.0000, 0.0000, 0.0000)
(0.0000, 0.0000, 1.0000, 0.0000)
(-0.0000, -0.0000, -0.0000, 1.0000)
Final LocalRest:
(0.9807, 0.1943, 0.0230, 0.0000)
(-0.1948, 0.9807, 0.0186, 0.0000)
(-0.0189, -0.0227, 0.9996, 0.0000)
(3.5020, 0.6939, 0.0820, 1.0000)
Parsed bone: ID=942455273, Index=17, Name=pinky_02_l, Type=LimbNode, Translation=<3.5709882, 2.2649765E-05, -1.9073486E-06>, Rotation={X:0.010359807 Y:-0.010518747 Z:0.09774767 W:0.99510175}, Scaling=<0.9999999, 1.0000001, 1>
** MODEL ORIGINAL Limbnode ComputeLocal logs below ***
T:
(1.0000, 0.0000, 0.0000, 0.0000)
(0.0000, 1.0000, 0.0000, 0.0000)
(0.0000, 0.0000, 1.0000, 0.0000)
(2.9856, -0.0000, 0.0000, 1.0000)
Roff:
(1.0000, 0.0000, 0.0000, 0.0000)
(0.0000, 1.0000, 0.0000, 0.0000)
(0.0000, 0.0000, 1.0000, 0.0000)
(0.0000, 0.0000, 0.0000, 1.0000)
Rp:
(1.0000, 0.0000, 0.0000, 0.0000)
(0.0000, 1.0000, 0.0000, 0.0000)
(0.0000, 0.0000, 1.0000, 0.0000)
(0.0000, 0.0000, 0.0000, 1.0000)
Pre:
(1.0000, 0.0000, 0.0000, 0.0000)
(0.0000, 1.0000, 0.0000, 0.0000)
(0.0000, 0.0000, 1.0000, 0.0000)
(0.0000, 0.0000, 0.0000, 1.0000)
R:
(0.9976, 0.0181, -0.0675, 0.0000)
(-0.0176, 0.9998, 0.0078, 0.0000)
(0.0676, -0.0066, 0.9977, 0.0000)
(0.0000, 0.0000, 0.0000, 1.0000)
PostInv:
(1.0000, 0.0000, 0.0000, 0.0000)
(0.0000, 1.0000, 0.0000, 0.0000)
(0.0000, 0.0000, 1.0000, 0.0000)
(0.0000, 0.0000, 0.0000, 1.0000)
invRp:
(1.0000, 0.0000, 0.0000, 0.0000)
(0.0000, 1.0000, 0.0000, 0.0000)
(0.0000, 0.0000, 1.0000, 0.0000)
(-0.0000, -0.0000, -0.0000, 1.0000)
Soff:
(1.0000, 0.0000, 0.0000, 0.0000)
(0.0000, 1.0000, 0.0000, 0.0000)
(0.0000, 0.0000, 1.0000, 0.0000)
(0.0000, 0.0000, 0.0000, 1.0000)
Sp:
(1.0000, 0.0000, 0.0000, 0.0000)
(0.0000, 1.0000, 0.0000, 0.0000)
(0.0000, 0.0000, 1.0000, 0.0000)
(0.0000, 0.0000, 0.0000, 1.0000)
S:
(1.0000, 0.0000, 0.0000, 0.0000)
(0.0000, 1.0000, 0.0000, 0.0000)
(0.0000, 0.0000, 1.0000, 0.0000)
(0.0000, 0.0000, 0.0000, 1.0000)
invSp:
(1.0000, 0.0000, 0.0000, 0.0000)
(0.0000, 1.0000, 0.0000, 0.0000)
(0.0000, 0.0000, 1.0000, 0.0000)
(-0.0000, -0.0000, -0.0000, 1.0000)
Final LocalRest:
(0.9976, 0.0181, -0.0675, 0.0000)
(-0.0176, 0.9998, 0.0078, 0.0000)
(0.0676, -0.0066, 0.9977, 0.0000)
(2.9783, 0.0540, -0.2015, 1.0000)
Parsed bone: ID=849970132, Index=18, Name=pinky_03_l, Type=LimbNode, Translation=<2.9856105, -1.5735626E-05, 4.7683716E-06>, Rotation={X:0.003580906 Y:0.03379596 Z:0.008930683 W:0.99938244}, Scaling=<1, 1.0000002, 1.0000002>
** MODEL ORIGINAL Limbnode ComputeLocal logs below ***
T:
(1.0000, 0.0000, 0.0000, 0.0000)
(0.0000, 1.0000, 0.0000, 0.0000)
(0.0000, 0.0000, 1.0000, 0.0000)
(11.4979, 1.7535, 2.8469, 1.0000)
Roff:
(1.0000, 0.0000, 0.0000, 0.0000)
(0.0000, 1.0000, 0.0000, 0.0000)
(0.0000, 0.0000, 1.0000, 0.0000)
(0.0000, 0.0000, 0.0000, 1.0000)
Rp:
(1.0000, 0.0000, 0.0000, 0.0000)
(0.0000, 1.0000, 0.0000, 0.0000)
(0.0000, 0.0000, 1.0000, 0.0000)
(0.0000, 0.0000, 0.0000, 1.0000)
Pre:
(1.0000, 0.0000, 0.0000, 0.0000)
(0.0000, 1.0000, 0.0000, 0.0000)
(0.0000, 0.0000, 1.0000, 0.0000)
(0.0000, 0.0000, 0.0000, 1.0000)
R:
(0.9017, 0.3882, 0.1906, 0.0000)
(-0.3436, 0.9107, -0.2293, 0.0000)
(-0.2626, 0.1413, 0.9545, 0.0000)
(0.0000, 0.0000, 0.0000, 1.0000)
PostInv:
(1.0000, 0.0000, 0.0000, 0.0000)
(0.0000, 1.0000, 0.0000, 0.0000)
(0.0000, 0.0000, 1.0000, 0.0000)
(0.0000, 0.0000, 0.0000, 1.0000)
invRp:
(1.0000, 0.0000, 0.0000, 0.0000)
(0.0000, 1.0000, 0.0000, 0.0000)
(0.0000, 0.0000, 1.0000, 0.0000)
(-0.0000, -0.0000, -0.0000, 1.0000)
Soff:
(1.0000, 0.0000, 0.0000, 0.0000)
(0.0000, 1.0000, 0.0000, 0.0000)
(0.0000, 0.0000, 1.0000, 0.0000)
(0.0000, 0.0000, 0.0000, 1.0000)
Sp:
(1.0000, 0.0000, 0.0000, 0.0000)
(0.0000, 1.0000, 0.0000, 0.0000)
(0.0000, 0.0000, 1.0000, 0.0000)
(0.0000, 0.0000, 0.0000, 1.0000)
S:
(1.0000, 0.0000, 0.0000, 0.0000)
(0.0000, 1.0000, 0.0000, 0.0000)
(0.0000, 0.0000, 1.0000, 0.0000)
(0.0000, 0.0000, 0.0000, 1.0000)
invSp:
(1.0000, 0.0000, 0.0000, 0.0000)
(0.0000, 1.0000, 0.0000, 0.0000)
(0.0000, 0.0000, 1.0000, 0.0000)
(-0.0000, -0.0000, -0.0000, 1.0000)
Final LocalRest:
(0.9017, 0.3882, 0.1906, 0.0000)
(-0.3436, 0.9107, -0.2293, 0.0000)
(-0.2626, 0.1413, 0.9545, 0.0000)
(9.0170, 6.4623, 4.5070, 1.0000)
Parsed bone: ID=572661099, Index=19, Name=ring_01_l, Type=LimbNode, Translation=<11.497871, 1.7535212, 2.8469162>, Rotation={X:-0.09548036 Y:-0.11676558 Z:0.18851152 W:0.9704189}, Scaling=<0.9999997, 0.9999997, 0.9999999>
** MODEL ORIGINAL Limbnode ComputeLocal logs below ***
T:
(1.0000, 0.0000, 0.0000, 0.0000)
(0.0000, 1.0000, 0.0000, 0.0000)
(0.0000, 0.0000, 1.0000, 0.0000)
(4.4302, 0.0000, 0.0000, 1.0000)
Roff:
(1.0000, 0.0000, 0.0000, 0.0000)
(0.0000, 1.0000, 0.0000, 0.0000)
(0.0000, 0.0000, 1.0000, 0.0000)
(0.0000, 0.0000, 0.0000, 1.0000)
Rp:
(1.0000, 0.0000, 0.0000, 0.0000)
(0.0000, 1.0000, 0.0000, 0.0000)
(0.0000, 0.0000, 1.0000, 0.0000)
(0.0000, 0.0000, 0.0000, 1.0000)
Pre:
(1.0000, 0.0000, 0.0000, 0.0000)
(0.0000, 1.0000, 0.0000, 0.0000)
(0.0000, 0.0000, 1.0000, 0.0000)
(0.0000, 0.0000, 0.0000, 1.0000)
R:
(0.9727, 0.2302, 0.0291, 0.0000)
(-0.2305, 0.9731, 0.0053, 0.0000)
(-0.0271, -0.0118, 0.9996, 0.0000)
(0.0000, 0.0000, 0.0000, 1.0000)
PostInv:
(1.0000, 0.0000, 0.0000, 0.0000)
(0.0000, 1.0000, 0.0000, 0.0000)
(0.0000, 0.0000, 1.0000, 0.0000)
(0.0000, 0.0000, 0.0000, 1.0000)
invRp:
(1.0000, 0.0000, 0.0000, 0.0000)
(0.0000, 1.0000, 0.0000, 0.0000)
(0.0000, 0.0000, 1.0000, 0.0000)
(-0.0000, -0.0000, -0.0000, 1.0000)
Soff:
(1.0000, 0.0000, 0.0000, 0.0000)
(0.0000, 1.0000, 0.0000, 0.0000)
(0.0000, 0.0000, 1.0000, 0.0000)
(0.0000, 0.0000, 0.0000, 1.0000)
Sp:
(1.0000, 0.0000, 0.0000, 0.0000)
(0.0000, 1.0000, 0.0000, 0.0000)
(0.0000, 0.0000, 1.0000, 0.0000)
(0.0000, 0.0000, 0.0000, 1.0000)
S:
(1.0000, 0.0000, 0.0000, 0.0000)
(0.0000, 1.0000, 0.0000, 0.0000)
(0.0000, 0.0000, 1.0000, 0.0000)
(0.0000, 0.0000, 0.0000, 1.0000)
invSp:
(1.0000, 0.0000, 0.0000, 0.0000)
(0.0000, 1.0000, 0.0000, 0.0000)
(0.0000, 0.0000, 1.0000, 0.0000)
(-0.0000, -0.0000, -0.0000, 1.0000)
Final LocalRest:
(0.9727, 0.2302, 0.0291, 0.0000)
(-0.2305, 0.9731, 0.0053, 0.0000)
(-0.0271, -0.0118, 0.9996, 0.0000)
(4.3092, 1.0199, 0.1291, 1.0000)
Parsed bone: ID=454003047, Index=20, Name=ring_02_l, Type=LimbNode, Translation=<4.4301643, 1.0728836E-06, 1.9073486E-06>, Rotation={X:0.00430104 Y:-0.0141681805 Z:0.11596388 W:0.9931431}, Scaling=<0.99999994, 0.99999994, 0.99999994>
** MODEL ORIGINAL Limbnode ComputeLocal logs below ***
T:
(1.0000, 0.0000, 0.0000, 0.0000)
(0.0000, 1.0000, 0.0000, 0.0000)
(0.0000, 0.0000, 1.0000, 0.0000)
(3.4766, -0.0000, -0.0000, 1.0000)
Roff:
(1.0000, 0.0000, 0.0000, 0.0000)
(0.0000, 1.0000, 0.0000, 0.0000)
(0.0000, 0.0000, 1.0000, 0.0000)
(0.0000, 0.0000, 0.0000, 1.0000)
Rp:
(1.0000, 0.0000, 0.0000, 0.0000)
(0.0000, 1.0000, 0.0000, 0.0000)
(0.0000, 0.0000, 1.0000, 0.0000)
(0.0000, 0.0000, 0.0000, 1.0000)
Pre:
(1.0000, 0.0000, 0.0000, 0.0000)
(0.0000, 1.0000, 0.0000, 0.0000)
(0.0000, 0.0000, 1.0000, 0.0000)
(0.0000, 0.0000, 0.0000, 1.0000)
R:
(0.9734, -0.2229, -0.0521, 0.0000)
(0.2229, 0.9748, -0.0063, 0.0000)
(0.0522, -0.0055, 0.9986, 0.0000)
(0.0000, 0.0000, 0.0000, 1.0000)
PostInv:
(1.0000, 0.0000, 0.0000, 0.0000)
(0.0000, 1.0000, 0.0000, 0.0000)
(0.0000, 0.0000, 1.0000, 0.0000)
(0.0000, 0.0000, 0.0000, 1.0000)
invRp:
(1.0000, 0.0000, 0.0000, 0.0000)
(0.0000, 1.0000, 0.0000, 0.0000)
(0.0000, 0.0000, 1.0000, 0.0000)
(-0.0000, -0.0000, -0.0000, 1.0000)
Soff:
(1.0000, 0.0000, 0.0000, 0.0000)
(0.0000, 1.0000, 0.0000, 0.0000)
(0.0000, 0.0000, 1.0000, 0.0000)
(0.0000, 0.0000, 0.0000, 1.0000)
Sp:
(1.0000, 0.0000, 0.0000, 0.0000)
(0.0000, 1.0000, 0.0000, 0.0000)
(0.0000, 0.0000, 1.0000, 0.0000)
(0.0000, 0.0000, 0.0000, 1.0000)
S:
(1.0000, 0.0000, 0.0000, 0.0000)
(0.0000, 1.0000, 0.0000, 0.0000)
(0.0000, 0.0000, 1.0000, 0.0000)
(0.0000, 0.0000, 0.0000, 1.0000)
invSp:
(1.0000, 0.0000, 0.0000, 0.0000)
(0.0000, 1.0000, 0.0000, 0.0000)
(0.0000, 0.0000, 1.0000, 0.0000)
(-0.0000, -0.0000, -0.0000, 1.0000)
Final LocalRest:
(0.9734, -0.2229, -0.0521, 0.0000)
(0.2229, 0.9748, -0.0063, 0.0000)
(0.0522, -0.0055, 0.9986, 0.0000)
(3.3843, -0.7751, -0.1812, 1.0000)
Parsed bone: ID=614529581, Index=21, Name=ring_03_l, Type=LimbNode, Translation=<3.4766264, -2.3722649E-05, -6.198883E-06>, Rotation={X:-0.0001990216 Y:0.026257765 Z:-0.112212926 W:0.9933372}, Scaling=<1.0000002, 1.0000002, 1.0000004>
** MODEL ORIGINAL Limbnode ComputeLocal logs below ***
T:
(1.0000, 0.0000, 0.0000, 0.0000)
(0.0000, 1.0000, 0.0000, 0.0000)
(0.0000, 0.0000, 1.0000, 0.0000)
(4.7620, 2.3750, -2.5378, 1.0000)
Roff:
(1.0000, 0.0000, 0.0000, 0.0000)
(0.0000, 1.0000, 0.0000, 0.0000)
(0.0000, 0.0000, 1.0000, 0.0000)
(0.0000, 0.0000, 0.0000, 1.0000)
Rp:
(1.0000, 0.0000, 0.0000, 0.0000)
(0.0000, 1.0000, 0.0000, 0.0000)
(0.0000, 0.0000, 1.0000, 0.0000)
(0.0000, 0.0000, 0.0000, 1.0000)
Pre:
(1.0000, 0.0000, 0.0000, 0.0000)
(0.0000, 1.0000, 0.0000, 0.0000)
(0.0000, 0.0000, 1.0000, 0.0000)
(0.0000, 0.0000, 0.0000, 1.0000)
R:
(0.7120, 0.3637, -0.6007, 0.0000)
(0.5730, 0.1935, 0.7964, 0.0000)
(0.4058, -0.9112, -0.0706, 0.0000)
(0.0000, 0.0000, 0.0000, 1.0000)
PostInv:
(1.0000, 0.0000, 0.0000, 0.0000)
(0.0000, 1.0000, 0.0000, 0.0000)
(0.0000, 0.0000, 1.0000, 0.0000)
(0.0000, 0.0000, 0.0000, 1.0000)
invRp:
(1.0000, 0.0000, 0.0000, 0.0000)
(0.0000, 1.0000, 0.0000, 0.0000)
(0.0000, 0.0000, 1.0000, 0.0000)
(-0.0000, -0.0000, -0.0000, 1.0000)
Soff:
(1.0000, 0.0000, 0.0000, 0.0000)
(0.0000, 1.0000, 0.0000, 0.0000)
(0.0000, 0.0000, 1.0000, 0.0000)
(0.0000, 0.0000, 0.0000, 1.0000)
Sp:
(1.0000, 0.0000, 0.0000, 0.0000)
(0.0000, 1.0000, 0.0000, 0.0000)
(0.0000, 0.0000, 1.0000, 0.0000)
(0.0000, 0.0000, 0.0000, 1.0000)
S:
(1.0000, 0.0000, 0.0000, 0.0000)
(0.0000, 1.0000, 0.0000, 0.0000)
(0.0000, 0.0000, 1.0000, 0.0000)
(0.0000, 0.0000, 0.0000, 1.0000)
invSp:
(1.0000, 0.0000, 0.0000, 0.0000)
(0.0000, 1.0000, 0.0000, 0.0000)
(0.0000, 0.0000, 1.0000, 0.0000)
(-0.0000, -0.0000, -0.0000, 1.0000)
Final LocalRest:
(0.7120, 0.3637, -0.6007, 0.0000)
(0.5730, 0.1935, 0.7964, 0.0000)
(0.4058, -0.9112, -0.0706, 0.0000)
(3.7216, 4.5038, -0.7899, 1.0000)
Parsed bone: ID=625441056, Index=22, Name=thumb_01_l, Type=LimbNode, Translation=<4.7620435, 2.3749924, -2.5378165>, Rotation={X:0.6303088 Y:0.37152523 Z:-0.07729032 W:0.6772784}, Scaling=<1, 1.0000001, 1.0000002>
** MODEL ORIGINAL Limbnode ComputeLocal logs below ***
T:
(1.0000, 0.0000, 0.0000, 0.0000)
(0.0000, 1.0000, 0.0000, 0.0000)
(0.0000, 0.0000, 1.0000, 0.0000)
(3.8697, 0.0000, 0.0000, 1.0000)
Roff:
(1.0000, 0.0000, 0.0000, 0.0000)
(0.0000, 1.0000, 0.0000, 0.0000)
(0.0000, 0.0000, 1.0000, 0.0000)
(0.0000, 0.0000, 0.0000, 1.0000)
Rp:
(1.0000, 0.0000, 0.0000, 0.0000)
(0.0000, 1.0000, 0.0000, 0.0000)
(0.0000, 0.0000, 1.0000, 0.0000)
(0.0000, 0.0000, 0.0000, 1.0000)
Pre:
(1.0000, 0.0000, 0.0000, 0.0000)
(0.0000, 1.0000, 0.0000, 0.0000)
(0.0000, 0.0000, 1.0000, 0.0000)
(0.0000, 0.0000, 0.0000, 1.0000)
R:
(0.9511, 0.2575, -0.1708, 0.0000)
(-0.2566, 0.9661, 0.0277, 0.0000)
(0.1721, 0.0174, 0.9849, 0.0000)
(0.0000, 0.0000, 0.0000, 1.0000)
PostInv:
(1.0000, 0.0000, 0.0000, 0.0000)
(0.0000, 1.0000, 0.0000, 0.0000)
(0.0000, 0.0000, 1.0000, 0.0000)
(0.0000, 0.0000, 0.0000, 1.0000)
invRp:
(1.0000, 0.0000, 0.0000, 0.0000)
(0.0000, 1.0000, 0.0000, 0.0000)
(0.0000, 0.0000, 1.0000, 0.0000)
(-0.0000, -0.0000, -0.0000, 1.0000)
Soff:
(1.0000, 0.0000, 0.0000, 0.0000)
(0.0000, 1.0000, 0.0000, 0.0000)
(0.0000, 0.0000, 1.0000, 0.0000)
(0.0000, 0.0000, 0.0000, 1.0000)
Sp:
(1.0000, 0.0000, 0.0000, 0.0000)
(0.0000, 1.0000, 0.0000, 0.0000)
(0.0000, 0.0000, 1.0000, 0.0000)
(0.0000, 0.0000, 0.0000, 1.0000)
S:
(1.0000, 0.0000, 0.0000, 0.0000)
(0.0000, 1.0000, 0.0000, 0.0000)
(0.0000, 0.0000, 1.0000, 0.0000)
(0.0000, 0.0000, 0.0000, 1.0000)
invSp:
(1.0000, 0.0000, 0.0000, 0.0000)
(0.0000, 1.0000, 0.0000, 0.0000)
(0.0000, 0.0000, 1.0000, 0.0000)
(-0.0000, -0.0000, -0.0000, 1.0000)
Final LocalRest:
(0.9511, 0.2575, -0.1708, 0.0000)
(-0.2566, 0.9661, 0.0277, 0.0000)
(0.1721, 0.0174, 0.9849, 0.0000)
(3.6803, 0.9966, -0.6608, 1.0000)
Parsed bone: ID=466600648, Index=23, Name=thumb_02_l, Type=LimbNode, Translation=<3.8696725, 5.4836273E-06, 2.3722649E-05>, Rotation={X:0.002604861 Y:0.08679836 Z:0.13014138 W:0.98768544}, Scaling=<0.9999998, 0.99999994, 1.0000004>
** MODEL ORIGINAL Limbnode ComputeLocal logs below ***
T:
(1.0000, 0.0000, 0.0000, 0.0000)
(0.0000, 1.0000, 0.0000, 0.0000)
(0.0000, 0.0000, 1.0000, 0.0000)
(4.0622, 0.0000, -0.0000, 1.0000)
Roff:
(1.0000, 0.0000, 0.0000, 0.0000)
(0.0000, 1.0000, 0.0000, 0.0000)
(0.0000, 0.0000, 1.0000, 0.0000)
(0.0000, 0.0000, 0.0000, 1.0000)
Rp:
(1.0000, 0.0000, 0.0000, 0.0000)
(0.0000, 1.0000, 0.0000, 0.0000)
(0.0000, 0.0000, 1.0000, 0.0000)
(0.0000, 0.0000, 0.0000, 1.0000)
Pre:
(1.0000, 0.0000, 0.0000, 0.0000)
(0.0000, 1.0000, 0.0000, 0.0000)
(0.0000, 0.0000, 1.0000, 0.0000)
(0.0000, 0.0000, 0.0000, 1.0000)
R:
(0.9767, -0.2145, -0.0084, 0.0000)
(0.2146, 0.9758, 0.0421, 0.0000)
(-0.0009, -0.0429, 0.9991, 0.0000)
(0.0000, 0.0000, 0.0000, 1.0000)
PostInv:
(1.0000, 0.0000, 0.0000, 0.0000)
(0.0000, 1.0000, 0.0000, 0.0000)
(0.0000, 0.0000, 1.0000, 0.0000)
(0.0000, 0.0000, 0.0000, 1.0000)
invRp:
(1.0000, 0.0000, 0.0000, 0.0000)
(0.0000, 1.0000, 0.0000, 0.0000)
(0.0000, 0.0000, 1.0000, 0.0000)
(-0.0000, -0.0000, -0.0000, 1.0000)
Soff:
(1.0000, 0.0000, 0.0000, 0.0000)
(0.0000, 1.0000, 0.0000, 0.0000)
(0.0000, 0.0000, 1.0000, 0.0000)
(0.0000, 0.0000, 0.0000, 1.0000)
Sp:
(1.0000, 0.0000, 0.0000, 0.0000)
(0.0000, 1.0000, 0.0000, 0.0000)
(0.0000, 0.0000, 1.0000, 0.0000)
(0.0000, 0.0000, 0.0000, 1.0000)
S:
(1.0000, 0.0000, 0.0000, 0.0000)
(0.0000, 1.0000, 0.0000, 0.0000)
(0.0000, 0.0000, 1.0000, 0.0000)
(0.0000, 0.0000, 0.0000, 1.0000)
invSp:
(1.0000, 0.0000, 0.0000, 0.0000)
(0.0000, 1.0000, 0.0000, 0.0000)
(0.0000, 0.0000, 1.0000, 0.0000)
(-0.0000, -0.0000, -0.0000, 1.0000)
Final LocalRest:
(0.9767, -0.2145, -0.0084, 0.0000)
(0.2146, 0.9758, 0.0421, 0.0000)
(-0.0009, -0.0429, 0.9991, 0.0000)
(3.9675, -0.8713, -0.0340, 1.0000)
Parsed bone: ID=805241667, Index=24, Name=thumb_03_l, Type=LimbNode, Translation=<4.062173, 2.026558E-06, -1.6391277E-05>, Rotation={X:0.021399181 Y:0.0018834369 Z:-0.107937545 W:0.9939256}, Scaling=<0.9999999, 0.9999997, 0.9999998>
** MODEL ORIGINAL Limbnode ComputeLocal logs below ***
T:
(1.0000, 0.0000, 0.0000, 0.0000)
(0.0000, 1.0000, 0.0000, 0.0000)
(0.0000, 0.0000, 1.0000, 0.0000)
(14.0000, 0.0000, 0.0000, 1.0000)
Roff:
(1.0000, 0.0000, 0.0000, 0.0000)
(0.0000, 1.0000, 0.0000, 0.0000)
(0.0000, 0.0000, 1.0000, 0.0000)
(0.0000, 0.0000, 0.0000, 1.0000)
Rp:
(1.0000, 0.0000, 0.0000, 0.0000)
(0.0000, 1.0000, 0.0000, 0.0000)
(0.0000, 0.0000, 1.0000, 0.0000)
(0.0000, 0.0000, 0.0000, 1.0000)
Pre:
(1.0000, 0.0000, 0.0000, 0.0000)
(0.0000, 1.0000, 0.0000, 0.0000)
(0.0000, 0.0000, 1.0000, 0.0000)
(0.0000, 0.0000, 0.0000, 1.0000)
R:
(1.0000, -0.0000, -0.0000, 0.0000)
(0.0000, 1.0000, 0.0000, 0.0000)
(0.0000, -0.0000, 1.0000, 0.0000)
(0.0000, 0.0000, 0.0000, 1.0000)
PostInv:
(1.0000, 0.0000, 0.0000, 0.0000)
(0.0000, 1.0000, 0.0000, 0.0000)
(0.0000, 0.0000, 1.0000, 0.0000)
(0.0000, 0.0000, 0.0000, 1.0000)
invRp:
(1.0000, 0.0000, 0.0000, 0.0000)
(0.0000, 1.0000, 0.0000, 0.0000)
(0.0000, 0.0000, 1.0000, 0.0000)
(-0.0000, -0.0000, -0.0000, 1.0000)
Soff:
(1.0000, 0.0000, 0.0000, 0.0000)
(0.0000, 1.0000, 0.0000, 0.0000)
(0.0000, 0.0000, 1.0000, 0.0000)
(0.0000, 0.0000, 0.0000, 1.0000)
Sp:
(1.0000, 0.0000, 0.0000, 0.0000)
(0.0000, 1.0000, 0.0000, 0.0000)
(0.0000, 0.0000, 1.0000, 0.0000)
(0.0000, 0.0000, 0.0000, 1.0000)
S:
(1.0000, 0.0000, 0.0000, 0.0000)
(0.0000, 1.0000, 0.0000, 0.0000)
(0.0000, 0.0000, 1.0000, 0.0000)
(0.0000, 0.0000, 0.0000, 1.0000)
invSp:
(1.0000, 0.0000, 0.0000, 0.0000)
(0.0000, 1.0000, 0.0000, 0.0000)
(0.0000, 0.0000, 1.0000, 0.0000)
(-0.0000, -0.0000, -0.0000, 1.0000)
Final LocalRest:
(1.0000, -0.0000, -0.0000, 0.0000)
(0.0000, 1.0000, 0.0000, 0.0000)
(0.0000, -0.0000, 1.0000, 0.0000)
(14.0000, 0.0000, 0.0000, 1.0000)
Parsed bone: ID=262162507, Index=25, Name=lowerarm_twist_01_l, Type=LimbNode, Translation=<13.999998, 7.1525574E-06, 3.33786E-06>, Rotation={X:7.0838716E-08 Y:5.0757077E-08 Z:-4.4703473E-08 W:1}, Scaling=<1.0000002, 1.0000004, 1.0000001>
** MODEL ORIGINAL Limbnode ComputeLocal logs below ***
T:
(1.0000, 0.0000, 0.0000, 0.0000)
(0.0000, 1.0000, 0.0000, 0.0000)
(0.0000, 0.0000, 1.0000, 0.0000)
(11.8838, -2.7321, 3.7820, 1.0000)
Roff:
(1.0000, 0.0000, 0.0000, 0.0000)
(0.0000, 1.0000, 0.0000, 0.0000)
(0.0000, 0.0000, 1.0000, 0.0000)
(0.0000, 0.0000, 0.0000, 1.0000)
Rp:
(1.0000, 0.0000, 0.0000, 0.0000)
(0.0000, 1.0000, 0.0000, 0.0000)
(0.0000, 0.0000, 1.0000, 0.0000)
(0.0000, 0.0000, 0.0000, 1.0000)
Pre:
(1.0000, 0.0000, 0.0000, 0.0000)
(0.0000, 1.0000, 0.0000, 0.0000)
(0.0000, 0.0000, 1.0000, 0.0000)
(0.0000, 0.0000, 0.0000, 1.0000)
R:
(0.0944, -0.4622, -0.8817, 0.0000)
(-0.1474, -0.8824, 0.4468, 0.0000)
(-0.9846, 0.0878, -0.1514, 0.0000)
(0.0000, 0.0000, 0.0000, 1.0000)
PostInv:
(1.0000, 0.0000, 0.0000, 0.0000)
(0.0000, 1.0000, 0.0000, 0.0000)
(0.0000, 0.0000, 1.0000, 0.0000)
(0.0000, 0.0000, 0.0000, 1.0000)
invRp:
(1.0000, 0.0000, 0.0000, 0.0000)
(0.0000, 1.0000, 0.0000, 0.0000)
(0.0000, 0.0000, 1.0000, 0.0000)
(-0.0000, -0.0000, -0.0000, 1.0000)
Soff:
(1.0000, 0.0000, 0.0000, 0.0000)
(0.0000, 1.0000, 0.0000, 0.0000)
(0.0000, 0.0000, 1.0000, 0.0000)
(0.0000, 0.0000, 0.0000, 1.0000)
Sp:
(1.0000, 0.0000, 0.0000, 0.0000)
(0.0000, 1.0000, 0.0000, 0.0000)
(0.0000, 0.0000, 1.0000, 0.0000)
(0.0000, 0.0000, 0.0000, 1.0000)
S:
(1.0000, 0.0000, 0.0000, 0.0000)
(0.0000, 1.0000, 0.0000, 0.0000)
(0.0000, 0.0000, 1.0000, 0.0000)
(0.0000, 0.0000, 0.0000, 1.0000)
invSp:
(1.0000, 0.0000, 0.0000, 0.0000)
(0.0000, 1.0000, 0.0000, 0.0000)
(0.0000, 0.0000, 1.0000, 0.0000)
(-0.0000, -0.0000, -0.0000, 1.0000)
Final LocalRest:
(0.0944, -0.4622, -0.8817, 0.0000)
(-0.1474, -0.8824, 0.4468, 0.0000)
(-0.9846, 0.0878, -0.1514, 0.0000)
(-2.1995, -2.7497, -12.2716, 1.0000)
Parsed bone: ID=823227772, Index=26, Name=clavicle_r, Type=LimbNode, Translation=<11.883751, -2.7321055, 3.7820008>, Rotation={X:0.7294167 Y:-0.2089181 Z:-0.6396598 W:0.123043776}, Scaling=<1, 1, 1.0000004>
** MODEL ORIGINAL Limbnode ComputeLocal logs below ***
T:
(1.0000, 0.0000, 0.0000, 0.0000)
(0.0000, 1.0000, 0.0000, 0.0000)
(0.0000, 0.0000, 1.0000, 0.0000)
(-15.7848, 0.0000, -0.0001, 1.0000)
Roff:
(1.0000, 0.0000, 0.0000, 0.0000)
(0.0000, 1.0000, 0.0000, 0.0000)
(0.0000, 0.0000, 1.0000, 0.0000)
(0.0000, 0.0000, 0.0000, 1.0000)
Rp:
(1.0000, 0.0000, 0.0000, 0.0000)
(0.0000, 1.0000, 0.0000, 0.0000)
(0.0000, 0.0000, 1.0000, 0.0000)
(0.0000, 0.0000, 0.0000, 1.0000)
Pre:
(1.0000, 0.0000, 0.0000, 0.0000)
(0.0000, 1.0000, 0.0000, 0.0000)
(0.0000, 0.0000, 1.0000, 0.0000)
(0.0000, 0.0000, 0.0000, 1.0000)
R:
(0.9272, -0.3744, -0.0116, 0.0000)
(0.3745, 0.9260, 0.0489, 0.0000)
(-0.0075, -0.0497, 0.9987, 0.0000)
(0.0000, 0.0000, 0.0000, 1.0000)
PostInv:
(1.0000, 0.0000, 0.0000, 0.0000)
(0.0000, 1.0000, 0.0000, 0.0000)
(0.0000, 0.0000, 1.0000, 0.0000)
(0.0000, 0.0000, 0.0000, 1.0000)
invRp:
(1.0000, 0.0000, 0.0000, 0.0000)
(0.0000, 1.0000, 0.0000, 0.0000)
(0.0000, 0.0000, 1.0000, 0.0000)
(-0.0000, -0.0000, -0.0000, 1.0000)
Soff:
(1.0000, 0.0000, 0.0000, 0.0000)
(0.0000, 1.0000, 0.0000, 0.0000)
(0.0000, 0.0000, 1.0000, 0.0000)
(0.0000, 0.0000, 0.0000, 1.0000)
Sp:
(1.0000, 0.0000, 0.0000, 0.0000)
(0.0000, 1.0000, 0.0000, 0.0000)
(0.0000, 0.0000, 1.0000, 0.0000)
(0.0000, 0.0000, 0.0000, 1.0000)
S:
(1.0000, 0.0000, 0.0000, 0.0000)
(0.0000, 1.0000, 0.0000, 0.0000)
(0.0000, 0.0000, 1.0000, 0.0000)
(0.0000, 0.0000, 0.0000, 1.0000)
invSp:
(1.0000, 0.0000, 0.0000, 0.0000)
(0.0000, 1.0000, 0.0000, 0.0000)
(0.0000, 0.0000, 1.0000, 0.0000)
(-0.0000, -0.0000, -0.0000, 1.0000)
Final LocalRest:
(0.9272, -0.3744, -0.0116, 0.0000)
(0.3745, 0.9260, 0.0489, 0.0000)
(-0.0075, -0.0497, 0.9987, 0.0000)
(-14.6359, 5.9091, 0.1836, 1.0000)
Parsed bone: ID=754499061, Index=27, Name=upperarm_r, Type=LimbNode, Translation=<-15.784794, 3.4490677E-06, -5.042553E-05>, Rotation={X:0.025122967 Y:0.001043205 Z:-0.19076812 W:0.98131305}, Scaling=<0.9999998, 1, 1.0000002>
** MODEL ORIGINAL Limbnode ComputeLocal logs below ***
T:
(1.0000, 0.0000, 0.0000, 0.0000)
(0.0000, 1.0000, 0.0000, 0.0000)
(0.0000, 0.0000, 1.0000, 0.0000)
(-30.3400, 0.0000, 0.0000, 1.0000)
Roff:
(1.0000, 0.0000, 0.0000, 0.0000)
(0.0000, 1.0000, 0.0000, 0.0000)
(0.0000, 0.0000, 1.0000, 0.0000)
(0.0000, 0.0000, 0.0000, 1.0000)
Rp:
(1.0000, 0.0000, 0.0000, 0.0000)
(0.0000, 1.0000, 0.0000, 0.0000)
(0.0000, 0.0000, 1.0000, 0.0000)
(0.0000, 0.0000, 0.0000, 1.0000)
Pre:
(1.0000, 0.0000, 0.0000, 0.0000)
(0.0000, 1.0000, 0.0000, 0.0000)
(0.0000, 0.0000, 1.0000, 0.0000)
(0.0000, 0.0000, 0.0000, 1.0000)
R:
(0.9637, -0.1707, 0.2051, 0.0000)
(0.1968, 0.9737, -0.1144, 0.0000)
(-0.1802, 0.1506, 0.9720, 0.0000)
(0.0000, 0.0000, 0.0000, 1.0000)
PostInv:
(1.0000, 0.0000, 0.0000, 0.0000)
(0.0000, 1.0000, 0.0000, 0.0000)
(0.0000, 0.0000, 1.0000, 0.0000)
(0.0000, 0.0000, 0.0000, 1.0000)
invRp:
(1.0000, 0.0000, 0.0000, 0.0000)
(0.0000, 1.0000, 0.0000, 0.0000)
(0.0000, 0.0000, 1.0000, 0.0000)
(-0.0000, -0.0000, -0.0000, 1.0000)
Soff:
(1.0000, 0.0000, 0.0000, 0.0000)
(0.0000, 1.0000, 0.0000, 0.0000)
(0.0000, 0.0000, 1.0000, 0.0000)
(0.0000, 0.0000, 0.0000, 1.0000)
Sp:
(1.0000, 0.0000, 0.0000, 0.0000)
(0.0000, 1.0000, 0.0000, 0.0000)
(0.0000, 0.0000, 1.0000, 0.0000)
(0.0000, 0.0000, 0.0000, 1.0000)
S:
(1.0000, 0.0000, 0.0000, 0.0000)
(0.0000, 1.0000, 0.0000, 0.0000)
(0.0000, 0.0000, 1.0000, 0.0000)
(0.0000, 0.0000, 0.0000, 1.0000)
invSp:
(1.0000, 0.0000, 0.0000, 0.0000)
(0.0000, 1.0000, 0.0000, 0.0000)
(0.0000, 0.0000, 1.0000, 0.0000)
(-0.0000, -0.0000, -0.0000, 1.0000)
Final LocalRest:
(0.9637, -0.1707, 0.2051, 0.0000)
(0.1968, 0.9737, -0.1144, 0.0000)
(-0.1802, 0.1506, 0.9720, 0.0000)
(-29.2395, 5.1796, -6.2241, 1.0000)
Parsed bone: ID=746090825, Index=28, Name=lowerarm_r, Type=LimbNode, Translation=<-30.340038, 1.1920929E-06, 1.3232231E-05>, Rotation={X:-0.06701476 Y:-0.09745265 Z:-0.092947535 W:0.98862165}, Scaling=<1, 1, 1>
** MODEL ORIGINAL Limbnode ComputeLocal logs below ***
T:
(1.0000, 0.0000, 0.0000, 0.0000)
(0.0000, 1.0000, 0.0000, 0.0000)
(0.0000, 0.0000, 1.0000, 0.0000)
(-26.9752, 0.0000, -0.0000, 1.0000)
Roff:
(1.0000, 0.0000, 0.0000, 0.0000)
(0.0000, 1.0000, 0.0000, 0.0000)
(0.0000, 0.0000, 1.0000, 0.0000)
(0.0000, 0.0000, 0.0000, 1.0000)
Rp:
(1.0000, 0.0000, 0.0000, 0.0000)
(0.0000, 1.0000, 0.0000, 0.0000)
(0.0000, 0.0000, 1.0000, 0.0000)
(0.0000, 0.0000, 0.0000, 1.0000)
Pre:
(1.0000, 0.0000, 0.0000, 0.0000)
(0.0000, 1.0000, 0.0000, 0.0000)
(0.0000, 0.0000, 1.0000, 0.0000)
(0.0000, 0.0000, 0.0000, 1.0000)
R:
(0.9990, -0.0072, -0.0436, 0.0000)
(-0.0407, 0.2362, -0.9709, 0.0000)
(0.0173, 0.9717, 0.2357, 0.0000)
(0.0000, 0.0000, 0.0000, 1.0000)
PostInv:
(1.0000, 0.0000, 0.0000, 0.0000)
(0.0000, 1.0000, 0.0000, 0.0000)
(0.0000, 0.0000, 1.0000, 0.0000)
(0.0000, 0.0000, 0.0000, 1.0000)
invRp:
(1.0000, 0.0000, 0.0000, 0.0000)
(0.0000, 1.0000, 0.0000, 0.0000)
(0.0000, 0.0000, 1.0000, 0.0000)
(-0.0000, -0.0000, -0.0000, 1.0000)
Soff:
(1.0000, 0.0000, 0.0000, 0.0000)
(0.0000, 1.0000, 0.0000, 0.0000)
(0.0000, 0.0000, 1.0000, 0.0000)
(0.0000, 0.0000, 0.0000, 1.0000)
Sp:
(1.0000, 0.0000, 0.0000, 0.0000)
(0.0000, 1.0000, 0.0000, 0.0000)
(0.0000, 0.0000, 1.0000, 0.0000)
(0.0000, 0.0000, 0.0000, 1.0000)
S:
(1.0000, 0.0000, 0.0000, 0.0000)
(0.0000, 1.0000, 0.0000, 0.0000)
(0.0000, 0.0000, 1.0000, 0.0000)
(0.0000, 0.0000, 0.0000, 1.0000)
invSp:
(1.0000, 0.0000, 0.0000, 0.0000)
(0.0000, 1.0000, 0.0000, 0.0000)
(0.0000, 0.0000, 1.0000, 0.0000)
(-0.0000, -0.0000, -0.0000, 1.0000)
Final LocalRest:
(0.9990, -0.0072, -0.0436, 0.0000)
(-0.0407, 0.2362, -0.9709, 0.0000)
(0.0173, 0.9717, 0.2357, 0.0000)
(-26.9489, 0.1940, 1.1765, 1.0000)
Parsed bone: ID=825295579, Index=29, Name=hand_r, Type=LimbNode, Translation=<-26.975246, 2.0503998E-05, -3.9577484E-05>, Rotation={X:-0.6178954 Y:0.019371757 Z:0.010653183 W:0.78594947}, Scaling=<0.9999999, 0.9999997, 0.99999976>
** MODEL ORIGINAL Limbnode ComputeLocal logs below ***
T:
(1.0000, 0.0000, 0.0000, 0.0000)
(0.0000, 1.0000, 0.0000, 0.0000)
(0.0000, 0.0000, 1.0000, 0.0000)
(-12.0680, -1.7637, 2.1094, 1.0000)
Roff:
(1.0000, 0.0000, 0.0000, 0.0000)
(0.0000, 1.0000, 0.0000, 0.0000)
(0.0000, 0.0000, 1.0000, 0.0000)
(0.0000, 0.0000, 0.0000, 1.0000)
Rp:
(1.0000, 0.0000, 0.0000, 0.0000)
(0.0000, 1.0000, 0.0000, 0.0000)
(0.0000, 0.0000, 1.0000, 0.0000)
(0.0000, 0.0000, 0.0000, 1.0000)
Pre:
(1.0000, 0.0000, 0.0000, 0.0000)
(0.0000, 1.0000, 0.0000, 0.0000)
(0.0000, 0.0000, 1.0000, 0.0000)
(0.0000, 0.0000, 0.0000, 1.0000)
R:
(0.9004, 0.4302, 0.0656, 0.0000)
(-0.4319, 0.8648, 0.2560, 0.0000)
(0.0534, -0.2589, 0.9644, 0.0000)
(0.0000, 0.0000, 0.0000, 1.0000)
PostInv:
(1.0000, 0.0000, 0.0000, 0.0000)
(0.0000, 1.0000, 0.0000, 0.0000)
(0.0000, 0.0000, 1.0000, 0.0000)
(0.0000, 0.0000, 0.0000, 1.0000)
invRp:
(1.0000, 0.0000, 0.0000, 0.0000)
(0.0000, 1.0000, 0.0000, 0.0000)
(0.0000, 0.0000, 1.0000, 0.0000)
(-0.0000, -0.0000, -0.0000, 1.0000)
Soff:
(1.0000, 0.0000, 0.0000, 0.0000)
(0.0000, 1.0000, 0.0000, 0.0000)
(0.0000, 0.0000, 1.0000, 0.0000)
(0.0000, 0.0000, 0.0000, 1.0000)
Sp:
(1.0000, 0.0000, 0.0000, 0.0000)
(0.0000, 1.0000, 0.0000, 0.0000)
(0.0000, 0.0000, 1.0000, 0.0000)
(0.0000, 0.0000, 0.0000, 1.0000)
S:
(1.0000, 0.0000, 0.0000, 0.0000)
(0.0000, 1.0000, 0.0000, 0.0000)
(0.0000, 0.0000, 1.0000, 0.0000)
(0.0000, 0.0000, 0.0000, 1.0000)
invSp:
(1.0000, 0.0000, 0.0000, 0.0000)
(0.0000, 1.0000, 0.0000, 0.0000)
(0.0000, 0.0000, 1.0000, 0.0000)
(-0.0000, -0.0000, -0.0000, 1.0000)
Final LocalRest:
(0.9004, 0.4302, 0.0656, 0.0000)
(-0.4319, 0.8648, 0.2560, 0.0000)
(0.0534, -0.2589, 0.9644, 0.0000)
(-9.9913, -7.2626, 0.7907, 1.0000)
Parsed bone: ID=623448451, Index=30, Name=index_01_r, Type=LimbNode, Translation=<-12.067953, -1.7637433, 2.109426>, Rotation={X:0.13330479 Y:-0.0031809676 Z:0.22317936 W:0.96561414}, Scaling=<1.0000002, 0.9999999, 1.0000002>
** MODEL ORIGINAL Limbnode ComputeLocal logs below ***
T:
(1.0000, 0.0000, 0.0000, 0.0000)
(0.0000, 1.0000, 0.0000, 0.0000)
(0.0000, 0.0000, 1.0000, 0.0000)
(-4.2877, 0.0000, -0.0001, 1.0000)
Roff:
(1.0000, 0.0000, 0.0000, 0.0000)
(0.0000, 1.0000, 0.0000, 0.0000)
(0.0000, 0.0000, 1.0000, 0.0000)
(0.0000, 0.0000, 0.0000, 1.0000)
Rp:
(1.0000, 0.0000, 0.0000, 0.0000)
(0.0000, 1.0000, 0.0000, 0.0000)
(0.0000, 0.0000, 1.0000, 0.0000)
(0.0000, 0.0000, 0.0000, 1.0000)
Pre:
(1.0000, 0.0000, 0.0000, 0.0000)
(0.0000, 1.0000, 0.0000, 0.0000)
(0.0000, 0.0000, 1.0000, 0.0000)
(0.0000, 0.0000, 0.0000, 1.0000)
R:
(0.9782, 0.2077, 0.0083, 0.0000)
(-0.2078, 0.9779, 0.0233, 0.0000)
(-0.0033, -0.0246, 0.9997, 0.0000)
(0.0000, 0.0000, 0.0000, 1.0000)
PostInv:
(1.0000, 0.0000, 0.0000, 0.0000)
(0.0000, 1.0000, 0.0000, 0.0000)
(0.0000, 0.0000, 1.0000, 0.0000)
(0.0000, 0.0000, 0.0000, 1.0000)
invRp:
(1.0000, 0.0000, 0.0000, 0.0000)
(0.0000, 1.0000, 0.0000, 0.0000)
(0.0000, 0.0000, 1.0000, 0.0000)
(-0.0000, -0.0000, -0.0000, 1.0000)
Soff:
(1.0000, 0.0000, 0.0000, 0.0000)
(0.0000, 1.0000, 0.0000, 0.0000)
(0.0000, 0.0000, 1.0000, 0.0000)
(0.0000, 0.0000, 0.0000, 1.0000)
Sp:
(1.0000, 0.0000, 0.0000, 0.0000)
(0.0000, 1.0000, 0.0000, 0.0000)
(0.0000, 0.0000, 1.0000, 0.0000)
(0.0000, 0.0000, 0.0000, 1.0000)
S:
(1.0000, 0.0000, 0.0000, 0.0000)
(0.0000, 1.0000, 0.0000, 0.0000)
(0.0000, 0.0000, 1.0000, 0.0000)
(0.0000, 0.0000, 0.0000, 1.0000)
invSp:
(1.0000, 0.0000, 0.0000, 0.0000)
(0.0000, 1.0000, 0.0000, 0.0000)
(0.0000, 0.0000, 1.0000, 0.0000)
(-0.0000, -0.0000, -0.0000, 1.0000)
Final LocalRest:
(0.9782, 0.2077, 0.0083, 0.0000)
(-0.2078, 0.9779, 0.0233, 0.0000)
(-0.0033, -0.0246, 0.9997, 0.0000)
(-4.1941, -0.8904, -0.0356, 1.0000)
Parsed bone: ID=870141358, Index=31, Name=index_02_r, Type=LimbNode, Translation=<-4.2876873, 4.4584274E-05, -5.4836273E-05>, Rotation={X:0.012043595 Y:-0.0029049483 Z:0.10444868 W:0.99445313}, Scaling=<0.99999994, 0.99999994, 0.9999998>
** MODEL ORIGINAL Limbnode ComputeLocal logs below ***
T:
(1.0000, 0.0000, 0.0000, 0.0000)
(0.0000, 1.0000, 0.0000, 0.0000)
(0.0000, 0.0000, 1.0000, 0.0000)
(-3.3938, 0.0001, -0.0000, 1.0000)
Roff:
(1.0000, 0.0000, 0.0000, 0.0000)
(0.0000, 1.0000, 0.0000, 0.0000)
(0.0000, 0.0000, 1.0000, 0.0000)
(0.0000, 0.0000, 0.0000, 1.0000)
Rp:
(1.0000, 0.0000, 0.0000, 0.0000)
(0.0000, 1.0000, 0.0000, 0.0000)
(0.0000, 0.0000, 1.0000, 0.0000)
(0.0000, 0.0000, 0.0000, 1.0000)
Pre:
(1.0000, 0.0000, 0.0000, 0.0000)
(0.0000, 1.0000, 0.0000, 0.0000)
(0.0000, 0.0000, 1.0000, 0.0000)
(0.0000, 0.0000, 0.0000, 1.0000)
R:
(0.9861, -0.1650, -0.0174, 0.0000)
(0.1653, 0.9860, 0.0198, 0.0000)
(0.0139, -0.0224, 0.9997, 0.0000)
(0.0000, 0.0000, 0.0000, 1.0000)
PostInv:
(1.0000, 0.0000, 0.0000, 0.0000)
(0.0000, 1.0000, 0.0000, 0.0000)
(0.0000, 0.0000, 1.0000, 0.0000)
(0.0000, 0.0000, 0.0000, 1.0000)
invRp:
(1.0000, 0.0000, 0.0000, 0.0000)
(0.0000, 1.0000, 0.0000, 0.0000)
(0.0000, 0.0000, 1.0000, 0.0000)
(-0.0000, -0.0000, -0.0000, 1.0000)
Soff:
(1.0000, 0.0000, 0.0000, 0.0000)
(0.0000, 1.0000, 0.0000, 0.0000)
(0.0000, 0.0000, 1.0000, 0.0000)
(0.0000, 0.0000, 0.0000, 1.0000)
Sp:
(1.0000, 0.0000, 0.0000, 0.0000)
(0.0000, 1.0000, 0.0000, 0.0000)
(0.0000, 0.0000, 1.0000, 0.0000)
(0.0000, 0.0000, 0.0000, 1.0000)
S:
(1.0000, 0.0000, 0.0000, 0.0000)
(0.0000, 1.0000, 0.0000, 0.0000)
(0.0000, 0.0000, 1.0000, 0.0000)
(0.0000, 0.0000, 0.0000, 1.0000)
invSp:
(1.0000, 0.0000, 0.0000, 0.0000)
(0.0000, 1.0000, 0.0000, 0.0000)
(0.0000, 0.0000, 1.0000, 0.0000)
(-0.0000, -0.0000, -0.0000, 1.0000)
Final LocalRest:
(0.9861, -0.1650, -0.0174, 0.0000)
(0.1653, 0.9860, 0.0198, 0.0000)
(0.0139, -0.0224, 0.9997, 0.0000)
(-3.3468, 0.5600, 0.0591, 1.0000)
Parsed bone: ID=30018114, Index=32, Name=index_03_r, Type=LimbNode, Translation=<-3.3938074, 0.00012874603, -1.1920929E-05>, Rotation={X:0.01061113 Y:0.007850516 Z:-0.08285521 W:0.9964742}, Scaling=<0.9999999, 0.9999999, 0.9999999>
** MODEL ORIGINAL Limbnode ComputeLocal logs below ***
T:
(1.0000, 0.0000, 0.0000, 0.0000)
(0.0000, 1.0000, 0.0000, 0.0000)
(0.0000, 0.0000, 1.0000, 0.0000)
(-12.2441, -1.2938, -0.5711, 1.0000)
Roff:
(1.0000, 0.0000, 0.0000, 0.0000)
(0.0000, 1.0000, 0.0000, 0.0000)
(0.0000, 0.0000, 1.0000, 0.0000)
(0.0000, 0.0000, 0.0000, 1.0000)
Rp:
(1.0000, 0.0000, 0.0000, 0.0000)
(0.0000, 1.0000, 0.0000, 0.0000)
(0.0000, 0.0000, 1.0000, 0.0000)
(0.0000, 0.0000, 0.0000, 1.0000)
Pre:
(1.0000, 0.0000, 0.0000, 0.0000)
(0.0000, 1.0000, 0.0000, 0.0000)
(0.0000, 0.0000, 1.0000, 0.0000)
(0.0000, 0.0000, 0.0000, 1.0000)
R:
(0.9147, 0.3850, 0.1226, 0.0000)
(-0.3915, 0.9196, 0.0332, 0.0000)
(-0.0999, -0.0784, 0.9919, 0.0000)
(0.0000, 0.0000, 0.0000, 1.0000)
PostInv:
(1.0000, 0.0000, 0.0000, 0.0000)
(0.0000, 1.0000, 0.0000, 0.0000)
(0.0000, 0.0000, 1.0000, 0.0000)
(0.0000, 0.0000, 0.0000, 1.0000)
invRp:
(1.0000, 0.0000, 0.0000, 0.0000)
(0.0000, 1.0000, 0.0000, 0.0000)
(0.0000, 0.0000, 1.0000, 0.0000)
(-0.0000, -0.0000, -0.0000, 1.0000)
Soff:
(1.0000, 0.0000, 0.0000, 0.0000)
(0.0000, 1.0000, 0.0000, 0.0000)
(0.0000, 0.0000, 1.0000, 0.0000)
(0.0000, 0.0000, 0.0000, 1.0000)
Sp:
(1.0000, 0.0000, 0.0000, 0.0000)
(0.0000, 1.0000, 0.0000, 0.0000)
(0.0000, 0.0000, 1.0000, 0.0000)
(0.0000, 0.0000, 0.0000, 1.0000)
S:
(1.0000, 0.0000, 0.0000, 0.0000)
(0.0000, 1.0000, 0.0000, 0.0000)
(0.0000, 0.0000, 1.0000, 0.0000)
(0.0000, 0.0000, 0.0000, 1.0000)
invSp:
(1.0000, 0.0000, 0.0000, 0.0000)
(0.0000, 1.0000, 0.0000, 0.0000)
(0.0000, 0.0000, 1.0000, 0.0000)
(-0.0000, -0.0000, -0.0000, 1.0000)
Final LocalRest:
(0.9147, 0.3850, 0.1226, 0.0000)
(-0.3915, 0.9196, 0.0332, 0.0000)
(-0.0999, -0.0784, 0.9919, 0.0000)
(-10.6366, -5.8590, -2.1103, 1.0000)
Parsed bone: ID=358530537, Index=33, Name=middle_01_r, Type=LimbNode, Translation=<-12.244132, -1.2937512, -0.57113457>, Rotation={X:0.0285223 Y:-0.056874033 Z:0.19848473 W:0.97803664}, Scaling=<1.0000002, 0.9999999, 1.0000004>
** MODEL ORIGINAL Limbnode ComputeLocal logs below ***
T:
(1.0000, 0.0000, 0.0000, 0.0000)
(0.0000, 1.0000, 0.0000, 0.0000)
(0.0000, 0.0000, 1.0000, 0.0000)
(-4.6406, -0.0002, 0.0000, 1.0000)
Roff:
(1.0000, 0.0000, 0.0000, 0.0000)
(0.0000, 1.0000, 0.0000, 0.0000)
(0.0000, 0.0000, 1.0000, 0.0000)
(0.0000, 0.0000, 0.0000, 1.0000)
Rp:
(1.0000, 0.0000, 0.0000, 0.0000)
(0.0000, 1.0000, 0.0000, 0.0000)
(0.0000, 0.0000, 1.0000, 0.0000)
(0.0000, 0.0000, 0.0000, 1.0000)
Pre:
(1.0000, 0.0000, 0.0000, 0.0000)
(0.0000, 1.0000, 0.0000, 0.0000)
(0.0000, 0.0000, 1.0000, 0.0000)
(0.0000, 0.0000, 0.0000, 1.0000)
R:
(0.9769, 0.2127, -0.0198, 0.0000)
(-0.2133, 0.9764, -0.0353, 0.0000)
(0.0119, 0.0387, 0.9992, 0.0000)
(0.0000, 0.0000, 0.0000, 1.0000)
PostInv:
(1.0000, 0.0000, 0.0000, 0.0000)
(0.0000, 1.0000, 0.0000, 0.0000)
(0.0000, 0.0000, 1.0000, 0.0000)
(0.0000, 0.0000, 0.0000, 1.0000)
invRp:
(1.0000, 0.0000, 0.0000, 0.0000)
(0.0000, 1.0000, 0.0000, 0.0000)
(0.0000, 0.0000, 1.0000, 0.0000)
(-0.0000, -0.0000, -0.0000, 1.0000)
Soff:
(1.0000, 0.0000, 0.0000, 0.0000)
(0.0000, 1.0000, 0.0000, 0.0000)
(0.0000, 0.0000, 1.0000, 0.0000)
(0.0000, 0.0000, 0.0000, 1.0000)
Sp:
(1.0000, 0.0000, 0.0000, 0.0000)
(0.0000, 1.0000, 0.0000, 0.0000)
(0.0000, 0.0000, 1.0000, 0.0000)
(0.0000, 0.0000, 0.0000, 1.0000)
S:
(1.0000, 0.0000, 0.0000, 0.0000)
(0.0000, 1.0000, 0.0000, 0.0000)
(0.0000, 0.0000, 1.0000, 0.0000)
(0.0000, 0.0000, 0.0000, 1.0000)
invSp:
(1.0000, 0.0000, 0.0000, 0.0000)
(0.0000, 1.0000, 0.0000, 0.0000)
(0.0000, 0.0000, 1.0000, 0.0000)
(-0.0000, -0.0000, -0.0000, 1.0000)
Final LocalRest:
(0.9769, 0.2127, -0.0198, 0.0000)
(-0.2133, 0.9764, -0.0353, 0.0000)
(0.0119, 0.0387, 0.9992, 0.0000)
(-4.5334, -0.9870, 0.0921, 1.0000)
Parsed bone: ID=698871487, Index=34, Name=middle_02_r, Type=LimbNode, Translation=<-4.6405535, -0.00016987324, 8.285046E-06>, Rotation={X:-0.018629238 Y:0.007972913 Z:0.10711713 W:0.9940399}, Scaling=<1, 0.9999998, 0.99999994>
** MODEL ORIGINAL Limbnode ComputeLocal logs below ***
T:
(1.0000, 0.0000, 0.0000, 0.0000)
(0.0000, 1.0000, 0.0000, 0.0000)
(0.0000, 0.0000, 1.0000, 0.0000)
(-3.6489, 0.0000, -0.0000, 1.0000)
Roff:
(1.0000, 0.0000, 0.0000, 0.0000)
(0.0000, 1.0000, 0.0000, 0.0000)
(0.0000, 0.0000, 1.0000, 0.0000)
(0.0000, 0.0000, 0.0000, 1.0000)
Rp:
(1.0000, 0.0000, 0.0000, 0.0000)
(0.0000, 1.0000, 0.0000, 0.0000)
(0.0000, 0.0000, 1.0000, 0.0000)
(0.0000, 0.0000, 0.0000, 1.0000)
Pre:
(1.0000, 0.0000, 0.0000, 0.0000)
(0.0000, 1.0000, 0.0000, 0.0000)
(0.0000, 0.0000, 1.0000, 0.0000)
(0.0000, 0.0000, 0.0000, 1.0000)
R:
(0.9613, -0.2648, 0.0765, 0.0000)
(0.2645, 0.9643, 0.0136, 0.0000)
(-0.0774, 0.0072, 0.9970, 0.0000)
(0.0000, 0.0000, 0.0000, 1.0000)
PostInv:
(1.0000, 0.0000, 0.0000, 0.0000)
(0.0000, 1.0000, 0.0000, 0.0000)
(0.0000, 0.0000, 1.0000, 0.0000)
(0.0000, 0.0000, 0.0000, 1.0000)
invRp:
(1.0000, 0.0000, 0.0000, 0.0000)
(0.0000, 1.0000, 0.0000, 0.0000)
(0.0000, 0.0000, 1.0000, 0.0000)
(-0.0000, -0.0000, -0.0000, 1.0000)
Soff:
(1.0000, 0.0000, 0.0000, 0.0000)
(0.0000, 1.0000, 0.0000, 0.0000)
(0.0000, 0.0000, 1.0000, 0.0000)
(0.0000, 0.0000, 0.0000, 1.0000)
Sp:
(1.0000, 0.0000, 0.0000, 0.0000)
(0.0000, 1.0000, 0.0000, 0.0000)
(0.0000, 0.0000, 1.0000, 0.0000)
(0.0000, 0.0000, 0.0000, 1.0000)
S:
(1.0000, 0.0000, 0.0000, 0.0000)
(0.0000, 1.0000, 0.0000, 0.0000)
(0.0000, 0.0000, 1.0000, 0.0000)
(0.0000, 0.0000, 0.0000, 1.0000)
invSp:
(1.0000, 0.0000, 0.0000, 0.0000)
(0.0000, 1.0000, 0.0000, 0.0000)
(0.0000, 0.0000, 1.0000, 0.0000)
(-0.0000, -0.0000, -0.0000, 1.0000)
Final LocalRest:
(0.9613, -0.2648, 0.0765, 0.0000)
(0.2645, 0.9643, 0.0136, 0.0000)
(-0.0774, 0.0072, 0.9970, 0.0000)
(-3.5076, 0.9662, -0.2793, 1.0000)
Parsed bone: ID=391148721, Index=35, Name=middle_03_r, Type=LimbNode, Translation=<-3.6489148, 4.36306E-05, -8.612871E-06>, Rotation={X:0.0016217204 Y:-0.03886766 Z:-0.13362405 W:0.9902683}, Scaling=<1.0000002, 1.0000005, 1.0000001>
** MODEL ORIGINAL Limbnode ComputeLocal logs below ***
T:
(1.0000, 0.0000, 0.0000, 0.0000)
(0.0000, 1.0000, 0.0000, 0.0000)
(0.0000, 0.0000, 1.0000, 0.0000)
(-10.1406, -2.2634, -4.6431, 1.0000)
Roff:
(1.0000, 0.0000, 0.0000, 0.0000)
(0.0000, 1.0000, 0.0000, 0.0000)
(0.0000, 0.0000, 1.0000, 0.0000)
(0.0000, 0.0000, 0.0000, 1.0000)
Rp:
(1.0000, 0.0000, 0.0000, 0.0000)
(0.0000, 1.0000, 0.0000, 0.0000)
(0.0000, 0.0000, 1.0000, 0.0000)
(0.0000, 0.0000, 0.0000, 1.0000)
Pre:
(1.0000, 0.0000, 0.0000, 0.0000)
(0.0000, 1.0000, 0.0000, 0.0000)
(0.0000, 0.0000, 1.0000, 0.0000)
(0.0000, 0.0000, 0.0000, 1.0000)
R:
(0.8878, 0.3264, 0.3245, 0.0000)
(-0.2290, 0.9248, -0.3036, 0.0000)
(-0.3992, 0.1953, 0.8958, 0.0000)
(0.0000, 0.0000, 0.0000, 1.0000)
PostInv:
(1.0000, 0.0000, 0.0000, 0.0000)
(0.0000, 1.0000, 0.0000, 0.0000)
(0.0000, 0.0000, 1.0000, 0.0000)
(0.0000, 0.0000, 0.0000, 1.0000)
invRp:
(1.0000, 0.0000, 0.0000, 0.0000)
(0.0000, 1.0000, 0.0000, 0.0000)
(0.0000, 0.0000, 1.0000, 0.0000)
(-0.0000, -0.0000, -0.0000, 1.0000)
Soff:
(1.0000, 0.0000, 0.0000, 0.0000)
(0.0000, 1.0000, 0.0000, 0.0000)
(0.0000, 0.0000, 1.0000, 0.0000)
(0.0000, 0.0000, 0.0000, 1.0000)
Sp:
(1.0000, 0.0000, 0.0000, 0.0000)
(0.0000, 1.0000, 0.0000, 0.0000)
(0.0000, 0.0000, 1.0000, 0.0000)
(0.0000, 0.0000, 0.0000, 1.0000)
S:
(1.0000, 0.0000, 0.0000, 0.0000)
(0.0000, 1.0000, 0.0000, 0.0000)
(0.0000, 0.0000, 1.0000, 0.0000)
(0.0000, 0.0000, 0.0000, 1.0000)
invSp:
(1.0000, 0.0000, 0.0000, 0.0000)
(0.0000, 1.0000, 0.0000, 0.0000)
(0.0000, 0.0000, 1.0000, 0.0000)
(-0.0000, -0.0000, -0.0000, 1.0000)
Final LocalRest:
(0.8878, 0.3264, 0.3245, 0.0000)
(-0.2290, 0.9248, -0.3036, 0.0000)
(-0.3992, 0.1953, 0.8958, 0.0000)
(-6.6309, -6.3098, -6.7626, 1.0000)
Parsed bone: ID=743613973, Index=36, Name=pinky_01_r, Type=LimbNode, Translation=<-10.140623, -2.2633767, -4.6431036>, Rotation={X:-0.12953764 Y:-0.18789668 Z:0.14421311 W:0.96286935}, Scaling=<1, 0.99999976, 1>
** MODEL ORIGINAL Limbnode ComputeLocal logs below ***
T:
(1.0000, 0.0000, 0.0000, 0.0000)
(0.0000, 1.0000, 0.0000, 0.0000)
(0.0000, 0.0000, 1.0000, 0.0000)
(-3.5710, -0.0001, -0.0000, 1.0000)
Roff:
(1.0000, 0.0000, 0.0000, 0.0000)
(0.0000, 1.0000, 0.0000, 0.0000)
(0.0000, 0.0000, 1.0000, 0.0000)
(0.0000, 0.0000, 0.0000, 1.0000)
Rp:
(1.0000, 0.0000, 0.0000, 0.0000)
(0.0000, 1.0000, 0.0000, 0.0000)
(0.0000, 0.0000, 1.0000, 0.0000)
(0.0000, 0.0000, 0.0000, 1.0000)
Pre:
(1.0000, 0.0000, 0.0000, 0.0000)
(0.0000, 1.0000, 0.0000, 0.0000)
(0.0000, 0.0000, 1.0000, 0.0000)
(0.0000, 0.0000, 0.0000, 1.0000)
R:
(0.9807, 0.1943, 0.0230, 0.0000)
(-0.1948, 0.9807, 0.0186, 0.0000)
(-0.0189, -0.0227, 0.9996, 0.0000)
(0.0000, 0.0000, 0.0000, 1.0000)
PostInv:
(1.0000, 0.0000, 0.0000, 0.0000)
(0.0000, 1.0000, 0.0000, 0.0000)
(0.0000, 0.0000, 1.0000, 0.0000)
(0.0000, 0.0000, 0.0000, 1.0000)
invRp:
(1.0000, 0.0000, 0.0000, 0.0000)
(0.0000, 1.0000, 0.0000, 0.0000)
(0.0000, 0.0000, 1.0000, 0.0000)
(-0.0000, -0.0000, -0.0000, 1.0000)
Soff:
(1.0000, 0.0000, 0.0000, 0.0000)
(0.0000, 1.0000, 0.0000, 0.0000)
(0.0000, 0.0000, 1.0000, 0.0000)
(0.0000, 0.0000, 0.0000, 1.0000)
Sp:
(1.0000, 0.0000, 0.0000, 0.0000)
(0.0000, 1.0000, 0.0000, 0.0000)
(0.0000, 0.0000, 1.0000, 0.0000)
(0.0000, 0.0000, 0.0000, 1.0000)
S:
(1.0000, 0.0000, 0.0000, 0.0000)
(0.0000, 1.0000, 0.0000, 0.0000)
(0.0000, 0.0000, 1.0000, 0.0000)
(0.0000, 0.0000, 0.0000, 1.0000)
invSp:
(1.0000, 0.0000, 0.0000, 0.0000)
(0.0000, 1.0000, 0.0000, 0.0000)
(0.0000, 0.0000, 1.0000, 0.0000)
(-0.0000, -0.0000, -0.0000, 1.0000)
Final LocalRest:
(0.9807, 0.1943, 0.0230, 0.0000)
(-0.1948, 0.9807, 0.0186, 0.0000)
(-0.0189, -0.0227, 0.9996, 0.0000)
(-3.5020, -0.6940, -0.0820, 1.0000)
Parsed bone: ID=723769640, Index=37, Name=pinky_02_r, Type=LimbNode, Translation=<-3.571046, -9.346008E-05, -5.722046E-06>, Rotation={X:0.010359718 Y:-0.01051926 Z:0.09774849 W:0.99510163}, Scaling=<0.99999994, 1.0000001, 0.99999994>
** MODEL ORIGINAL Limbnode ComputeLocal logs below ***
T:
(1.0000, 0.0000, 0.0000, 0.0000)
(0.0000, 1.0000, 0.0000, 0.0000)
(0.0000, 0.0000, 1.0000, 0.0000)
(-2.9854, 0.0003, -0.0000, 1.0000)
Roff:
(1.0000, 0.0000, 0.0000, 0.0000)
(0.0000, 1.0000, 0.0000, 0.0000)
(0.0000, 0.0000, 1.0000, 0.0000)
(0.0000, 0.0000, 0.0000, 1.0000)
Rp:
(1.0000, 0.0000, 0.0000, 0.0000)
(0.0000, 1.0000, 0.0000, 0.0000)
(0.0000, 0.0000, 1.0000, 0.0000)
(0.0000, 0.0000, 0.0000, 1.0000)
Pre:
(1.0000, 0.0000, 0.0000, 0.0000)
(0.0000, 1.0000, 0.0000, 0.0000)
(0.0000, 0.0000, 1.0000, 0.0000)
(0.0000, 0.0000, 0.0000, 1.0000)
R:
(0.9976, 0.0181, -0.0675, 0.0000)
(-0.0176, 0.9998, 0.0078, 0.0000)
(0.0676, -0.0066, 0.9977, 0.0000)
(0.0000, 0.0000, 0.0000, 1.0000)
PostInv:
(1.0000, 0.0000, 0.0000, 0.0000)
(0.0000, 1.0000, 0.0000, 0.0000)
(0.0000, 0.0000, 1.0000, 0.0000)
(0.0000, 0.0000, 0.0000, 1.0000)
invRp:
(1.0000, 0.0000, 0.0000, 0.0000)
(0.0000, 1.0000, 0.0000, 0.0000)
(0.0000, 0.0000, 1.0000, 0.0000)
(-0.0000, -0.0000, -0.0000, 1.0000)
Soff:
(1.0000, 0.0000, 0.0000, 0.0000)
(0.0000, 1.0000, 0.0000, 0.0000)
(0.0000, 0.0000, 1.0000, 0.0000)
(0.0000, 0.0000, 0.0000, 1.0000)
Sp:
(1.0000, 0.0000, 0.0000, 0.0000)
(0.0000, 1.0000, 0.0000, 0.0000)
(0.0000, 0.0000, 1.0000, 0.0000)
(0.0000, 0.0000, 0.0000, 1.0000)
S:
(1.0000, 0.0000, 0.0000, 0.0000)
(0.0000, 1.0000, 0.0000, 0.0000)
(0.0000, 0.0000, 1.0000, 0.0000)
(0.0000, 0.0000, 0.0000, 1.0000)
invSp:
(1.0000, 0.0000, 0.0000, 0.0000)
(0.0000, 1.0000, 0.0000, 0.0000)
(0.0000, 0.0000, 1.0000, 0.0000)
(-0.0000, -0.0000, -0.0000, 1.0000)
Final LocalRest:
(0.9976, 0.0181, -0.0675, 0.0000)
(-0.0176, 0.9998, 0.0078, 0.0000)
(0.0676, -0.0066, 0.9977, 0.0000)
(-2.9781, -0.0537, 0.2014, 1.0000)
Parsed bone: ID=268509350, Index=38, Name=pinky_03_r, Type=LimbNode, Translation=<-2.9854217, 0.00034213066, -3.9100647E-05>, Rotation={X:0.003580987 Y:0.0337963 Z:0.008930141 W:0.99938244}, Scaling=<1, 1.0000004, 1.0000005>
** MODEL ORIGINAL Limbnode ComputeLocal logs below ***
T:
(1.0000, 0.0000, 0.0000, 0.0000)
(0.0000, 1.0000, 0.0000, 0.0000)
(0.0000, 0.0000, 1.0000, 0.0000)
(-11.4980, -1.7538, -2.8469, 1.0000)
Roff:
(1.0000, 0.0000, 0.0000, 0.0000)
(0.0000, 1.0000, 0.0000, 0.0000)
(0.0000, 0.0000, 1.0000, 0.0000)
(0.0000, 0.0000, 0.0000, 1.0000)
Rp:
(1.0000, 0.0000, 0.0000, 0.0000)
(0.0000, 1.0000, 0.0000, 0.0000)
(0.0000, 0.0000, 1.0000, 0.0000)
(0.0000, 0.0000, 0.0000, 1.0000)
Pre:
(1.0000, 0.0000, 0.0000, 0.0000)
(0.0000, 1.0000, 0.0000, 0.0000)
(0.0000, 0.0000, 1.0000, 0.0000)
(0.0000, 0.0000, 0.0000, 1.0000)
R:
(0.9017, 0.3882, 0.1906, 0.0000)
(-0.3436, 0.9107, -0.2293, 0.0000)
(-0.2626, 0.1413, 0.9545, 0.0000)
(0.0000, 0.0000, 0.0000, 1.0000)
PostInv:
(1.0000, 0.0000, 0.0000, 0.0000)
(0.0000, 1.0000, 0.0000, 0.0000)
(0.0000, 0.0000, 1.0000, 0.0000)
(0.0000, 0.0000, 0.0000, 1.0000)
invRp:
(1.0000, 0.0000, 0.0000, 0.0000)
(0.0000, 1.0000, 0.0000, 0.0000)
(0.0000, 0.0000, 1.0000, 0.0000)
(-0.0000, -0.0000, -0.0000, 1.0000)
Soff:
(1.0000, 0.0000, 0.0000, 0.0000)
(0.0000, 1.0000, 0.0000, 0.0000)
(0.0000, 0.0000, 1.0000, 0.0000)
(0.0000, 0.0000, 0.0000, 1.0000)
Sp:
(1.0000, 0.0000, 0.0000, 0.0000)
(0.0000, 1.0000, 0.0000, 0.0000)
(0.0000, 0.0000, 1.0000, 0.0000)
(0.0000, 0.0000, 0.0000, 1.0000)
S:
(1.0000, 0.0000, 0.0000, 0.0000)
(0.0000, 1.0000, 0.0000, 0.0000)
(0.0000, 0.0000, 1.0000, 0.0000)
(0.0000, 0.0000, 0.0000, 1.0000)
invSp:
(1.0000, 0.0000, 0.0000, 0.0000)
(0.0000, 1.0000, 0.0000, 0.0000)
(0.0000, 0.0000, 1.0000, 0.0000)
(-0.0000, -0.0000, -0.0000, 1.0000)
Final LocalRest:
(0.9017, 0.3882, 0.1906, 0.0000)
(-0.3436, 0.9107, -0.2293, 0.0000)
(-0.2626, 0.1413, 0.9545, 0.0000)
(-9.0170, -6.4626, -4.5070, 1.0000)
Parsed bone: ID=29473684, Index=39, Name=ring_01_r, Type=LimbNode, Translation=<-11.49799, -1.753794, -2.8469172>, Rotation={X:-0.09548049 Y:-0.11676537 Z:0.18851188 W:0.9704188}, Scaling=<1.0000001, 1, 0.99999994>
** MODEL ORIGINAL Limbnode ComputeLocal logs below ***
T:
(1.0000, 0.0000, 0.0000, 0.0000)
(0.0000, 1.0000, 0.0000, 0.0000)
(0.0000, 0.0000, 1.0000, 0.0000)
(-4.4299, 0.0001, -0.0000, 1.0000)
Roff:
(1.0000, 0.0000, 0.0000, 0.0000)
(0.0000, 1.0000, 0.0000, 0.0000)
(0.0000, 0.0000, 1.0000, 0.0000)
(0.0000, 0.0000, 0.0000, 1.0000)
Rp:
(1.0000, 0.0000, 0.0000, 0.0000)
(0.0000, 1.0000, 0.0000, 0.0000)
(0.0000, 0.0000, 1.0000, 0.0000)
(0.0000, 0.0000, 0.0000, 1.0000)
Pre:
(1.0000, 0.0000, 0.0000, 0.0000)
(0.0000, 1.0000, 0.0000, 0.0000)
(0.0000, 0.0000, 1.0000, 0.0000)
(0.0000, 0.0000, 0.0000, 1.0000)
R:
(0.9727, 0.2302, 0.0291, 0.0000)
(-0.2305, 0.9731, 0.0053, 0.0000)
(-0.0271, -0.0118, 0.9996, 0.0000)
(0.0000, 0.0000, 0.0000, 1.0000)
PostInv:
(1.0000, 0.0000, 0.0000, 0.0000)
(0.0000, 1.0000, 0.0000, 0.0000)
(0.0000, 0.0000, 1.0000, 0.0000)
(0.0000, 0.0000, 0.0000, 1.0000)
invRp:
(1.0000, 0.0000, 0.0000, 0.0000)
(0.0000, 1.0000, 0.0000, 0.0000)
(0.0000, 0.0000, 1.0000, 0.0000)
(-0.0000, -0.0000, -0.0000, 1.0000)
Soff:
(1.0000, 0.0000, 0.0000, 0.0000)
(0.0000, 1.0000, 0.0000, 0.0000)
(0.0000, 0.0000, 1.0000, 0.0000)
(0.0000, 0.0000, 0.0000, 1.0000)
Sp:
(1.0000, 0.0000, 0.0000, 0.0000)
(0.0000, 1.0000, 0.0000, 0.0000)
(0.0000, 0.0000, 1.0000, 0.0000)
(0.0000, 0.0000, 0.0000, 1.0000)
S:
(1.0000, 0.0000, 0.0000, 0.0000)
(0.0000, 1.0000, 0.0000, 0.0000)
(0.0000, 0.0000, 1.0000, 0.0000)
(0.0000, 0.0000, 0.0000, 1.0000)
invSp:
(1.0000, 0.0000, 0.0000, 0.0000)
(0.0000, 1.0000, 0.0000, 0.0000)
(0.0000, 0.0000, 1.0000, 0.0000)
(-0.0000, -0.0000, -0.0000, 1.0000)
Final LocalRest:
(0.9727, 0.2302, 0.0291, 0.0000)
(-0.2305, 0.9731, 0.0053, 0.0000)
(-0.0271, -0.0118, 0.9996, 0.0000)
(-4.3090, -1.0197, -0.1291, 1.0000)
Parsed bone: ID=723419071, Index=40, Name=ring_02_r, Type=LimbNode, Translation=<-4.4298577, 0.000115156174, -2.002716E-05>, Rotation={X:0.004301106 Y:-0.014167779 Z:0.11596286 W:0.9931432}, Scaling=<0.99999994, 0.9999998, 0.99999994>
** MODEL ORIGINAL Limbnode ComputeLocal logs below ***
T:
(1.0000, 0.0000, 0.0000, 0.0000)
(0.0000, 1.0000, 0.0000, 0.0000)
(0.0000, 0.0000, 1.0000, 0.0000)
(-3.4767, 0.0001, -0.0000, 1.0000)
Roff:
(1.0000, 0.0000, 0.0000, 0.0000)
(0.0000, 1.0000, 0.0000, 0.0000)
(0.0000, 0.0000, 1.0000, 0.0000)
(0.0000, 0.0000, 0.0000, 1.0000)
Rp:
(1.0000, 0.0000, 0.0000, 0.0000)
(0.0000, 1.0000, 0.0000, 0.0000)
(0.0000, 0.0000, 1.0000, 0.0000)
(0.0000, 0.0000, 0.0000, 1.0000)
Pre:
(1.0000, 0.0000, 0.0000, 0.0000)
(0.0000, 1.0000, 0.0000, 0.0000)
(0.0000, 0.0000, 1.0000, 0.0000)
(0.0000, 0.0000, 0.0000, 1.0000)
R:
(0.9734, -0.2229, -0.0521, 0.0000)
(0.2229, 0.9748, -0.0063, 0.0000)
(0.0522, -0.0055, 0.9986, 0.0000)
(0.0000, 0.0000, 0.0000, 1.0000)
PostInv:
(1.0000, 0.0000, 0.0000, 0.0000)
(0.0000, 1.0000, 0.0000, 0.0000)
(0.0000, 0.0000, 1.0000, 0.0000)
(0.0000, 0.0000, 0.0000, 1.0000)
invRp:
(1.0000, 0.0000, 0.0000, 0.0000)
(0.0000, 1.0000, 0.0000, 0.0000)
(0.0000, 0.0000, 1.0000, 0.0000)
(-0.0000, -0.0000, -0.0000, 1.0000)
Soff:
(1.0000, 0.0000, 0.0000, 0.0000)
(0.0000, 1.0000, 0.0000, 0.0000)
(0.0000, 0.0000, 1.0000, 0.0000)
(0.0000, 0.0000, 0.0000, 1.0000)
Sp:
(1.0000, 0.0000, 0.0000, 0.0000)
(0.0000, 1.0000, 0.0000, 0.0000)
(0.0000, 0.0000, 1.0000, 0.0000)
(0.0000, 0.0000, 0.0000, 1.0000)
S:
(1.0000, 0.0000, 0.0000, 0.0000)
(0.0000, 1.0000, 0.0000, 0.0000)
(0.0000, 0.0000, 1.0000, 0.0000)
(0.0000, 0.0000, 0.0000, 1.0000)
invSp:
(1.0000, 0.0000, 0.0000, 0.0000)
(0.0000, 1.0000, 0.0000, 0.0000)
(0.0000, 0.0000, 1.0000, 0.0000)
(-0.0000, -0.0000, -0.0000, 1.0000)
Final LocalRest:
(0.9734, -0.2229, -0.0521, 0.0000)
(0.2229, 0.9748, -0.0063, 0.0000)
(0.0522, -0.0055, 0.9986, 0.0000)
(-3.3843, 0.7752, 0.1812, 1.0000)
Parsed bone: ID=150225307, Index=41, Name=ring_03_r, Type=LimbNode, Translation=<-3.4766507, 8.177757E-05, -1.4305115E-06>, Rotation={X:-0.00019884067 Y:0.02625748 Z:-0.11221312 W:0.99333715}, Scaling=<1, 1.0000004, 1.0000002>
** MODEL ORIGINAL Limbnode ComputeLocal logs below ***
T:
(1.0000, 0.0000, 0.0000, 0.0000)
(0.0000, 1.0000, 0.0000, 0.0000)
(0.0000, 0.0000, 1.0000, 0.0000)
(-4.7621, -2.3752, 2.5378, 1.0000)
Roff:
(1.0000, 0.0000, 0.0000, 0.0000)
(0.0000, 1.0000, 0.0000, 0.0000)
(0.0000, 0.0000, 1.0000, 0.0000)
(0.0000, 0.0000, 0.0000, 1.0000)
Rp:
(1.0000, 0.0000, 0.0000, 0.0000)
(0.0000, 1.0000, 0.0000, 0.0000)
(0.0000, 0.0000, 1.0000, 0.0000)
(0.0000, 0.0000, 0.0000, 1.0000)
Pre:
(1.0000, 0.0000, 0.0000, 0.0000)
(0.0000, 1.0000, 0.0000, 0.0000)
(0.0000, 0.0000, 1.0000, 0.0000)
(0.0000, 0.0000, 0.0000, 1.0000)
R:
(0.7120, 0.3637, -0.6007, 0.0000)
(0.5730, 0.1935, 0.7964, 0.0000)
(0.4058, -0.9112, -0.0706, 0.0000)
(0.0000, 0.0000, 0.0000, 1.0000)
PostInv:
(1.0000, 0.0000, 0.0000, 0.0000)
(0.0000, 1.0000, 0.0000, 0.0000)
(0.0000, 0.0000, 1.0000, 0.0000)
(0.0000, 0.0000, 0.0000, 1.0000)
invRp:
(1.0000, 0.0000, 0.0000, 0.0000)
(0.0000, 1.0000, 0.0000, 0.0000)
(0.0000, 0.0000, 1.0000, 0.0000)
(-0.0000, -0.0000, -0.0000, 1.0000)
Soff:
(1.0000, 0.0000, 0.0000, 0.0000)
(0.0000, 1.0000, 0.0000, 0.0000)
(0.0000, 0.0000, 1.0000, 0.0000)
(0.0000, 0.0000, 0.0000, 1.0000)
Sp:
(1.0000, 0.0000, 0.0000, 0.0000)
(0.0000, 1.0000, 0.0000, 0.0000)
(0.0000, 0.0000, 1.0000, 0.0000)
(0.0000, 0.0000, 0.0000, 1.0000)
S:
(1.0000, 0.0000, 0.0000, 0.0000)
(0.0000, 1.0000, 0.0000, 0.0000)
(0.0000, 0.0000, 1.0000, 0.0000)
(0.0000, 0.0000, 0.0000, 1.0000)
invSp:
(1.0000, 0.0000, 0.0000, 0.0000)
(0.0000, 1.0000, 0.0000, 0.0000)
(0.0000, 0.0000, 1.0000, 0.0000)
(-0.0000, -0.0000, -0.0000, 1.0000)
Final LocalRest:
(0.7120, 0.3637, -0.6007, 0.0000)
(0.5730, 0.1935, 0.7964, 0.0000)
(0.4058, -0.9112, -0.0706, 0.0000)
(-3.7218, -4.5038, 0.7898, 1.0000)
Parsed bone: ID=485099679, Index=42, Name=thumb_01_r, Type=LimbNode, Translation=<-4.762131, -2.3751612, 2.5378013>, Rotation={X:0.6303091 Y:0.37152582 Z:-0.07729001 W:0.6772778}, Scaling=<1.0000002, 1.0000002, 1.0000002>
** MODEL ORIGINAL Limbnode ComputeLocal logs below ***
T:
(1.0000, 0.0000, 0.0000, 0.0000)
(0.0000, 1.0000, 0.0000, 0.0000)
(0.0000, 0.0000, 1.0000, 0.0000)
(-3.8696, 0.0001, 0.0000, 1.0000)
Roff:
(1.0000, 0.0000, 0.0000, 0.0000)
(0.0000, 1.0000, 0.0000, 0.0000)
(0.0000, 0.0000, 1.0000, 0.0000)
(0.0000, 0.0000, 0.0000, 1.0000)
Rp:
(1.0000, 0.0000, 0.0000, 0.0000)
(0.0000, 1.0000, 0.0000, 0.0000)
(0.0000, 0.0000, 1.0000, 0.0000)
(0.0000, 0.0000, 0.0000, 1.0000)
Pre:
(1.0000, 0.0000, 0.0000, 0.0000)
(0.0000, 1.0000, 0.0000, 0.0000)
(0.0000, 0.0000, 1.0000, 0.0000)
(0.0000, 0.0000, 0.0000, 1.0000)
R:
(0.9511, 0.2575, -0.1708, 0.0000)
(-0.2566, 0.9661, 0.0277, 0.0000)
(0.1721, 0.0174, 0.9849, 0.0000)
(0.0000, 0.0000, 0.0000, 1.0000)
PostInv:
(1.0000, 0.0000, 0.0000, 0.0000)
(0.0000, 1.0000, 0.0000, 0.0000)
(0.0000, 0.0000, 1.0000, 0.0000)
(0.0000, 0.0000, 0.0000, 1.0000)
invRp:
(1.0000, 0.0000, 0.0000, 0.0000)
(0.0000, 1.0000, 0.0000, 0.0000)
(0.0000, 0.0000, 1.0000, 0.0000)
(-0.0000, -0.0000, -0.0000, 1.0000)
Soff:
(1.0000, 0.0000, 0.0000, 0.0000)
(0.0000, 1.0000, 0.0000, 0.0000)
(0.0000, 0.0000, 1.0000, 0.0000)
(0.0000, 0.0000, 0.0000, 1.0000)
Sp:
(1.0000, 0.0000, 0.0000, 0.0000)
(0.0000, 1.0000, 0.0000, 0.0000)
(0.0000, 0.0000, 1.0000, 0.0000)
(0.0000, 0.0000, 0.0000, 1.0000)
S:
(1.0000, 0.0000, 0.0000, 0.0000)
(0.0000, 1.0000, 0.0000, 0.0000)
(0.0000, 0.0000, 1.0000, 0.0000)
(0.0000, 0.0000, 0.0000, 1.0000)
invSp:
(1.0000, 0.0000, 0.0000, 0.0000)
(0.0000, 1.0000, 0.0000, 0.0000)
(0.0000, 0.0000, 1.0000, 0.0000)
(-0.0000, -0.0000, -0.0000, 1.0000)
Final LocalRest:
(0.9511, 0.2575, -0.1708, 0.0000)
(-0.2566, 0.9661, 0.0277, 0.0000)
(0.1721, 0.0174, 0.9849, 0.0000)
(-3.6802, -0.9964, 0.6609, 1.0000)
Parsed bone: ID=745533625, Index=43, Name=thumb_02_r, Type=LimbNode, Translation=<-3.8695624, 0.00011444092, 2.0444393E-05>, Rotation={X:0.002605162 Y:0.08679726 Z:0.13014178 W:0.9876855}, Scaling=<1, 1, 1>
** MODEL ORIGINAL Limbnode ComputeLocal logs below ***
T:
(1.0000, 0.0000, 0.0000, 0.0000)
(0.0000, 1.0000, 0.0000, 0.0000)
(0.0000, 0.0000, 1.0000, 0.0000)
(-4.0622, 0.0000, 0.0000, 1.0000)
Roff:
(1.0000, 0.0000, 0.0000, 0.0000)
(0.0000, 1.0000, 0.0000, 0.0000)
(0.0000, 0.0000, 1.0000, 0.0000)
(0.0000, 0.0000, 0.0000, 1.0000)
Rp:
(1.0000, 0.0000, 0.0000, 0.0000)
(0.0000, 1.0000, 0.0000, 0.0000)
(0.0000, 0.0000, 1.0000, 0.0000)
(0.0000, 0.0000, 0.0000, 1.0000)
Pre:
(1.0000, 0.0000, 0.0000, 0.0000)
(0.0000, 1.0000, 0.0000, 0.0000)
(0.0000, 0.0000, 1.0000, 0.0000)
(0.0000, 0.0000, 0.0000, 1.0000)
R:
(0.9767, -0.2145, -0.0084, 0.0000)
(0.2146, 0.9758, 0.0421, 0.0000)
(-0.0009, -0.0429, 0.9991, 0.0000)
(0.0000, 0.0000, 0.0000, 1.0000)
PostInv:
(1.0000, 0.0000, 0.0000, 0.0000)
(0.0000, 1.0000, 0.0000, 0.0000)
(0.0000, 0.0000, 1.0000, 0.0000)
(0.0000, 0.0000, 0.0000, 1.0000)
invRp:
(1.0000, 0.0000, 0.0000, 0.0000)
(0.0000, 1.0000, 0.0000, 0.0000)
(0.0000, 0.0000, 1.0000, 0.0000)
(-0.0000, -0.0000, -0.0000, 1.0000)
Soff:
(1.0000, 0.0000, 0.0000, 0.0000)
(0.0000, 1.0000, 0.0000, 0.0000)
(0.0000, 0.0000, 1.0000, 0.0000)
(0.0000, 0.0000, 0.0000, 1.0000)
Sp:
(1.0000, 0.0000, 0.0000, 0.0000)
(0.0000, 1.0000, 0.0000, 0.0000)
(0.0000, 0.0000, 1.0000, 0.0000)
(0.0000, 0.0000, 0.0000, 1.0000)
S:
(1.0000, 0.0000, 0.0000, 0.0000)
(0.0000, 1.0000, 0.0000, 0.0000)
(0.0000, 0.0000, 1.0000, 0.0000)
(0.0000, 0.0000, 0.0000, 1.0000)
invSp:
(1.0000, 0.0000, 0.0000, 0.0000)
(0.0000, 1.0000, 0.0000, 0.0000)
(0.0000, 0.0000, 1.0000, 0.0000)
(-0.0000, -0.0000, -0.0000, 1.0000)
Final LocalRest:
(0.9767, -0.2145, -0.0084, 0.0000)
(0.2146, 0.9758, 0.0421, 0.0000)
(-0.0009, -0.0429, 0.9991, 0.0000)
(-3.9675, 0.8713, 0.0340, 1.0000)
Parsed bone: ID=545493696, Index=44, Name=thumb_03_r, Type=LimbNode, Translation=<-4.06217, 7.122755E-06, 2.6464462E-05>, Rotation={X:0.021399073 Y:0.0018832985 Z:-0.10793762 W:0.9939256}, Scaling=<1, 0.9999998, 0.9999999>
** MODEL ORIGINAL Limbnode ComputeLocal logs below ***
T:
(1.0000, 0.0000, 0.0000, 0.0000)
(0.0000, 1.0000, 0.0000, 0.0000)
(0.0000, 0.0000, 1.0000, 0.0000)
(-14.0000, 0.0000, -0.0000, 1.0000)
Roff:
(1.0000, 0.0000, 0.0000, 0.0000)
(0.0000, 1.0000, 0.0000, 0.0000)
(0.0000, 0.0000, 1.0000, 0.0000)
(0.0000, 0.0000, 0.0000, 1.0000)
Rp:
(1.0000, 0.0000, 0.0000, 0.0000)
(0.0000, 1.0000, 0.0000, 0.0000)
(0.0000, 0.0000, 1.0000, 0.0000)
(0.0000, 0.0000, 0.0000, 1.0000)
Pre:
(1.0000, 0.0000, 0.0000, 0.0000)
(0.0000, 1.0000, 0.0000, 0.0000)
(0.0000, 0.0000, 1.0000, 0.0000)
(0.0000, 0.0000, 0.0000, 1.0000)
R:
(1.0000, -0.0000, 0.0000, 0.0000)
(0.0000, 0.9723, -0.2336, 0.0000)
(-0.0000, 0.2336, 0.9723, 0.0000)
(0.0000, 0.0000, 0.0000, 1.0000)
PostInv:
(1.0000, 0.0000, 0.0000, 0.0000)
(0.0000, 1.0000, 0.0000, 0.0000)
(0.0000, 0.0000, 1.0000, 0.0000)
(0.0000, 0.0000, 0.0000, 1.0000)
invRp:
(1.0000, 0.0000, 0.0000, 0.0000)
(0.0000, 1.0000, 0.0000, 0.0000)
(0.0000, 0.0000, 1.0000, 0.0000)
(-0.0000, -0.0000, -0.0000, 1.0000)
Soff:
(1.0000, 0.0000, 0.0000, 0.0000)
(0.0000, 1.0000, 0.0000, 0.0000)
(0.0000, 0.0000, 1.0000, 0.0000)
(0.0000, 0.0000, 0.0000, 1.0000)
Sp:
(1.0000, 0.0000, 0.0000, 0.0000)
(0.0000, 1.0000, 0.0000, 0.0000)
(0.0000, 0.0000, 1.0000, 0.0000)
(0.0000, 0.0000, 0.0000, 1.0000)
S:
(1.0000, 0.0000, 0.0000, 0.0000)
(0.0000, 1.0000, 0.0000, 0.0000)
(0.0000, 0.0000, 1.0000, 0.0000)
(0.0000, 0.0000, 0.0000, 1.0000)
invSp:
(1.0000, 0.0000, 0.0000, 0.0000)
(0.0000, 1.0000, 0.0000, 0.0000)
(0.0000, 0.0000, 1.0000, 0.0000)
(-0.0000, -0.0000, -0.0000, 1.0000)
Final LocalRest:
(1.0000, -0.0000, 0.0000, 0.0000)
(0.0000, 0.9723, -0.2336, 0.0000)
(-0.0000, 0.2336, 0.9723, 0.0000)
(-14.0000, 0.0000, -0.0001, 1.0000)
Parsed bone: ID=208942987, Index=45, Name=lowerarm_twist_01_r, Type=LimbNode, Translation=<-13.999999, 2.4318695E-05, -4.0769577E-05>, Rotation={X:-0.117627345 Y:-2.353376E-07 Z:-1.15236304E-07 W:0.9930578}, Scaling=<0.99999976, 0.99999964, 0.9999997>
** MODEL ORIGINAL Limbnode ComputeLocal logs below ***
T:
(1.0000, 0.0000, 0.0000, 0.0000)
(0.0000, 1.0000, 0.0000, 0.0000)
(0.0000, 0.0000, 1.0000, 0.0000)
(16.5588, -0.3553, -0.0000, 1.0000)
Roff:
(1.0000, 0.0000, 0.0000, 0.0000)
(0.0000, 1.0000, 0.0000, 0.0000)
(0.0000, 0.0000, 1.0000, 0.0000)
(0.0000, 0.0000, 0.0000, 1.0000)
Rp:
(1.0000, 0.0000, 0.0000, 0.0000)
(0.0000, 1.0000, 0.0000, 0.0000)
(0.0000, 0.0000, 1.0000, 0.0000)
(0.0000, 0.0000, 0.0000, 1.0000)
Pre:
(1.0000, 0.0000, 0.0000, 0.0000)
(0.0000, 1.0000, 0.0000, 0.0000)
(0.0000, 0.0000, 1.0000, 0.0000)
(0.0000, 0.0000, 0.0000, 1.0000)
R:
(0.9170, -0.3989, 0.0000, 0.0000)
(0.3989, 0.9170, -0.0000, 0.0000)
(0.0000, 0.0000, 1.0000, 0.0000)
(0.0000, 0.0000, 0.0000, 1.0000)
PostInv:
(1.0000, 0.0000, 0.0000, 0.0000)
(0.0000, 1.0000, 0.0000, 0.0000)
(0.0000, 0.0000, 1.0000, 0.0000)
(0.0000, 0.0000, 0.0000, 1.0000)
invRp:
(1.0000, 0.0000, 0.0000, 0.0000)
(0.0000, 1.0000, 0.0000, 0.0000)
(0.0000, 0.0000, 1.0000, 0.0000)
(-0.0000, -0.0000, -0.0000, 1.0000)
Soff:
(1.0000, 0.0000, 0.0000, 0.0000)
(0.0000, 1.0000, 0.0000, 0.0000)
(0.0000, 0.0000, 1.0000, 0.0000)
(0.0000, 0.0000, 0.0000, 1.0000)
Sp:
(1.0000, 0.0000, 0.0000, 0.0000)
(0.0000, 1.0000, 0.0000, 0.0000)
(0.0000, 0.0000, 1.0000, 0.0000)
(0.0000, 0.0000, 0.0000, 1.0000)
S:
(1.0000, 0.0000, 0.0000, 0.0000)
(0.0000, 1.0000, 0.0000, 0.0000)
(0.0000, 0.0000, 1.0000, 0.0000)
(0.0000, 0.0000, 0.0000, 1.0000)
invSp:
(1.0000, 0.0000, 0.0000, 0.0000)
(0.0000, 1.0000, 0.0000, 0.0000)
(0.0000, 0.0000, 1.0000, 0.0000)
(-0.0000, -0.0000, -0.0000, 1.0000)
Final LocalRest:
(0.9170, -0.3989, 0.0000, 0.0000)
(0.3989, 0.9170, -0.0000, 0.0000)
(0.0000, 0.0000, 1.0000, 0.0000)
(15.0427, -6.9308, -0.0000, 1.0000)
Parsed bone: ID=933388513, Index=46, Name=neck_01, Type=LimbNode, Translation=<16.55876, -0.3553276, -2.7130006E-06>, Rotation={X:-3.3606195E-08 Y:-4.6333355E-09 Z:-0.20371099 W:0.9790311}, Scaling=<1.0000001, 1.0000001, 1>
** MODEL ORIGINAL Limbnode ComputeLocal logs below ***
T:
(1.0000, 0.0000, 0.0000, 0.0000)
(0.0000, 1.0000, 0.0000, 0.0000)
(0.0000, 0.0000, 1.0000, 0.0000)
(12.1620, -0.6536, -0.0000, 1.0000)
Roff:
(1.0000, 0.0000, 0.0000, 0.0000)
(0.0000, 1.0000, 0.0000, 0.0000)
(0.0000, 0.0000, 1.0000, 0.0000)
(0.0000, 0.0000, 0.0000, 1.0000)
Rp:
(1.0000, 0.0000, 0.0000, 0.0000)
(0.0000, 1.0000, 0.0000, 0.0000)
(0.0000, 0.0000, 1.0000, 0.0000)
(0.0000, 0.0000, 0.0000, 1.0000)
Pre:
(1.0000, 0.0000, 0.0000, 0.0000)
(0.0000, 1.0000, 0.0000, 0.0000)
(0.0000, 0.0000, 1.0000, 0.0000)
(0.0000, 0.0000, 0.0000, 1.0000)
R:
(0.9643, 0.2647, -0.0000, 0.0000)
(-0.2647, 0.9643, 0.0000, 0.0000)
(0.0000, -0.0000, 1.0000, 0.0000)
(0.0000, 0.0000, 0.0000, 1.0000)
PostInv:
(1.0000, 0.0000, 0.0000, 0.0000)
(0.0000, 1.0000, 0.0000, 0.0000)
(0.0000, 0.0000, 1.0000, 0.0000)
(0.0000, 0.0000, 0.0000, 1.0000)
invRp:
(1.0000, 0.0000, 0.0000, 0.0000)
(0.0000, 1.0000, 0.0000, 0.0000)
(0.0000, 0.0000, 1.0000, 0.0000)
(-0.0000, -0.0000, -0.0000, 1.0000)
Soff:
(1.0000, 0.0000, 0.0000, 0.0000)
(0.0000, 1.0000, 0.0000, 0.0000)
(0.0000, 0.0000, 1.0000, 0.0000)
(0.0000, 0.0000, 0.0000, 1.0000)
Sp:
(1.0000, 0.0000, 0.0000, 0.0000)
(0.0000, 1.0000, 0.0000, 0.0000)
(0.0000, 0.0000, 1.0000, 0.0000)
(0.0000, 0.0000, 0.0000, 1.0000)
S:
(1.0000, 0.0000, 0.0000, 0.0000)
(0.0000, 1.0000, 0.0000, 0.0000)
(0.0000, 0.0000, 1.0000, 0.0000)
(0.0000, 0.0000, 0.0000, 1.0000)
invSp:
(1.0000, 0.0000, 0.0000, 0.0000)
(0.0000, 1.0000, 0.0000, 0.0000)
(0.0000, 0.0000, 1.0000, 0.0000)
(-0.0000, -0.0000, -0.0000, 1.0000)
Final LocalRest:
(0.9643, 0.2647, -0.0000, 0.0000)
(-0.2647, 0.9643, 0.0000, 0.0000)
(0.0000, -0.0000, 1.0000, 0.0000)
(11.9012, 2.5889, -0.0000, 1.0000)
Parsed bone: ID=807889176, Index=47, Name=head, Type=LimbNode, Translation=<12.162012, -0.6536355, -1.6869212E-06>, Rotation={X:2.2199314E-08 Y:3.4372225E-09 Z:0.13354236 W:0.9910431}, Scaling=<0.9999999, 0.9999999, 1>
** MODEL ORIGINAL Limbnode ComputeLocal logs below ***
T:
(1.0000, 0.0000, 0.0000, 0.0000)
(0.0000, 1.0000, 0.0000, 0.0000)
(0.0000, 0.0000, 1.0000, 0.0000)
(-1.4488, -0.5314, -9.0058, 1.0000)
Roff:
(1.0000, 0.0000, 0.0000, 0.0000)
(0.0000, 1.0000, 0.0000, 0.0000)
(0.0000, 0.0000, 1.0000, 0.0000)
(0.0000, 0.0000, 0.0000, 1.0000)
Rp:
(1.0000, 0.0000, 0.0000, 0.0000)
(0.0000, 1.0000, 0.0000, 0.0000)
(0.0000, 0.0000, 1.0000, 0.0000)
(0.0000, 0.0000, 0.0000, 1.0000)
Pre:
(1.0000, 0.0000, 0.0000, 0.0000)
(0.0000, 1.0000, 0.0000, 0.0000)
(0.0000, 0.0000, 1.0000, 0.0000)
(0.0000, 0.0000, 0.0000, 1.0000)
R:
(0.9921, -0.0262, 0.1224, 0.0000)
(0.0079, 0.9890, 0.1478, 0.0000)
(-0.1250, -0.1457, 0.9814, 0.0000)
(0.0000, 0.0000, 0.0000, 1.0000)
PostInv:
(1.0000, 0.0000, 0.0000, 0.0000)
(0.0000, 1.0000, 0.0000, 0.0000)
(0.0000, 0.0000, 1.0000, 0.0000)
(0.0000, 0.0000, 0.0000, 1.0000)
invRp:
(1.0000, 0.0000, 0.0000, 0.0000)
(0.0000, 1.0000, 0.0000, 0.0000)
(0.0000, 0.0000, 1.0000, 0.0000)
(-0.0000, -0.0000, -0.0000, 1.0000)
Soff:
(1.0000, 0.0000, 0.0000, 0.0000)
(0.0000, 1.0000, 0.0000, 0.0000)
(0.0000, 0.0000, 1.0000, 0.0000)
(0.0000, 0.0000, 0.0000, 1.0000)
Sp:
(1.0000, 0.0000, 0.0000, 0.0000)
(0.0000, 1.0000, 0.0000, 0.0000)
(0.0000, 0.0000, 1.0000, 0.0000)
(0.0000, 0.0000, 0.0000, 1.0000)
S:
(1.0000, 0.0000, 0.0000, 0.0000)
(0.0000, 1.0000, 0.0000, 0.0000)
(0.0000, 0.0000, 1.0000, 0.0000)
(0.0000, 0.0000, 0.0000, 1.0000)
invSp:
(1.0000, 0.0000, 0.0000, 0.0000)
(0.0000, 1.0000, 0.0000, 0.0000)
(0.0000, 0.0000, 1.0000, 0.0000)
(-0.0000, -0.0000, -0.0000, 1.0000)
Final LocalRest:
(0.9921, -0.0262, 0.1224, 0.0000)
(0.0079, 0.9890, 0.1478, 0.0000)
(-0.1250, -0.1457, 0.9814, 0.0000)
(-0.3163, 0.8242, -9.0943, 1.0000)
Parsed bone: ID=169950146, Index=48, Name=thigh_l, Type=LimbNode, Translation=<-1.448834, -0.53142107, -9.005809>, Rotation={X:0.07370488 Y:-0.062138855 Z:-0.0085845785 W:0.9953053}, Scaling=<1, 1.0000001, 1>
** MODEL ORIGINAL Limbnode ComputeLocal logs below ***
T:
(1.0000, 0.0000, 0.0000, 0.0000)
(0.0000, 1.0000, 0.0000, 0.0000)
(0.0000, 0.0000, 1.0000, 0.0000)
(-42.5720, 0.0000, -0.0000, 1.0000)
Roff:
(1.0000, 0.0000, 0.0000, 0.0000)
(0.0000, 1.0000, 0.0000, 0.0000)
(0.0000, 0.0000, 1.0000, 0.0000)
(0.0000, 0.0000, 0.0000, 1.0000)
Rp:
(1.0000, 0.0000, 0.0000, 0.0000)
(0.0000, 1.0000, 0.0000, 0.0000)
(0.0000, 0.0000, 1.0000, 0.0000)
(0.0000, 0.0000, 0.0000, 1.0000)
Pre:
(1.0000, 0.0000, 0.0000, 0.0000)
(0.0000, 1.0000, 0.0000, 0.0000)
(0.0000, 0.0000, 1.0000, 0.0000)
(0.0000, 0.0000, 0.0000, 1.0000)
R:
(0.9907, -0.1324, -0.0312, 0.0000)
(0.1287, 0.9866, -0.0999, 0.0000)
(0.0440, 0.0950, 0.9945, 0.0000)
(0.0000, 0.0000, 0.0000, 1.0000)
PostInv:
(1.0000, 0.0000, 0.0000, 0.0000)
(0.0000, 1.0000, 0.0000, 0.0000)
(0.0000, 0.0000, 1.0000, 0.0000)
(0.0000, 0.0000, 0.0000, 1.0000)
invRp:
(1.0000, 0.0000, 0.0000, 0.0000)
(0.0000, 1.0000, 0.0000, 0.0000)
(0.0000, 0.0000, 1.0000, 0.0000)
(-0.0000, -0.0000, -0.0000, 1.0000)
Soff:
(1.0000, 0.0000, 0.0000, 0.0000)
(0.0000, 1.0000, 0.0000, 0.0000)
(0.0000, 0.0000, 1.0000, 0.0000)
(0.0000, 0.0000, 0.0000, 1.0000)
Sp:
(1.0000, 0.0000, 0.0000, 0.0000)
(0.0000, 1.0000, 0.0000, 0.0000)
(0.0000, 0.0000, 1.0000, 0.0000)
(0.0000, 0.0000, 0.0000, 1.0000)
S:
(1.0000, 0.0000, 0.0000, 0.0000)
(0.0000, 1.0000, 0.0000, 0.0000)
(0.0000, 0.0000, 1.0000, 0.0000)
(0.0000, 0.0000, 0.0000, 1.0000)
invSp:
(1.0000, 0.0000, 0.0000, 0.0000)
(0.0000, 1.0000, 0.0000, 0.0000)
(0.0000, 0.0000, 1.0000, 0.0000)
(-0.0000, -0.0000, -0.0000, 1.0000)
Final LocalRest:
(0.9907, -0.1324, -0.0312, 0.0000)
(0.1287, 0.9866, -0.0999, 0.0000)
(0.0440, 0.0950, 0.9945, 0.0000)
(-42.1762, 5.6377, 1.3278, 1.0000)
Parsed bone: ID=373544601, Index=49, Name=calf_l, Type=LimbNode, Translation=<-42.57202, 1.1920929E-07, -2.4735928E-06>, Rotation={X:-0.048884206 Y:0.018863864 Z:-0.065522276 W:0.99647444}, Scaling=<1, 0.99999976, 0.99999994>
** MODEL ORIGINAL Limbnode ComputeLocal logs below ***
T:
(1.0000, 0.0000, 0.0000, 0.0000)
(0.0000, 1.0000, 0.0000, 0.0000)
(0.0000, 0.0000, 1.0000, 0.0000)
(-40.1967, -0.0000, 0.0000, 1.0000)
Roff:
(1.0000, 0.0000, 0.0000, 0.0000)
(0.0000, 1.0000, 0.0000, 0.0000)
(0.0000, 0.0000, 1.0000, 0.0000)
(0.0000, 0.0000, 0.0000, 1.0000)
Rp:
(1.0000, 0.0000, 0.0000, 0.0000)
(0.0000, 1.0000, 0.0000, 0.0000)
(0.0000, 0.0000, 1.0000, 0.0000)
(0.0000, 0.0000, 0.0000, 1.0000)
Pre:
(1.0000, 0.0000, 0.0000, 0.0000)
(0.0000, 1.0000, 0.0000, 0.0000)
(0.0000, 0.0000, 1.0000, 0.0000)
(0.0000, 0.0000, 0.0000, 1.0000)
R:
(0.9881, 0.1399, -0.0646, 0.0000)
(-0.1407, 0.9900, -0.0072, 0.0000)
(0.0630, 0.0162, 0.9979, 0.0000)
(0.0000, 0.0000, 0.0000, 1.0000)
PostInv:
(1.0000, 0.0000, 0.0000, 0.0000)
(0.0000, 1.0000, 0.0000, 0.0000)
(0.0000, 0.0000, 1.0000, 0.0000)
(0.0000, 0.0000, 0.0000, 1.0000)
invRp:
(1.0000, 0.0000, 0.0000, 0.0000)
(0.0000, 1.0000, 0.0000, 0.0000)
(0.0000, 0.0000, 1.0000, 0.0000)
(-0.0000, -0.0000, -0.0000, 1.0000)
Soff:
(1.0000, 0.0000, 0.0000, 0.0000)
(0.0000, 1.0000, 0.0000, 0.0000)
(0.0000, 0.0000, 1.0000, 0.0000)
(0.0000, 0.0000, 0.0000, 1.0000)
Sp:
(1.0000, 0.0000, 0.0000, 0.0000)
(0.0000, 1.0000, 0.0000, 0.0000)
(0.0000, 0.0000, 1.0000, 0.0000)
(0.0000, 0.0000, 0.0000, 1.0000)
S:
(1.0000, 0.0000, 0.0000, 0.0000)
(0.0000, 1.0000, 0.0000, 0.0000)
(0.0000, 0.0000, 1.0000, 0.0000)
(0.0000, 0.0000, 0.0000, 1.0000)
invSp:
(1.0000, 0.0000, 0.0000, 0.0000)
(0.0000, 1.0000, 0.0000, 0.0000)
(0.0000, 0.0000, 1.0000, 0.0000)
(-0.0000, -0.0000, -0.0000, 1.0000)
Final LocalRest:
(0.9881, 0.1399, -0.0646, 0.0000)
(-0.1407, 0.9900, -0.0072, 0.0000)
(0.0630, 0.0162, 0.9979, 0.0000)
(-39.7165, -5.6239, 2.5974, 1.0000)
Parsed bone: ID=125953574, Index=50, Name=foot_l, Type=LimbNode, Translation=<-40.196697, -7.6293945E-06, 1.4901161E-07>, Rotation={X:-0.005885798 Y:0.031991374 Z:0.070354596 W:0.9969916}, Scaling=<0.99999994, 1, 1>
** MODEL ORIGINAL Limbnode ComputeLocal logs below ***
T:
(1.0000, 0.0000, 0.0000, 0.0000)
(0.0000, 1.0000, 0.0000, 0.0000)
(0.0000, 0.0000, 1.0000, 0.0000)
(-10.4799, -14.5441, -0.0125, 1.0000)
Roff:
(1.0000, 0.0000, 0.0000, 0.0000)
(0.0000, 1.0000, 0.0000, 0.0000)
(0.0000, 0.0000, 1.0000, 0.0000)
(0.0000, 0.0000, 0.0000, 1.0000)
Rp:
(1.0000, 0.0000, 0.0000, 0.0000)
(0.0000, 1.0000, 0.0000, 0.0000)
(0.0000, 0.0000, 1.0000, 0.0000)
(0.0000, 0.0000, 0.0000, 1.0000)
Pre:
(1.0000, 0.0000, 0.0000, 0.0000)
(0.0000, 1.0000, 0.0000, 0.0000)
(0.0000, 0.0000, 1.0000, 0.0000)
(0.0000, 0.0000, 0.0000, 1.0000)
R:
(-0.0329, -0.9995, -0.0002, 0.0000)
(0.9995, -0.0329, 0.0001, 0.0000)
(-0.0001, -0.0002, 1.0000, 0.0000)
(0.0000, 0.0000, 0.0000, 1.0000)
PostInv:
(1.0000, 0.0000, 0.0000, 0.0000)
(0.0000, 1.0000, 0.0000, 0.0000)
(0.0000, 0.0000, 1.0000, 0.0000)
(0.0000, 0.0000, 0.0000, 1.0000)
invRp:
(1.0000, 0.0000, 0.0000, 0.0000)
(0.0000, 1.0000, 0.0000, 0.0000)
(0.0000, 0.0000, 1.0000, 0.0000)
(-0.0000, -0.0000, -0.0000, 1.0000)
Soff:
(1.0000, 0.0000, 0.0000, 0.0000)
(0.0000, 1.0000, 0.0000, 0.0000)
(0.0000, 0.0000, 1.0000, 0.0000)
(0.0000, 0.0000, 0.0000, 1.0000)
Sp:
(1.0000, 0.0000, 0.0000, 0.0000)
(0.0000, 1.0000, 0.0000, 0.0000)
(0.0000, 0.0000, 1.0000, 0.0000)
(0.0000, 0.0000, 0.0000, 1.0000)
S:
(1.0000, 0.0000, 0.0000, 0.0000)
(0.0000, 1.0000, 0.0000, 0.0000)
(0.0000, 0.0000, 1.0000, 0.0000)
(0.0000, 0.0000, 0.0000, 1.0000)
invSp:
(1.0000, 0.0000, 0.0000, 0.0000)
(0.0000, 1.0000, 0.0000, 0.0000)
(0.0000, 0.0000, 1.0000, 0.0000)
(-0.0000, -0.0000, -0.0000, 1.0000)
Final LocalRest:
(-0.0329, -0.9995, -0.0002, 0.0000)
(0.9995, -0.0329, 0.0001, 0.0000)
(-0.0001, -0.0002, 1.0000, 0.0000)
(-14.1918, 10.9523, -0.0119, 1.0000)
Parsed bone: ID=498184965, Index=51, Name=ball_l, Type=LimbNode, Translation=<-10.479882, -14.54408, -0.012502149>, Rotation={X:8.016033E-05 Y:2.9583125E-05 Z:-0.71863383 W:0.69538873}, Scaling=<0.99999976, 0.9999999, 0.99999994>
** MODEL ORIGINAL Limbnode ComputeLocal logs below ***
T:
(1.0000, 0.0000, 0.0000, 0.0000)
(0.0000, 1.0000, 0.0000, 0.0000)
(0.0000, 0.0000, 1.0000, 0.0000)
(-1.4487, -0.5314, 9.0058, 1.0000)
Roff:
(1.0000, 0.0000, 0.0000, 0.0000)
(0.0000, 1.0000, 0.0000, 0.0000)
(0.0000, 0.0000, 1.0000, 0.0000)
(0.0000, 0.0000, 0.0000, 1.0000)
Rp:
(1.0000, 0.0000, 0.0000, 0.0000)
(0.0000, 1.0000, 0.0000, 0.0000)
(0.0000, 0.0000, 1.0000, 0.0000)
(0.0000, 0.0000, 0.0000, 1.0000)
Pre:
(1.0000, 0.0000, 0.0000, 0.0000)
(0.0000, 1.0000, 0.0000, 0.0000)
(0.0000, 0.0000, 1.0000, 0.0000)
(0.0000, 0.0000, 0.0000, 1.0000)
R:
(-0.9921, 0.0262, 0.1224, 0.0000)
(-0.0079, -0.9890, 0.1478, 0.0000)
(0.1250, 0.1457, 0.9814, 0.0000)
(0.0000, 0.0000, 0.0000, 1.0000)
PostInv:
(1.0000, 0.0000, 0.0000, 0.0000)
(0.0000, 1.0000, 0.0000, 0.0000)
(0.0000, 0.0000, 1.0000, 0.0000)
(0.0000, 0.0000, 0.0000, 1.0000)
invRp:
(1.0000, 0.0000, 0.0000, 0.0000)
(0.0000, 1.0000, 0.0000, 0.0000)
(0.0000, 0.0000, 1.0000, 0.0000)
(-0.0000, -0.0000, -0.0000, 1.0000)
Soff:
(1.0000, 0.0000, 0.0000, 0.0000)
(0.0000, 1.0000, 0.0000, 0.0000)
(0.0000, 0.0000, 1.0000, 0.0000)
(0.0000, 0.0000, 0.0000, 1.0000)
Sp:
(1.0000, 0.0000, 0.0000, 0.0000)
(0.0000, 1.0000, 0.0000, 0.0000)
(0.0000, 0.0000, 1.0000, 0.0000)
(0.0000, 0.0000, 0.0000, 1.0000)
S:
(1.0000, 0.0000, 0.0000, 0.0000)
(0.0000, 1.0000, 0.0000, 0.0000)
(0.0000, 0.0000, 1.0000, 0.0000)
(0.0000, 0.0000, 0.0000, 1.0000)
invSp:
(1.0000, 0.0000, 0.0000, 0.0000)
(0.0000, 1.0000, 0.0000, 0.0000)
(0.0000, 0.0000, 1.0000, 0.0000)
(-0.0000, -0.0000, -0.0000, 1.0000)
Final LocalRest:
(-0.9921, 0.0262, 0.1224, 0.0000)
(-0.0079, -0.9890, 0.1478, 0.0000)
(0.1250, 0.1457, 0.9814, 0.0000)
(2.5668, 1.7992, 8.5824, 1.0000)
Parsed bone: ID=425256135, Index=52, Name=thigh_r, Type=LimbNode, Translation=<-1.4486576, -0.5314237, 9.005804>, Rotation={X:0.062138546 Y:0.07370447 Z:0.99530536 W:0.008584309}, Scaling=<1, 0.99999994, 0.9999897>
** MODEL ORIGINAL Limbnode ComputeLocal logs below ***
T:
(1.0000, 0.0000, 0.0000, 0.0000)
(0.0000, 1.0000, 0.0000, 0.0000)
(0.0000, 0.0000, 1.0000, 0.0000)
(42.5723, -0.0000, 0.0000, 1.0000)
Roff:
(1.0000, 0.0000, 0.0000, 0.0000)
(0.0000, 1.0000, 0.0000, 0.0000)
(0.0000, 0.0000, 1.0000, 0.0000)
(0.0000, 0.0000, 0.0000, 1.0000)
Rp:
(1.0000, 0.0000, 0.0000, 0.0000)
(0.0000, 1.0000, 0.0000, 0.0000)
(0.0000, 0.0000, 1.0000, 0.0000)
(0.0000, 0.0000, 0.0000, 1.0000)
Pre:
(1.0000, 0.0000, 0.0000, 0.0000)
(0.0000, 1.0000, 0.0000, 0.0000)
(0.0000, 0.0000, 1.0000, 0.0000)
(0.0000, 0.0000, 0.0000, 1.0000)
R:
(0.9907, -0.1324, -0.0312, 0.0000)
(0.1287, 0.9866, -0.0999, 0.0000)
(0.0440, 0.0950, 0.9945, 0.0000)
(0.0000, 0.0000, 0.0000, 1.0000)
PostInv:
(1.0000, 0.0000, 0.0000, 0.0000)
(0.0000, 1.0000, 0.0000, 0.0000)
(0.0000, 0.0000, 1.0000, 0.0000)
(0.0000, 0.0000, 0.0000, 1.0000)
invRp:
(1.0000, 0.0000, 0.0000, 0.0000)
(0.0000, 1.0000, 0.0000, 0.0000)
(0.0000, 0.0000, 1.0000, 0.0000)
(-0.0000, -0.0000, -0.0000, 1.0000)
Soff:
(1.0000, 0.0000, 0.0000, 0.0000)
(0.0000, 1.0000, 0.0000, 0.0000)
(0.0000, 0.0000, 1.0000, 0.0000)
(0.0000, 0.0000, 0.0000, 1.0000)
Sp:
(1.0000, 0.0000, 0.0000, 0.0000)
(0.0000, 1.0000, 0.0000, 0.0000)
(0.0000, 0.0000, 1.0000, 0.0000)
(0.0000, 0.0000, 0.0000, 1.0000)
S:
(1.0000, 0.0000, 0.0000, 0.0000)
(0.0000, 1.0000, 0.0000, 0.0000)
(0.0000, 0.0000, 1.0000, 0.0000)
(0.0000, 0.0000, 0.0000, 1.0000)
invSp:
(1.0000, 0.0000, 0.0000, 0.0000)
(0.0000, 1.0000, 0.0000, 0.0000)
(0.0000, 0.0000, 1.0000, 0.0000)
(-0.0000, -0.0000, -0.0000, 1.0000)
Final LocalRest:
(0.9907, -0.1324, -0.0312, 0.0000)
(0.1287, 0.9866, -0.0999, 0.0000)
(0.0440, 0.0950, 0.9945, 0.0000)
(42.1764, -5.6377, -1.3277, 1.0000)
Parsed bone: ID=599965201, Index=53, Name=calf_r, Type=LimbNode, Translation=<42.572254, -4.2021275E-06, 1.9907951E-05>, Rotation={X:-0.04888474 Y:0.018863006 Z:-0.06552229 W:0.99647444}, Scaling=<1, 0.99999976, 1.0000001>
** MODEL ORIGINAL Limbnode ComputeLocal logs below ***
T:
(1.0000, 0.0000, 0.0000, 0.0000)
(0.0000, 1.0000, 0.0000, 0.0000)
(0.0000, 0.0000, 1.0000, 0.0000)
(40.1968, 0.0000, -0.0001, 1.0000)
Roff:
(1.0000, 0.0000, 0.0000, 0.0000)
(0.0000, 1.0000, 0.0000, 0.0000)
(0.0000, 0.0000, 1.0000, 0.0000)
(0.0000, 0.0000, 0.0000, 1.0000)
Rp:
(1.0000, 0.0000, 0.0000, 0.0000)
(0.0000, 1.0000, 0.0000, 0.0000)
(0.0000, 0.0000, 1.0000, 0.0000)
(0.0000, 0.0000, 0.0000, 1.0000)
Pre:
(1.0000, 0.0000, 0.0000, 0.0000)
(0.0000, 1.0000, 0.0000, 0.0000)
(0.0000, 0.0000, 1.0000, 0.0000)
(0.0000, 0.0000, 0.0000, 1.0000)
R:
(0.9881, 0.1399, -0.0646, 0.0000)
(-0.1407, 0.9900, -0.0072, 0.0000)
(0.0630, 0.0162, 0.9979, 0.0000)
(0.0000, 0.0000, 0.0000, 1.0000)
PostInv:
(1.0000, 0.0000, 0.0000, 0.0000)
(0.0000, 1.0000, 0.0000, 0.0000)
(0.0000, 0.0000, 1.0000, 0.0000)
(0.0000, 0.0000, 0.0000, 1.0000)
invRp:
(1.0000, 0.0000, 0.0000, 0.0000)
(0.0000, 1.0000, 0.0000, 0.0000)
(0.0000, 0.0000, 1.0000, 0.0000)
(-0.0000, -0.0000, -0.0000, 1.0000)
Soff:
(1.0000, 0.0000, 0.0000, 0.0000)
(0.0000, 1.0000, 0.0000, 0.0000)
(0.0000, 0.0000, 1.0000, 0.0000)
(0.0000, 0.0000, 0.0000, 1.0000)
Sp:
(1.0000, 0.0000, 0.0000, 0.0000)
(0.0000, 1.0000, 0.0000, 0.0000)
(0.0000, 0.0000, 1.0000, 0.0000)
(0.0000, 0.0000, 0.0000, 1.0000)
S:
(1.0000, 0.0000, 0.0000, 0.0000)
(0.0000, 1.0000, 0.0000, 0.0000)
(0.0000, 0.0000, 1.0000, 0.0000)
(0.0000, 0.0000, 0.0000, 1.0000)
invSp:
(1.0000, 0.0000, 0.0000, 0.0000)
(0.0000, 1.0000, 0.0000, 0.0000)
(0.0000, 0.0000, 1.0000, 0.0000)
(-0.0000, -0.0000, -0.0000, 1.0000)
Final LocalRest:
(0.9881, 0.1399, -0.0646, 0.0000)
(-0.1407, 0.9900, -0.0072, 0.0000)
(0.0630, 0.0162, 0.9979, 0.0000)
(39.7166, 5.6239, -2.5975, 1.0000)
Parsed bone: ID=964396188, Index=54, Name=foot_r, Type=LimbNode, Translation=<40.196823, 8.821487E-06, -8.2463026E-05>, Rotation={X:-0.005885692 Y:0.03199147 Z:0.07035483 W:0.9969915}, Scaling=<0.99999994, 1, 1>
** MODEL ORIGINAL Limbnode ComputeLocal logs below ***
T:
(1.0000, 0.0000, 0.0000, 0.0000)
(0.0000, 1.0000, 0.0000, 0.0000)
(0.0000, 0.0000, 1.0000, 0.0000)
(10.4799, 14.5440, 0.0125, 1.0000)
Roff:
(1.0000, 0.0000, 0.0000, 0.0000)
(0.0000, 1.0000, 0.0000, 0.0000)
(0.0000, 0.0000, 1.0000, 0.0000)
(0.0000, 0.0000, 0.0000, 1.0000)
Rp:
(1.0000, 0.0000, 0.0000, 0.0000)
(0.0000, 1.0000, 0.0000, 0.0000)
(0.0000, 0.0000, 1.0000, 0.0000)
(0.0000, 0.0000, 0.0000, 1.0000)
Pre:
(1.0000, 0.0000, 0.0000, 0.0000)
(0.0000, 1.0000, 0.0000, 0.0000)
(0.0000, 0.0000, 1.0000, 0.0000)
(0.0000, 0.0000, 0.0000, 1.0000)
R:
(-0.0329, -0.9995, -0.0002, 0.0000)
(0.9995, -0.0329, 0.0001, 0.0000)
(-0.0001, -0.0002, 1.0000, 0.0000)
(0.0000, 0.0000, 0.0000, 1.0000)
PostInv:
(1.0000, 0.0000, 0.0000, 0.0000)
(0.0000, 1.0000, 0.0000, 0.0000)
(0.0000, 0.0000, 1.0000, 0.0000)
(0.0000, 0.0000, 0.0000, 1.0000)
invRp:
(1.0000, 0.0000, 0.0000, 0.0000)
(0.0000, 1.0000, 0.0000, 0.0000)
(0.0000, 0.0000, 1.0000, 0.0000)
(-0.0000, -0.0000, -0.0000, 1.0000)
Soff:
(1.0000, 0.0000, 0.0000, 0.0000)
(0.0000, 1.0000, 0.0000, 0.0000)
(0.0000, 0.0000, 1.0000, 0.0000)
(0.0000, 0.0000, 0.0000, 1.0000)
Sp:
(1.0000, 0.0000, 0.0000, 0.0000)
(0.0000, 1.0000, 0.0000, 0.0000)
(0.0000, 0.0000, 1.0000, 0.0000)
(0.0000, 0.0000, 0.0000, 1.0000)
S:
(1.0000, 0.0000, 0.0000, 0.0000)
(0.0000, 1.0000, 0.0000, 0.0000)
(0.0000, 0.0000, 1.0000, 0.0000)
(0.0000, 0.0000, 0.0000, 1.0000)
invSp:
(1.0000, 0.0000, 0.0000, 0.0000)
(0.0000, 1.0000, 0.0000, 0.0000)
(0.0000, 0.0000, 1.0000, 0.0000)
(-0.0000, -0.0000, -0.0000, 1.0000)
Final LocalRest:
(-0.0329, -0.9995, -0.0002, 0.0000)
(0.9995, -0.0329, 0.0001, 0.0000)
(-0.0001, -0.0002, 1.0000, 0.0000)
(14.1917, -10.9523, 0.0118, 1.0000)
Parsed bone: ID=977109618, Index=55, Name=ball_r, Type=LimbNode, Translation=<10.479871, 14.544022, 0.012472447>, Rotation={X:8.0662256E-05 Y:3.164512E-05 Z:-0.7186337 W:0.6953888}, Scaling=<0.9999999, 0.99999994, 0.9999999>
Root bone: ID=537006303, Index=0, Name=Armature
** MODEL Limbnode recompute **
T:
(1.0000, 0.0000, 0.0000, 0.0000)
(0.0000, 1.0000, 0.0000, 0.0000)
(0.0000, 0.0000, 1.0000, 0.0000)
(0.0000, 0.0000, 0.0000, 1.0000)
Roff:
(1.0000, 0.0000, 0.0000, 0.0000)
(0.0000, 1.0000, 0.0000, 0.0000)
(0.0000, 0.0000, 1.0000, 0.0000)
(0.0000, 0.0000, 0.0000, 1.0000)
Rp:
(1.0000, 0.0000, 0.0000, 0.0000)
(0.0000, 1.0000, 0.0000, 0.0000)
(0.0000, 0.0000, 1.0000, 0.0000)
(0.0000, 0.0000, 0.0000, 1.0000)
Pre:
(1.0000, 0.0000, 0.0000, 0.0000)
(0.0000, 1.0000, 0.0000, 0.0000)
(0.0000, 0.0000, 1.0000, 0.0000)
(0.0000, 0.0000, 0.0000, 1.0000)
R:
(1.0000, 0.0000, 0.0000, 0.0000)
(0.0000, 1.0000, 0.0000, 0.0000)
(0.0000, 0.0000, 1.0000, 0.0000)
(0.0000, 0.0000, 0.0000, 1.0000)
PostInv:
(1.0000, 0.0000, 0.0000, 0.0000)
(0.0000, 1.0000, 0.0000, 0.0000)
(0.0000, 0.0000, 1.0000, 0.0000)
(0.0000, 0.0000, 0.0000, 1.0000)
invRp:
(1.0000, 0.0000, 0.0000, 0.0000)
(0.0000, 1.0000, 0.0000, 0.0000)
(0.0000, 0.0000, 1.0000, 0.0000)
(-0.0000, -0.0000, -0.0000, 1.0000)
Soff:
(1.0000, 0.0000, 0.0000, 0.0000)
(0.0000, 1.0000, 0.0000, 0.0000)
(0.0000, 0.0000, 1.0000, 0.0000)
(0.0000, 0.0000, 0.0000, 1.0000)
Sp:
(1.0000, 0.0000, 0.0000, 0.0000)
(0.0000, 1.0000, 0.0000, 0.0000)
(0.0000, 0.0000, 1.0000, 0.0000)
(0.0000, 0.0000, 0.0000, 1.0000)
S:
(1.0000, 0.0000, 0.0000, 0.0000)
(0.0000, 1.0000, 0.0000, 0.0000)
(0.0000, 0.0000, 1.0000, 0.0000)
(0.0000, 0.0000, 0.0000, 1.0000)
invSp:
(1.0000, 0.0000, 0.0000, 0.0000)
(0.0000, 1.0000, 0.0000, 0.0000)
(0.0000, 0.0000, 1.0000, 0.0000)
(-0.0000, -0.0000, -0.0000, 1.0000)
Final LocalRest:
(1.0000, 0.0000, 0.0000, 0.0000)
(0.0000, 1.0000, 0.0000, 0.0000)
(0.0000, 0.0000, 1.0000, 0.0000)
(0.0000, 0.0000, 0.0000, 1.0000)
Applied fix to Armature bone rotation
Built hierarchy:
Bone 0: Armature, ParentIndex=-1, LocalRest Translation=<0, 0, 0>
  Bone 1: root, ParentIndex=0, LocalRest Translation=<0, 0, 0>
    Bone 2: pelvis, ParentIndex=1, LocalRest Translation=<-96.75062, 1.0561414, 0.003804282>
      Bone 3: spine_01, ParentIndex=2, LocalRest Translation=<10.618702, -2.190865, -1.7304667E-06>
        Bone 4: spine_02, ParentIndex=3, LocalRest Translation=<17.38592, 8.273892, -2.7490285E-06>
          Bone 5: spine_03, ParentIndex=4, LocalRest Translation=<13.37113, 1.0701166, -2.2271297E-06>
            Bone 6: clavicle_l, ParentIndex=5, LocalRest Translation=<-5.2477884, 3.4135745, -11.126409>
              Bone 7: upperarm_l, ParentIndex=6, LocalRest Translation=<14.635927, -5.90913, -0.18361019>
                Bone 8: lowerarm_l, ParentIndex=7, LocalRest Translation=<29.239426, -5.179583, 6.224114>
                  Bone 9: hand_l, ParentIndex=8, LocalRest Translation=<26.94879, -0.19404165, -1.1765513>
                    Bone 10: index_01_l, ParentIndex=9, LocalRest Translation=<9.991517, 7.262425, -0.7906935>
                      Bone 11: index_02_l, ParentIndex=10, LocalRest Translation=<4.193879, 0.8903552, 0.035556253>
                        Bone 12: index_03_l, ParentIndex=11, LocalRest Translation=<3.34679, -0.55986166, -0.059080746>
                    Bone 13: middle_01_l, ParentIndex=9, LocalRest Translation=<10.636761, 5.8589897, 2.1103249>
                      Bone 14: middle_02_l, ParentIndex=13, LocalRest Translation=<4.5332894, 0.98683274, -0.0920699>
                        Bone 15: middle_03_l, ParentIndex=14, LocalRest Translation=<3.5075157, -0.96613604, 0.27929324>
                    Bone 16: pinky_01_l, ParentIndex=9, LocalRest Translation=<6.630909, 6.309574, 6.762692>
                      Bone 17: pinky_02_l, ParentIndex=16, LocalRest Translation=<3.501954, 0.6939361, 0.08198747>
                        Bone 18: pinky_03_l, ParentIndex=17, LocalRest Translation=<2.9783146, 0.054001033, -0.20148295>
                    Bone 19: ring_01_l, ParentIndex=9, LocalRest Translation=<9.017027, 6.4622607, 4.507012>
                      Bone 20: ring_02_l, ParentIndex=19, LocalRest Translation=<4.3092346, 1.0198938, 0.12909508>
                        Bone 21: ring_03_l, ParentIndex=20, LocalRest Translation=<3.384274, -0.7751058, -0.18121122>
                    Bone 22: thumb_01_l, ParentIndex=9, LocalRest Translation=<3.7216148, 4.5037594, -0.7898738>
                      Bone 23: thumb_02_l, ParentIndex=22, LocalRest Translation=<3.680287, 0.99656117, -0.6608431>
                        Bone 24: thumb_03_l, ParentIndex=23, LocalRest Translation=<3.9674914, -0.87126476, -0.03399044>
                  Bone 25: lowerarm_twist_01_l, ParentIndex=8, LocalRest Translation=<14.000001, 5.900862E-06, 1.9166635E-06>
            Bone 26: clavicle_r, ParentIndex=5, LocalRest Translation=<-2.1994736, -2.7496996, -12.271635>
              Bone 27: upperarm_r, ParentIndex=26, LocalRest Translation=<-14.63586, 5.9091077, 0.18357031>
                Bone 28: lowerarm_r, ParentIndex=27, LocalRest Translation=<-29.23953, 5.1796045, -6.224104>
                  Bone 29: hand_r, ParentIndex=28, LocalRest Translation=<-26.948874, 0.1940185, 1.1765108>
                    Bone 30: index_01_r, ParentIndex=29, LocalRest Translation=<-9.991282, -7.262585, 0.7906566>
                      Bone 31: index_02_r, ParentIndex=30, LocalRest Translation=<-4.1940703, -0.8903733, -0.0356139>
                        Bone 32: index_03_r, ParentIndex=31, LocalRest Translation=<-3.3467708, 0.55996805, 0.059056617>
                    Bone 33: middle_01_r, ParentIndex=29, LocalRest Translation=<-10.63661, -5.859017, -2.1102734>
                      Bone 34: middle_02_r, ParentIndex=33, LocalRest Translation=<-4.5334353, -0.9870271, 0.09209123>
                        Bone 35: middle_03_r, ParentIndex=34, LocalRest Translation=<-3.5075731, 0.96617794, -0.27931574>
                    Bone 36: pinky_01_r, ParentIndex=29, LocalRest Translation=<-6.630859, -6.3097506, -6.762563>
                      Bone 37: pinky_02_r, ParentIndex=36, LocalRest Translation=<-3.5019963, -0.6940223, -0.08200137>
                        Bone 38: pinky_03_r, ParentIndex=37, LocalRest Translation=<-2.9781344, -0.053667855, 0.20144057>
                    Bone 39: ring_01_r, ParentIndex=29, LocalRest Translation=<-9.01704, -6.4625645, -4.506966>
                      Bone 40: ring_02_r, ParentIndex=39, LocalRest Translation=<-4.308965, -1.0197009, -0.12910014>
                        Bone 41: ring_03_r, ParentIndex=40, LocalRest Translation=<-3.3842843, 0.77516925, 0.18120265>
                    Bone 42: thumb_01_r, ParentIndex=29, LocalRest Translation=<-3.7217767, -4.5038147, 0.7897893>
                      Bone 43: thumb_02_r, ParentIndex=42, LocalRest Translation=<-3.6802068, -0.99641955, 0.66086215>
                        Bone 44: thumb_03_r, ParentIndex=43, LocalRest Translation=<-3.9674869, 0.8712734, 0.033999667>
                  Bone 45: lowerarm_twist_01_r, ParentIndex=28, LocalRest Translation=<-13.999996, 1.6550199E-05, -5.2245985E-05>
            Bone 46: neck_01, ParentIndex=5, LocalRest Translation=<15.042713, -6.9307756, -2.3133418E-06>
              Bone 47: head, ParentIndex=46, LocalRest Translation=<11.90124, 2.5888703, -1.7270303E-06>
      Bone 48: thigh_l, ParentIndex=2, LocalRest Translation=<-0.31628197, 0.82416445, -9.09433>
        Bone 49: calf_l, ParentIndex=48, LocalRest Translation=<-42.176186, 5.6376762, 1.3277637>
          Bone 50: foot_l, ParentIndex=49, LocalRest Translation=<-39.716488, -5.6238995, 2.5974483>
            Bone 51: ball_l, ParentIndex=50, LocalRest Translation=<-14.1917515, 10.952273, -0.011866613>
      Bone 52: thigh_r, ParentIndex=2, LocalRest Translation=<2.566827, 1.7992436, 8.582431>
        Bone 53: calf_r, ParentIndex=52, LocalRest Translation=<42.17642, -5.637708, -1.3276776>
          Bone 54: foot_r, ParentIndex=53, LocalRest Translation=<39.716602, 5.6239343, -2.5975456>
            Bone 55: ball_r, ParentIndex=54, LocalRest Translation=<14.191699, -10.952254, 0.011766344>
Total clusters parsed: 55, Total indexes: 14636, Total weights: 14636
FBXMeshParser: 9147 weighted vertices out of 36632
FBXMeshParser: Parsed 1 materials for model 630706489
Total clusters parsed: 55, Total indexes: 33622, Total weights: 33622
FBXMeshParser: 14803 weighted vertices out of 58888
FBXMeshParser: Parsed 1 materials for model 116774642
Total clusters parsed: 55, Total indexes: 24952, Total weights: 24952
FBXMeshParser: 13152 weighted vertices out of 52716
FBXMeshParser: Parsed 1 materials for model 491978600
Total clusters parsed: 55, Total indexes: 31799, Total weights: 31799
FBXMeshParser: 19353 weighted vertices out of 77718
FBXMeshParser: Parsed 1 materials for model 701386627
Total clusters parsed: 55, Total indexes: 11335, Total weights: 11335
FBXMeshParser: 6467 weighted vertices out of 25850
FBXMeshParser: Parsed 1 materials for model 430985608
Total clusters parsed: 55, Total indexes: 22593, Total weights: 22593
FBXMeshParser: 11093 weighted vertices out of 44139
FBXMeshParser: Parsed 1 materials for model 573749747
Total clusters parsed: 55, Total indexes: 2270, Total weights: 2270
FBXMeshParser: 1534 weighted vertices out of 6020
FBXMeshParser: Parsed 1 materials for model 879200669
Total clusters parsed: 55, Total indexes: 4042, Total weights: 4042
FBXMeshParser: 3011 weighted vertices out of 11996
FBXMeshParser: Parsed 1 materials for model 800682414
Total clusters parsed: 55, Total indexes: 13824, Total weights: 13824
FBXMeshParser: 7667 weighted vertices out of 30628
FBXMeshParser: Parsed 1 materials for model 452933111
Total clusters parsed: 55, Total indexes: 4941, Total weights: 4941
FBXMeshParser: 3230 weighted vertices out of 12904
FBXMeshParser: Parsed 1 materials for model 775650384
Total clusters parsed: 55, Total indexes: 9563, Total weights: 9563
FBXMeshParser: 4367 weighted vertices out of 17496
FBXMeshParser: Parsed 1 materials for model 153306433
Total clusters parsed: 55, Total indexes: 46478, Total weights: 46478
FBXMeshParser: 14031 weighted vertices out of 55884
FBXMeshParser: Parsed 1 materials for model 861152657
Total clusters parsed: 55, Total indexes: 3727, Total weights: 3727
FBXMeshParser: 2158 weighted vertices out of 8502
FBXMeshParser: Parsed 1 materials for model 589933710
Total clusters parsed: 55, Total indexes: 2471, Total weights: 2471
FBXMeshParser: 1042 weighted vertices out of 4019
FBXMeshParser: Parsed 1 materials for model 780526183
Total clusters parsed: 55, Total indexes: 964, Total weights: 964
FBXMeshParser: 964 weighted vertices out of 3968
FBXMeshParser: Parsed 1 materials for model 81476179
Total clusters parsed: 55, Total indexes: 505, Total weights: 505
FBXMeshParser: 505 weighted vertices out of 1832
FBXMeshParser: Parsed 1 materials for model 927928761
Total clusters parsed: 55, Total indexes: 9831, Total weights: 9831
FBXMeshParser: 6456 weighted vertices out of 26084
FBXMeshParser: Parsed 1 materials for model 371898503
FBXMeshParser: Parsed 17 meshes
Found Pose node of type: BindPose
Found Pose node of type: BindPose
Found Pose node of type: BindPose
Found Pose node of type: BindPose
Found Pose node of type: BindPose
Found Pose node of type: BindPose
Found Pose node of type: BindPose
Found Pose node of type: BindPose
Found Pose node of type: BindPose
Found Pose node of type: BindPose
Found Pose node of type: BindPose
Found Pose node of type: BindPose
Found Pose node of type: BindPose
Found Pose node of type: BindPose
Found Pose node of type: BindPose
Found Pose node of type: BindPose
Found Pose node of type: BindPose
FBXParser: Built model with 17 meshes, 56 bones, 0 animations
TextureLoader: Loading as TGA file
TextureLoader: TGA load result for C:\Users\ireak\source\repos\RealmFoundry\Castle\Foundation\bin\Debug\net9.0\Assets\Characters\man_mesh.fbm\Man_Cloth_Down_Albedo_01.tga: Texture ID 393
TextureLoader: Loading as TGA file
TextureLoader: TGA load result for C:\Users\ireak\source\repos\RealmFoundry\Castle\Foundation\bin\Debug\net9.0\Assets\Characters\man_mesh.fbm\Man_Cloth_Up_Normals.tga: Texture ID 394
TextureLoader: Loading as TGA file
TextureLoader: TGA load result for C:\Users\ireak\source\repos\RealmFoundry\Castle\Foundation\bin\Debug\net9.0\Assets\Characters\man_mesh.fbm\Man_Body_Albedo.tga: Texture ID 395
TextureLoader: Loading as TGA file
TextureLoader: TGA load result for C:\Users\ireak\source\repos\RealmFoundry\Castle\Foundation\bin\Debug\net9.0\Assets\Characters\man_mesh.fbm\Man_Body_Normals.tga: Texture ID 396
TextureLoader: Loading as TGA file
TextureLoader: TGA load result for C:\Users\ireak\source\repos\RealmFoundry\Castle\Foundation\bin\Debug\net9.0\Assets\Characters\man_mesh.fbm\Man_Cloth_Up_Albedo_01.tga: Texture ID 397
Global Transforms:
Bone 0 (Armature) Global:
(1.0000, 0.0000, 0.0000, 0.0000)
(0.0000, 1.0000, 0.0000, 0.0000)
(0.0000, 0.0000, 1.0000, 0.0000)
(0.0000, 0.0000, 0.0000, 1.0000)
Bone 1 (root) Global:
(1.0000, 0.0000, 0.0000, 0.0000)
(0.0000, 1.0000, 0.0000, 0.0000)
(0.0000, 0.0000, 1.0000, 0.0000)
(0.0000, 0.0000, 0.0000, 1.0000)
Bone 2 (pelvis) Global:
(-0.0000, -0.0036, 1.0000, 0.0000)
(-0.0000, 1.0000, 0.0036, 0.0000)
(-1.0000, -0.0000, -0.0000, 0.0000)
(-96.7506, 1.0561, 0.0038, 1.0000)
*********** OUTPUT BELOW **************
Global Transforms:
Bone 0 (Armature) Global:
(1.0000, 0.0000, 0.0000, 0.0000)
(0.0000, 1.0000, 0.0000, 0.0000)
(0.0000, 0.0000, 1.0000, 0.0000)
(0.0000, 0.0000, 0.0000, 1.0000)
Bone 1 (root) Global:
(1.0000, 0.0000, 0.0000, 0.0000)
(0.0000, 1.0000, 0.0000, 0.0000)
(0.0000, 0.0000, 1.0000, 0.0000)
(0.0000, 0.0000, 0.0000, 1.0000)
Bone 2 (pelvis) Global:
(-0.0000, -0.0036, 1.0000, 0.0000)
(-0.0000, 1.0000, 0.0036, 0.0000)
(-1.0000, -0.0000, -0.0000, 0.0000)
(-96.7506, 1.0561, 0.0038, 1.0000)
Bone 0: Armature, ParentIndex=-1, LocalRest Translation=<0, 0, 0>
  Bone 1: root, ParentIndex=0, LocalRest Translation=<0, 0, 0>
    Bone 2: pelvis, ParentIndex=1, LocalRest Translation=<-96.75062, 1.0561414, 0.003804282>
      Bone 3: spine_01, ParentIndex=2, LocalRest Translation=<10.618702, -2.190865, -1.7304667E-06>
        Bone 4: spine_02, ParentIndex=3, LocalRest Translation=<17.38592, 8.273892, -2.7490285E-06>
          Bone 5: spine_03, ParentIndex=4, LocalRest Translation=<13.37113, 1.0701166, -2.2271297E-06>
            Bone 6: clavicle_l, ParentIndex=5, LocalRest Translation=<-5.2477884, 3.4135745, -11.126409>
              Bone 7: upperarm_l, ParentIndex=6, LocalRest Translation=<14.635927, -5.90913, -0.18361019>
                Bone 8: lowerarm_l, ParentIndex=7, LocalRest Translation=<29.239426, -5.179583, 6.224114>
                  Bone 9: hand_l, ParentIndex=8, LocalRest Translation=<26.94879, -0.19404165, -1.1765513>
                    Bone 10: index_01_l, ParentIndex=9, LocalRest Translation=<9.991517, 7.262425, -0.7906935>
                      Bone 11: index_02_l, ParentIndex=10, LocalRest Translation=<4.193879, 0.8903552, 0.035556253>
                        Bone 12: index_03_l, ParentIndex=11, LocalRest Translation=<3.34679, -0.55986166, -0.059080746>
                    Bone 13: middle_01_l, ParentIndex=9, LocalRest Translation=<10.636761, 5.8589897, 2.1103249>
                      Bone 14: middle_02_l, ParentIndex=13, LocalRest Translation=<4.5332894, 0.98683274, -0.0920699>
                        Bone 15: middle_03_l, ParentIndex=14, LocalRest Translation=<3.5075157, -0.96613604, 0.27929324>
                    Bone 16: pinky_01_l, ParentIndex=9, LocalRest Translation=<6.630909, 6.309574, 6.762692>
                      Bone 17: pinky_02_l, ParentIndex=16, LocalRest Translation=<3.501954, 0.6939361, 0.08198747>
                        Bone 18: pinky_03_l, ParentIndex=17, LocalRest Translation=<2.9783146, 0.054001033, -0.20148295>
                    Bone 19: ring_01_l, ParentIndex=9, LocalRest Translation=<9.017027, 6.4622607, 4.507012>
                      Bone 20: ring_02_l, ParentIndex=19, LocalRest Translation=<4.3092346, 1.0198938, 0.12909508>
                        Bone 21: ring_03_l, ParentIndex=20, LocalRest Translation=<3.384274, -0.7751058, -0.18121122>
                    Bone 22: thumb_01_l, ParentIndex=9, LocalRest Translation=<3.7216148, 4.5037594, -0.7898738>
                      Bone 23: thumb_02_l, ParentIndex=22, LocalRest Translation=<3.680287, 0.99656117, -0.6608431>
                        Bone 24: thumb_03_l, ParentIndex=23, LocalRest Translation=<3.9674914, -0.87126476, -0.03399044>
                  Bone 25: lowerarm_twist_01_l, ParentIndex=8, LocalRest Translation=<14.000001, 5.900862E-06, 1.9166635E-06>
            Bone 26: clavicle_r, ParentIndex=5, LocalRest Translation=<-2.1994736, -2.7496996, -12.271635>
              Bone 27: upperarm_r, ParentIndex=26, LocalRest Translation=<-14.63586, 5.9091077, 0.18357031>
                Bone 28: lowerarm_r, ParentIndex=27, LocalRest Translation=<-29.23953, 5.1796045, -6.224104>
                  Bone 29: hand_r, ParentIndex=28, LocalRest Translation=<-26.948874, 0.1940185, 1.1765108>
                    Bone 30: index_01_r, ParentIndex=29, LocalRest Translation=<-9.991282, -7.262585, 0.7906566>
                      Bone 31: index_02_r, ParentIndex=30, LocalRest Translation=<-4.1940703, -0.8903733, -0.0356139>
                        Bone 32: index_03_r, ParentIndex=31, LocalRest Translation=<-3.3467708, 0.55996805, 0.059056617>
                    Bone 33: middle_01_r, ParentIndex=29, LocalRest Translation=<-10.63661, -5.859017, -2.1102734>
                      Bone 34: middle_02_r, ParentIndex=33, LocalRest Translation=<-4.5334353, -0.9870271, 0.09209123>
                        Bone 35: middle_03_r, ParentIndex=34, LocalRest Translation=<-3.5075731, 0.96617794, -0.27931574>
                    Bone 36: pinky_01_r, ParentIndex=29, LocalRest Translation=<-6.630859, -6.3097506, -6.762563>
                      Bone 37: pinky_02_r, ParentIndex=36, LocalRest Translation=<-3.5019963, -0.6940223, -0.08200137>
                        Bone 38: pinky_03_r, ParentIndex=37, LocalRest Translation=<-2.9781344, -0.053667855, 0.20144057>
                    Bone 39: ring_01_r, ParentIndex=29, LocalRest Translation=<-9.01704, -6.4625645, -4.506966>
                      Bone 40: ring_02_r, ParentIndex=39, LocalRest Translation=<-4.308965, -1.0197009, -0.12910014>
                        Bone 41: ring_03_r, ParentIndex=40, LocalRest Translation=<-3.3842843, 0.77516925, 0.18120265>
                    Bone 42: thumb_01_r, ParentIndex=29, LocalRest Translation=<-3.7217767, -4.5038147, 0.7897893>
                      Bone 43: thumb_02_r, ParentIndex=42, LocalRest Translation=<-3.6802068, -0.99641955, 0.66086215>
                        Bone 44: thumb_03_r, ParentIndex=43, LocalRest Translation=<-3.9674869, 0.8712734, 0.033999667>
                  Bone 45: lowerarm_twist_01_r, ParentIndex=28, LocalRest Translation=<-13.999996, 1.6550199E-05, -5.2245985E-05>
            Bone 46: neck_01, ParentIndex=5, LocalRest Translation=<15.042713, -6.9307756, -2.3133418E-06>
              Bone 47: head, ParentIndex=46, LocalRest Translation=<11.90124, 2.5888703, -1.7270303E-06>
      Bone 48: thigh_l, ParentIndex=2, LocalRest Translation=<-0.31628197, 0.82416445, -9.09433>
        Bone 49: calf_l, ParentIndex=48, LocalRest Translation=<-42.176186, 5.6376762, 1.3277637>
          Bone 50: foot_l, ParentIndex=49, LocalRest Translation=<-39.716488, -5.6238995, 2.5974483>
            Bone 51: ball_l, ParentIndex=50, LocalRest Translation=<-14.1917515, 10.952273, -0.011866613>
      Bone 52: thigh_r, ParentIndex=2, LocalRest Translation=<2.566827, 1.7992436, 8.582431>
        Bone 53: calf_r, ParentIndex=52, LocalRest Translation=<42.17642, -5.637708, -1.3276776>
          Bone 54: foot_r, ParentIndex=53, LocalRest Translation=<39.716602, 5.6239343, -2.5975456>
            Bone 55: ball_r, ParentIndex=54, LocalRest Translation=<14.191699, -10.952254, 0.011766344>
Align Bone M_r (Rest):
(-0.0000, 0.0231, 0.9997, 0.0000)
(-0.0000, 0.9997, -0.0231, 0.0000)
(-1.0000, -0.0000, -0.0000, 0.0000)
(0.0000, 0.0000, 0.0000, 1.0000)
Align Bone M_b (Bind):
(0.0000, 0.0231, -0.9997, 0.0000)
(-0.0000, -0.9997, -0.0231, 0.0000)
(-1.0000, 0.0000, -0.0000, 0.0000)
(0.0000, 0.0000, 0.0000, 1.0000)
Alignment Matrix C:
(1.0000, 0.0000, 0.0000, 0.0000)
(0.0000, -0.9989, -0.0461, 0.0000)
(0.0000, 0.0461, -0.9989, 0.0000)
(0.0000, 0.0000, 0.0000, 1.0000)
Rest Pose Bone 0 (Armature):
 Translation: <0, 0, 0>
 Matrix:
(1.0000, 0.0000, 0.0000, 0.0000)
(0.0000, -0.9989, -0.0461, 0.0000)
(0.0000, 0.0461, -0.9989, 0.0000)
(0.0000, 0.0000, 0.0000, 1.0000)
 LocalRest:
(1.0000, 0.0000, 0.0000, 0.0000)
(0.0000, 1.0000, 0.0000, 0.0000)
(0.0000, 0.0000, 1.0000, 0.0000)
(0.0000, 0.0000, 0.0000, 1.0000)
Rest Pose Bone 1 (root):
 Translation: <0, 0, 0>
 Matrix:
(1.0000, 0.0000, 0.0000, 0.0000)
(0.0000, -0.9989, -0.0461, 0.0000)
(0.0000, 0.0461, -0.9989, 0.0000)
(0.0000, 0.0000, 0.0000, 1.0000)
 LocalRest:
(1.0000, 0.0000, 0.0000, 0.0000)
(0.0000, 1.0000, 0.0000, 0.0000)
(0.0000, 0.0000, 1.0000, 0.0000)
(0.0000, 0.0000, 0.0000, 1.0000)
Rest Pose Bone 2 (pelvis):
 Translation: <-96.7506, -1.0548457, -0.052537307>
 Matrix:
(0.0000, 0.0497, -0.9988, 0.0000)
(0.0000, -0.9988, -0.0497, 0.0000)
(-1.0000, -0.0000, -0.0000, 0.0000)
(-96.7506, -1.0548, -0.0525, 1.0000)
 LocalRest:
(-0.0000, -0.0036, 1.0000, 0.0000)
(-0.0000, 1.0000, 0.0036, 0.0000)
(-1.0000, -0.0000, -0.0000, 0.0000)
(-96.7506, 1.0561, 0.0038, 1.0000)
Rest Pose Bone 3 (spine_01):
 Translation: <-96.750595, 1.6614829, -10.549126>
 Matrix:
(0.0000, 0.1737, -0.9848, 0.0000)
(0.0000, -0.9848, -0.1737, 0.0000)
(-1.0000, -0.0000, -0.0000, 0.0000)
(-96.7506, 1.6615, -10.5491, 1.0000)
 LocalRest:
(0.9922, -0.1245, 0.0000, 0.0000)
(0.1245, 0.9922, -0.0000, 0.0000)
(0.0000, 0.0000, 1.0000, 0.0000)
(10.6187, -2.1909, -0.0000, 1.0000)
Rest Pose Bone 4 (spine_02):
 Translation: <-96.750595, -3.4660826, -29.108109>
 Matrix:
(0.0000, -0.0708, -0.9975, 0.0000)
(-0.0000, -0.9975, 0.0708, 0.0000)
(-1.0000, 0.0000, -0.0000, 0.0000)
(-96.7506, -3.4661, -29.1081, 1.0000)
 LocalRest:
(0.9700, 0.2430, 0.0000, 0.0000)
(-0.2430, 0.9700, 0.0000, 0.0000)
(0.0000, -0.0000, 1.0000, 0.0000)
(17.3859, 8.2739, -0.0000, 1.0000)
Rest Pose Bone 5 (spine_03):
 Translation: <-96.750595, -5.4798794, -42.36997>
 Matrix:
(0.0000, -0.1191, -0.9929, 0.0000)
(-0.0000, -0.9929, 0.1191, 0.0000)
(-1.0000, 0.0000, -0.0000, 0.0000)
(-96.7506, -5.4799, -42.3700, 1.0000)
 LocalRest:
(0.9988, 0.0485, -0.0000, 0.0000)
(-0.0485, 0.9988, 0.0000, 0.0000)
(0.0000, -0.0000, 1.0000, 0.0000)
(13.3711, 1.0701, -0.0000, 1.0000)
Rest Pose Bone 6 (clavicle_l):
 Translation: <-85.62419, -8.244356, -36.753075>
 Matrix:
(0.8817, -0.4477, 0.1487, 0.0000)
(-0.4468, -0.8937, -0.0413, 0.0000)
(0.1514, -0.0301, -0.9880, 0.0000)
(-85.6242, -8.2444, -36.7531, 1.0000)
 LocalRest:
(-0.0944, 0.4622, -0.8817, 0.0000)
(0.1474, 0.8824, 0.4468, 0.0000)
(0.9846, -0.0878, -0.1514, 0.0000)
(-5.2478, 3.4136, -11.1264, 1.0000)
Rest Pose Bone 7 (upperarm_l):
 Translation: <-70.10679, -9.50986, -34.151016>
 Matrix:
(0.9831, -0.0802, 0.1648, 0.0000)
(-0.0761, -0.9966, -0.0308, 0.0000)
(0.1668, 0.0178, -0.9858, 0.0000)
(-70.1068, -9.5099, -34.1510, 1.0000)
 LocalRest:
(0.9272, -0.3744, -0.0116, 0.0000)
(0.3745, 0.9260, 0.0489, 0.0000)
(-0.0075, -0.0497, 0.9987, 0.0000)
(14.6359, -5.9091, -0.1836, 1.0000)
Rest Pose Bone 8 (lowerarm_l):
 Translation: <-39.930656, -6.581443, -35.307297>
 Matrix:
(0.9946, 0.0965, -0.0381, 0.0000)
(0.1003, -0.9883, 0.1152, 0.0000)
(-0.0265, -0.1184, -0.9926, 0.0000)
(-39.9307, -6.5814, -35.3073, 1.0000)
 LocalRest:
(0.9637, -0.1707, 0.2051, 0.0000)
(0.1968, 0.9737, -0.1144, 0.0000)
(-0.1802, 0.1506, 0.9720, 0.0000)
(29.2394, -5.1796, 6.2241, 1.0000)
Rest Pose Bone 9 (hand_l):
 Translation: <-13.115594, -3.6492717, -35.188854>
 Matrix:
(0.9941, 0.1087, 0.0044, 0.0000)
(0.0090, -0.1224, 0.9924, 0.0000)
(0.1084, -0.9865, -0.1226, 0.0000)
(-13.1156, -3.6493, -35.1889, 1.0000)
 LocalRest:
(0.9990, -0.0072, -0.0436, 0.0000)
(-0.0407, 0.2362, -0.9709, 0.0000)
(0.0173, 0.9717, 0.2357, 0.0000)
(26.9488, -0.1940, -1.1766, 1.0000)
Bind Pose Bone 0 (Armature):
 Translation: <-0, 0, 0>
 Matrix:
(-1.0000, 0.0000, 0.0000, 0.0000)
(0.0000, -1.0000, 0.0000, 0.0000)
(0.0000, 0.0000, 1.0000, -0.0000)
(-0.0000, 0.0000, 0.0000, 1.0000)
 BindPose:
(-1.0000, 0.0000, 0.0000, -0.0000)
(0.0000, -1.0000, 0.0000, -0.0000)
(0.0000, 0.0000, 1.0000, 0.0000)
(0.0000, 0.0000, 0.0000, 1.0000)
Bind Pose Bone 1 (root):
 Translation: <-0, 0, 0>
 Matrix:
(-1.0000, 0.0000, 0.0000, 0.0000)
(0.0000, -1.0000, 0.0000, 0.0000)
(0.0000, 0.0000, 1.0000, -0.0000)
(-0.0000, 0.0000, 0.0000, 1.0000)
 BindPose:
(-1.0000, 0.0000, 0.0000, -0.0000)
(0.0000, -1.0000, 0.0000, -0.0000)
(0.0000, 0.0000, 1.0000, 0.0000)
(0.0000, 0.0000, 0.0000, 1.0000)
Bind Pose Bone 2 (pelvis):
 Translation: <-2.3539506E-13, -1.0561523, 96.7506>
 Matrix:
(0.0000, -0.0036, -1.0000, 0.0000)
(0.0000, -1.0000, 0.0036, 0.0000)
(-1.0000, -0.0000, -0.0000, 0.0000)
(-0.0000, -1.0562, 96.7506, 1.0000)
 BindPose:
(0.0000, -0.0036, -1.0000, 96.7461)
(0.0000, -1.0000, 0.0036, -1.4078)
(-1.0000, -0.0000, -0.0000, 0.0000)
(0.0000, 0.0000, 0.0000, 1.0000)
Bind Pose Bone 3 (spine_01):
 Translation: <1.2863763E-06, -0.1654528, 107.556305>
 Matrix:
(0.0000, -0.1281, -0.9918, 0.0000)
(0.0000, -0.9918, 0.1281, 0.0000)
(-1.0000, -0.0000, -0.0000, 0.0000)
(0.0000, -0.1655, 107.5563, 1.0000)
 BindPose:
(0.0000, -0.1281, -0.9918, 106.6484)
(0.0000, -0.9918, 0.1281, -13.9464)
(-1.0000, -0.0000, -0.0000, 0.0000)
(0.0000, 0.0000, 0.0000, 1.0000)
Bind Pose Bone 4 (spine_02):
 Translation: <3.5123019E-06, -1.5165882, 126.76313>
 Matrix:
(0.0000, 0.1167, -0.9932, 0.0000)
(-0.0000, -0.9932, -0.1167, 0.0000)
(-1.0000, 0.0000, -0.0000, 0.0000)
(0.0000, -1.5166, 126.7631, 1.0000)
 BindPose:
(0.0000, 0.1167, -0.9932, 126.0740)
(-0.0000, -0.9932, -0.1167, 13.2864)
(-1.0000, 0.0000, -0.0000, 0.0000)
(0.0000, 0.0000, 0.0000, 1.0000)
Bind Pose Bone 5 (spine_03):
 Translation: <5.0907915E-06, -3.4987493, 140.02975>
 Matrix:
(0.0000, 0.1647, -0.9863, 0.0000)
(-0.0000, -0.9863, -0.1647, 0.0000)
(-1.0000, 0.0000, -0.0000, 0.0000)
(0.0000, -3.4987, 140.0298, 1.0000)
 BindPose:
(0.0000, 0.1647, -0.9863, 138.6934)
(-0.0000, -0.9863, -0.1647, 19.6144)
(-1.0000, 0.0000, -0.0000, 0.0000)
(0.0000, 0.0000, 0.0000, 1.0000)
Bind Pose Bone 6 (clavicle_l):
 Translation: <3.7819886, -2.7614279, 152.20114>
 Matrix:
(-0.8817, 0.4403, 0.1692, 0.0000)
(-0.4468, -0.8946, 0.0000, 0.0000)
(0.1514, -0.0756, 0.9856, -0.0000)
(3.7820, -2.7614, 152.2011, 1.0000)
 BindPose:
(-0.8817, 0.4403, 0.1692, -21.2046)
(-0.4468, -0.8946, 0.0000, -0.7808)
(0.1514, -0.0756, 0.9856, -150.7875)
(0.0000, 0.0000, 0.0000, 1.0000)
Bind Pose Bone 7 (upperarm_l):
 Translation: <17.700214, -9.711991, 149.53008>
 Matrix:
(-0.6448, 0.0725, 0.7609, 0.0000)
(-0.0680, -0.9970, 0.0373, 0.0000)
(0.7613, -0.0277, 0.6478, -0.0000)
(17.7002, -9.7120, 149.5301, 1.0000)
 BindPose:
(-0.6448, 0.0725, 0.7609, -101.6556)
(-0.0680, -0.9970, 0.0373, -14.0569)
(0.7613, -0.0277, 0.6478, -110.6137)
(0.0000, 0.0000, 0.0000, 1.0000)
Bind Pose Bone 8 (lowerarm_l):
 Translation: <37.264618, -11.911198, 126.445244>
 Matrix:
(-0.7185, -0.4291, 0.5474, 0.0000)
(0.2262, -0.8884, -0.3995, 0.0000)
(0.6577, -0.1632, 0.7354, -0.0000)
(37.2646, -11.9112, 126.4452, 1.0000)
 BindPose:
(-0.7185, -0.4291, 0.5474, -47.5504)
(0.2262, -0.8884, -0.3995, 31.5069)
(0.6577, -0.1632, 0.7354, -119.4370)
(0.0000, 0.0000, 0.0000, 1.0000)
Bind Pose Bone 9 (hand_l):
 Translation: <56.646008, -0.33547997, 111.67963>
 Matrix:
(-0.6875, -0.4422, 0.5760, 0.0000)
(-0.6144, -0.0688, -0.7860, 0.0000)
(0.3872, -0.8943, -0.2244, 0.0000)
(56.6460, -0.3355, 111.6796, 1.0000)
 BindPose:
(-0.6875, -0.4422, 0.5760, -25.5378)
(-0.6144, -0.0688, -0.7860, 122.5605)
(0.3872, -0.8943, -0.2244, 2.8237)
(0.0000, 0.0000, 0.0000, 1.0000)
Mesh First Vertex Position: <7.131, -16.713701, 94.785805>
Skinned First Vertex Position (Rest Pose): <1.1072779, -22.185757, 69.4243>
Model AutoCorrected: True
Axis Mapping: 0,2,1 Signs: 1,1,1